question_id,source_dataset,source_id,cluster_id,cluster_size,split,in_pilot_200,in_phase2a_cohort
medmcqa::0009b2fd-7e72-4ed0-b486-92ccb24e43f3,medmcqa,0009b2fd-7e72-4ed0-b486-92ccb24e43f3,cluster_0000,1,val,False,False
medmcqa::006fea5f-8d1c-489b-9ea6-1028a64484ab,medmcqa,006fea5f-8d1c-489b-9ea6-1028a64484ab,cluster_0001,1,train,False,False
medmcqa::007d53f1-6364-4482-b62e-5b51134a222c,medmcqa,007d53f1-6364-4482-b62e-5b51134a222c,cluster_0002,1,train,False,False
medmcqa::00b68a41-476c-4506-9961-35e03dd44243,medmcqa,00b68a41-476c-4506-9961-35e03dd44243,cluster_0003,1,val,False,False
medmcqa::00eb7f90-ec76-4b2a-89e8-9f716b070bfa,medmcqa,00eb7f90-ec76-4b2a-89e8-9f716b070bfa,cluster_0004,1,train,False,False
medmcqa::0113aaf1-61d3-4d61-a9c7-b5b46e51e7e8,medmcqa,0113aaf1-61d3-4d61-a9c7-b5b46e51e7e8,cluster_0005,1,train,False,False
medmcqa::01de6945-cd63-4096-9fda-e70148ee977d,medmcqa,01de6945-cd63-4096-9fda-e70148ee977d,cluster_0006,1,final_test,False,False
medmcqa::025ee5f8-15fa-4b65-9e0a-755ae8e2d304,medmcqa,025ee5f8-15fa-4b65-9e0a-755ae8e2d304,cluster_0007,1,train,False,False
medmcqa::03072fac-4647-4c94-816b-41a3e44a72a1,medmcqa,03072fac-4647-4c94-816b-41a3e44a72a1,cluster_0008,1,train,False,False
medmcqa::031499f6-c4ae-423c-8cef-b0b992ed9bf0,medmcqa,031499f6-c4ae-423c-8cef-b0b992ed9bf0,cluster_0009,1,train,False,False
medmcqa::03486244-ec95-4253-81cf-8035e53ac651,medmcqa,03486244-ec95-4253-81cf-8035e53ac651,cluster_0010,1,train,False,False
medmcqa::03c11d83-2266-4c72-89f9-fa2615c10ae2,medmcqa,03c11d83-2266-4c72-89f9-fa2615c10ae2,cluster_0011,1,diagnostic,True,False
medmcqa::03ecd4a2-40fa-4d0d-af2e-f6c7abbf98eb,medmcqa,03ecd4a2-40fa-4d0d-af2e-f6c7abbf98eb,cluster_0012,1,val,False,False
medmcqa::0489f20c-a0ce-4251-9eec-e8d5e691a49e,medmcqa,0489f20c-a0ce-4251-9eec-e8d5e691a49e,cluster_0013,1,train,False,False
medmcqa::04d3c89a-f5aa-4cb2-8b65-870d81f04d56,medmcqa,04d3c89a-f5aa-4cb2-8b65-870d81f04d56,cluster_0014,1,train,False,False
medmcqa::04e13397-4705-42d1-acbf-06e59fd3c4ee,medmcqa,04e13397-4705-42d1-acbf-06e59fd3c4ee,cluster_0015,1,train,False,False
medmcqa::0538f9f4-4dfd-45b8-af71-b9378965104b,medmcqa,0538f9f4-4dfd-45b8-af71-b9378965104b,cluster_0016,1,train,False,False
medmcqa::05ae5b1d-15cd-4035-99a7-d6cae3e4909e,medmcqa,05ae5b1d-15cd-4035-99a7-d6cae3e4909e,cluster_0017,1,train,False,False
medmcqa::05c55694-331d-4f11-a9b4-a5efbc32de79,medmcqa,05c55694-331d-4f11-a9b4-a5efbc32de79,cluster_0018,1,train,False,False
medmcqa::05f7f85c-a5f7-438b-a8b4-afd025228b21,medmcqa,05f7f85c-a5f7-438b-a8b4-afd025228b21,cluster_0019,1,train,False,False
medmcqa::065b4850-1738-4a30-9c3f-1fb89d9c0123,medmcqa,065b4850-1738-4a30-9c3f-1fb89d9c0123,cluster_0020,1,val,False,False
medmcqa::067ce5ef-1dae-4f0a-8a61-bcd7750dd379,medmcqa,067ce5ef-1dae-4f0a-8a61-bcd7750dd379,cluster_0021,1,train,False,False
medmcqa::07ae43c4-3dc2-4ac3-b14e-43c8df876506,medmcqa,07ae43c4-3dc2-4ac3-b14e-43c8df876506,cluster_0022,1,train,False,False
medmcqa::07c14e46-ad2b-4fde-8652-bd47b36e69ab,medmcqa,07c14e46-ad2b-4fde-8652-bd47b36e69ab,cluster_0023,1,train,False,False
medmcqa::080ecd84-88cb-49eb-a9f5-03569b7fa1f0,medmcqa,080ecd84-88cb-49eb-a9f5-03569b7fa1f0,cluster_0024,1,train,False,False
medmcqa::081f057e-a610-4985-89dd-309cf04cbe5c,medmcqa,081f057e-a610-4985-89dd-309cf04cbe5c,cluster_0025,1,train,False,False
medmcqa::08650ad1-3a19-41f4-a1d6-8e44e6413aca,medmcqa,08650ad1-3a19-41f4-a1d6-8e44e6413aca,cluster_0026,1,final_test,False,False
medmcqa::08b59e2f-a96d-4e2a-b21b-b5292982e74a,medmcqa,08b59e2f-a96d-4e2a-b21b-b5292982e74a,cluster_0027,1,train,False,False
medmcqa::08bb32fa-e20c-4854-8b0f-6f661d7321ed,medmcqa,08bb32fa-e20c-4854-8b0f-6f661d7321ed,cluster_0028,1,final_test,False,False
medmcqa::08f757d6-1296-48c4-8307-d4e61d2979b9,medmcqa,08f757d6-1296-48c4-8307-d4e61d2979b9,cluster_0029,1,train,False,False
medmcqa::0925dd1a-ccd7-4cc2-acf9-2f679313314c,medmcqa,0925dd1a-ccd7-4cc2-acf9-2f679313314c,cluster_0030,1,train,False,False
medmcqa::094dab31-8d6f-48ad-8516-3c2d9b77ca17,medmcqa,094dab31-8d6f-48ad-8516-3c2d9b77ca17,cluster_0031,1,final_test,False,False
medmcqa::09971098-f9bf-4cc3-969f-e77e18595c96,medmcqa,09971098-f9bf-4cc3-969f-e77e18595c96,cluster_0032,1,train,False,False
medmcqa::09fb16da-a86a-48f7-8e1b-c1b81a6c358d,medmcqa,09fb16da-a86a-48f7-8e1b-c1b81a6c358d,cluster_0033,1,final_test,False,False
medmcqa::0a08a713-9a1e-49db-99ed-d0050c717e02,medmcqa,0a08a713-9a1e-49db-99ed-d0050c717e02,cluster_0034,1,train,False,False
medmcqa::0a905295-9f26-4b46-827f-1bbe23678338,medmcqa,0a905295-9f26-4b46-827f-1bbe23678338,cluster_0035,1,train,False,False
medmcqa::0ab83c33-04bd-468e-804e-50dce1bdfa19,medmcqa,0ab83c33-04bd-468e-804e-50dce1bdfa19,cluster_0036,1,train,False,False
medmcqa::0adb3713-fdcf-4c09-96c3-a0d2423f9684,medmcqa,0adb3713-fdcf-4c09-96c3-a0d2423f9684,cluster_0037,1,train,False,False
medmcqa::0ae79405-095f-47c3-8fa6-e61495e66324,medmcqa,0ae79405-095f-47c3-8fa6-e61495e66324,cluster_0038,1,train,False,False
medmcqa::0b81f878-0e23-4c6b-9fcd-697e8ea660c3,medmcqa,0b81f878-0e23-4c6b-9fcd-697e8ea660c3,cluster_0039,1,train,False,False
medmcqa::0be1a1ff-99b1-4ebf-a544-fed28e70f77a,medmcqa,0be1a1ff-99b1-4ebf-a544-fed28e70f77a,cluster_0040,1,train,False,False
medmcqa::0c9337fa-55ba-4441-8da7-99d451749ccf,medmcqa,0c9337fa-55ba-4441-8da7-99d451749ccf,cluster_0041,1,train,False,False
medmcqa::0d4f60ed-dd1c-4e67-9f18-91f79a392d09,medmcqa,0d4f60ed-dd1c-4e67-9f18-91f79a392d09,cluster_0042,1,train,False,False
medmcqa::0d679abd-78de-4477-a322-c8ef6dca8ec2,medmcqa,0d679abd-78de-4477-a322-c8ef6dca8ec2,cluster_0043,1,train,False,False
medmcqa::0dc0ca33-9495-4e3e-a692-eda92b5202da,medmcqa,0dc0ca33-9495-4e3e-a692-eda92b5202da,cluster_0044,1,train,False,False
medmcqa::0f037b6e-1a78-40b6-9eed-fbd59fe36618,medmcqa,0f037b6e-1a78-40b6-9eed-fbd59fe36618,cluster_0045,1,final_test,False,False
medmcqa::0f86c441-70a5-466d-b59f-1512fe88cbfd,medmcqa,0f86c441-70a5-466d-b59f-1512fe88cbfd,cluster_0046,1,train,False,False
medmcqa::0f94b2da-37f6-41e8-af47-767fb4c0163b,medmcqa,0f94b2da-37f6-41e8-af47-767fb4c0163b,cluster_0047,1,final_test,False,False
medmcqa::0fc0b4ce-9bfd-48a2-920d-88c67e2c4e9c,medmcqa,0fc0b4ce-9bfd-48a2-920d-88c67e2c4e9c,cluster_0048,1,diagnostic,True,True
medmcqa::10050537-157e-47df-8995-ca68cd67467e,medmcqa,10050537-157e-47df-8995-ca68cd67467e,cluster_0049,1,train,False,False
medmcqa::10105277-cd6c-4309-82b7-3f1866a336e0,medmcqa,10105277-cd6c-4309-82b7-3f1866a336e0,cluster_0050,1,val,False,False
medmcqa::104140eb-9ea9-4d91-8fa2-82aebb82e8ae,medmcqa,104140eb-9ea9-4d91-8fa2-82aebb82e8ae,cluster_0051,1,train,False,False
medmcqa::106a12e2-f1ac-47ae-b05d-d76c1da1ca4a,medmcqa,106a12e2-f1ac-47ae-b05d-d76c1da1ca4a,cluster_0052,1,train,False,False
medmcqa::1074d0b1-ca5c-4ace-b60d-2c06ceec9a25,medmcqa,1074d0b1-ca5c-4ace-b60d-2c06ceec9a25,cluster_0053,1,train,False,False
medmcqa::108d98b3-bf9a-4d0b-92f0-3736950e4c20,medmcqa,108d98b3-bf9a-4d0b-92f0-3736950e4c20,cluster_0054,1,train,False,False
medmcqa::109040fb-d75a-40a0-a2de-e77b0e7a64fe,medmcqa,109040fb-d75a-40a0-a2de-e77b0e7a64fe,cluster_0055,1,train,False,False
medmcqa::10b14133-7f8a-43dd-ab66-b0cfd0c784c2,medmcqa,10b14133-7f8a-43dd-ab66-b0cfd0c784c2,cluster_0056,1,train,False,False
medmcqa::112a964e-4163-4b9f-a26a-f482e0f9d827,medmcqa,112a964e-4163-4b9f-a26a-f482e0f9d827,cluster_0057,1,train,False,False
medmcqa::114fa1dd-9f36-4b84-9f6a-68303bc63931,medmcqa,114fa1dd-9f36-4b84-9f6a-68303bc63931,cluster_0058,1,train,False,False
medmcqa::1163160d-9432-4143-98af-ef59704fc876,medmcqa,1163160d-9432-4143-98af-ef59704fc876,cluster_0059,1,final_test,False,False
medmcqa::11dce32c-3739-443e-a77c-224198dc55a1,medmcqa,11dce32c-3739-443e-a77c-224198dc55a1,cluster_0060,1,train,False,False
medmcqa::11efa366-1d2d-48a8-a247-a362a0447140,medmcqa,11efa366-1d2d-48a8-a247-a362a0447140,cluster_0061,1,val,False,False
medmcqa::12342b20-b7a0-4f14-91ed-c764fc51ed7b,medmcqa,12342b20-b7a0-4f14-91ed-c764fc51ed7b,cluster_0062,1,train,False,False
medmcqa::1249ef54-9d9b-42ee-a5c6-839ef6597dd9,medmcqa,1249ef54-9d9b-42ee-a5c6-839ef6597dd9,cluster_0063,1,train,False,False
medmcqa::127f11db-dde3-4ebf-9748-9c2e56708e84,medmcqa,127f11db-dde3-4ebf-9748-9c2e56708e84,cluster_0064,1,train,False,False
medmcqa::12cb2ea3-b10c-44e2-8cab-46afcd3ac0c9,medmcqa,12cb2ea3-b10c-44e2-8cab-46afcd3ac0c9,cluster_0065,1,diagnostic,True,False
medmcqa::13088525-20c1-4b21-8fba-f48097969211,medmcqa,13088525-20c1-4b21-8fba-f48097969211,cluster_0066,1,train,False,False
medmcqa::132fec12-271f-4778-93af-042d6ec32a22,medmcqa,132fec12-271f-4778-93af-042d6ec32a22,cluster_0067,1,diagnostic,True,False
medmcqa::1348a664-1ccc-422f-a083-91d77cb24b92,medmcqa,1348a664-1ccc-422f-a083-91d77cb24b92,cluster_0068,1,train,False,False
medmcqa::1359605e-c8e4-4847-b8b6-eb1500b5356f,medmcqa,1359605e-c8e4-4847-b8b6-eb1500b5356f,cluster_0069,1,val,False,False
medmcqa::137a6893-800d-4ef6-a9b9-8e55a19b5476,medmcqa,137a6893-800d-4ef6-a9b9-8e55a19b5476,cluster_0070,1,train,False,False
medmcqa::13843218-9b0f-452b-868b-b8d3b317730a,medmcqa,13843218-9b0f-452b-868b-b8d3b317730a,cluster_0071,1,final_test,False,False
medmcqa::13f3fee3-7298-41b1-9d44-a7d68b22db11,medmcqa,13f3fee3-7298-41b1-9d44-a7d68b22db11,cluster_0072,1,train,False,False
medmcqa::1406e461-b277-4d57-9ff7-9ec3d60b97fe,medmcqa,1406e461-b277-4d57-9ff7-9ec3d60b97fe,cluster_0073,1,train,False,False
medmcqa::157101aa-f928-4f25-8b8a-51e712b3e7ff,medmcqa,157101aa-f928-4f25-8b8a-51e712b3e7ff,cluster_0074,1,val,False,False
medmcqa::158075d9-ce50-4a2c-b201-74b3fea5a513,medmcqa,158075d9-ce50-4a2c-b201-74b3fea5a513,cluster_0075,1,final_test,False,False
medmcqa::15811471-d00e-471c-adf9-2edc497bb4ce,medmcqa,15811471-d00e-471c-adf9-2edc497bb4ce,cluster_0076,1,train,False,False
medmcqa::15a4cb03-3ccf-4f24-87cb-d26357c501fc,medmcqa,15a4cb03-3ccf-4f24-87cb-d26357c501fc,cluster_0077,1,final_test,False,False
medmcqa::1609ebf3-8709-4e7f-abac-53de9b01a173,medmcqa,1609ebf3-8709-4e7f-abac-53de9b01a173,cluster_0078,1,train,False,False
medmcqa::16176470-5cc0-4b2a-b9c0-45c3d39dc69b,medmcqa,16176470-5cc0-4b2a-b9c0-45c3d39dc69b,cluster_0079,1,train,False,False
medmcqa::16376460-3aee-4d18-8e7e-73660436d0ec,medmcqa,16376460-3aee-4d18-8e7e-73660436d0ec,cluster_0080,1,train,False,False
medmcqa::165f7116-4e35-42cd-b870-5e66df7d0583,medmcqa,165f7116-4e35-42cd-b870-5e66df7d0583,cluster_0081,1,train,False,False
medmcqa::167c89ae-1898-497f-87c4-805a65c7a9bd,medmcqa,167c89ae-1898-497f-87c4-805a65c7a9bd,cluster_0082,1,train,False,False
medmcqa::1730e3d6-7a73-4485-bc27-65e8ad61c9bb,medmcqa,1730e3d6-7a73-4485-bc27-65e8ad61c9bb,cluster_0083,1,train,False,False
medmcqa::17360c6c-2c98-4fe2-aa85-487dcf4678df,medmcqa,17360c6c-2c98-4fe2-aa85-487dcf4678df,cluster_0084,1,final_test,False,False
medmcqa::174760f1-1b8a-4643-b017-813b7d123ff2,medmcqa,174760f1-1b8a-4643-b017-813b7d123ff2,cluster_0085,1,final_test,False,False
medmcqa::175da91c-e2bf-466d-9a4f-cd8a1b4003d2,medmcqa,175da91c-e2bf-466d-9a4f-cd8a1b4003d2,cluster_0086,1,train,False,False
medmcqa::178bda2c-c1fc-47dd-8d73-ef6e7ddf0d22,medmcqa,178bda2c-c1fc-47dd-8d73-ef6e7ddf0d22,cluster_0087,1,train,False,False
medmcqa::17b84a1e-02fc-4250-a93a-194093782811,medmcqa,17b84a1e-02fc-4250-a93a-194093782811,cluster_0088,1,train,False,False
medmcqa::17d0239b-33ee-44d0-9891-81a283b13b55,medmcqa,17d0239b-33ee-44d0-9891-81a283b13b55,cluster_0089,1,train,False,False
medmcqa::18a9bc7e-60fc-43e9-a7b0-7549ec785817,medmcqa,18a9bc7e-60fc-43e9-a7b0-7549ec785817,cluster_0090,1,train,False,False
medmcqa::18ae1a3a-3779-424c-845e-41b7e946ab81,medmcqa,18ae1a3a-3779-424c-845e-41b7e946ab81,cluster_0091,1,val,False,False
medmcqa::18b70783-b5fa-484e-94f3-3084823c57fa,medmcqa,18b70783-b5fa-484e-94f3-3084823c57fa,cluster_0092,1,train,False,False
medmcqa::18c1a5f9-d998-414e-bb9c-991191c10710,medmcqa,18c1a5f9-d998-414e-bb9c-991191c10710,cluster_0093,1,diagnostic,True,False
medmcqa::18d1c316-555c-4528-a9c4-e8ce1a613179,medmcqa,18d1c316-555c-4528-a9c4-e8ce1a613179,cluster_0094,1,final_test,False,False
medmcqa::1919416e-aa4f-4c7f-a845-46186f02f44f,medmcqa,1919416e-aa4f-4c7f-a845-46186f02f44f,cluster_0095,1,train,False,False
medmcqa::19567e6c-e0f7-4201-816d-23b58786f586,medmcqa,19567e6c-e0f7-4201-816d-23b58786f586,cluster_0096,1,train,False,False
medmcqa::19c5be03-cef6-472d-b075-e9a38c53e5f4,medmcqa,19c5be03-cef6-472d-b075-e9a38c53e5f4,cluster_0097,1,train,False,False
medmcqa::19feb385-8320-4c7e-a010-3fd35c47efe4,medmcqa,19feb385-8320-4c7e-a010-3fd35c47efe4,cluster_0098,1,val,False,False
medmcqa::1a29fc79-3d2d-40a4-82ca-0f2860d9958a,medmcqa,1a29fc79-3d2d-40a4-82ca-0f2860d9958a,cluster_0099,1,final_test,False,False
medmcqa::1a4b278a-1f53-4306-ba5e-7b5e303120be,medmcqa,1a4b278a-1f53-4306-ba5e-7b5e303120be,cluster_0100,1,final_test,False,False
medmcqa::1b18ac4d-8101-48f1-bcc9-b53391c550ab,medmcqa,1b18ac4d-8101-48f1-bcc9-b53391c550ab,cluster_0101,1,train,False,False
medmcqa::1bb2cc45-79b6-45f8-add8-e6832e5090f0,medmcqa,1bb2cc45-79b6-45f8-add8-e6832e5090f0,cluster_0102,1,train,False,False
medmcqa::1c6cc29a-27a8-4d86-bd43-ac0c03533088,medmcqa,1c6cc29a-27a8-4d86-bd43-ac0c03533088,cluster_0103,1,train,False,False
medmcqa::1cabf1e4-1586-4f15-98d8-001bdccbd3c2,medmcqa,1cabf1e4-1586-4f15-98d8-001bdccbd3c2,cluster_0104,1,final_test,False,False
medmcqa::1d405e6b-5cd9-4ff7-ba6d-f7f748ad6050,medmcqa,1d405e6b-5cd9-4ff7-ba6d-f7f748ad6050,cluster_0105,1,train,False,False
medmcqa::1d9fbbc4-e25e-4dc3-bbd5-d0eefd02bd2b,medmcqa,1d9fbbc4-e25e-4dc3-bbd5-d0eefd02bd2b,cluster_0106,1,train,False,False
medmcqa::1eb8a767-3ee2-42d9-88d7-3a47b44078cb,medmcqa,1eb8a767-3ee2-42d9-88d7-3a47b44078cb,cluster_0107,1,train,False,False
medmcqa::1ecb45bf-b32c-445a-bc64-919965d3ad90,medmcqa,1ecb45bf-b32c-445a-bc64-919965d3ad90,cluster_0108,1,final_test,False,False
medmcqa::1f154298-9b29-4661-a4da-3b88bc5acc64,medmcqa,1f154298-9b29-4661-a4da-3b88bc5acc64,cluster_0109,1,final_test,False,False
medmcqa::1f253e11-f50e-40f8-a36a-16101d47d319,medmcqa,1f253e11-f50e-40f8-a36a-16101d47d319,cluster_0110,1,train,False,False
medmcqa::1f5885bd-7146-46de-87b8-f32ae199ce7c,medmcqa,1f5885bd-7146-46de-87b8-f32ae199ce7c,cluster_0111,1,train,False,False
medmcqa::1f8a97a5-64cf-4635-a50a-e84ac5a0d7f1,medmcqa,1f8a97a5-64cf-4635-a50a-e84ac5a0d7f1,cluster_0112,1,diagnostic,True,True
medmcqa::1f9b0ca2-f75c-4189-884c-ac150dafc155,medmcqa,1f9b0ca2-f75c-4189-884c-ac150dafc155,cluster_0113,1,train,False,False
medmcqa::1fbd609b-f47b-451c-abbd-a33c4e0e96a6,medmcqa,1fbd609b-f47b-451c-abbd-a33c4e0e96a6,cluster_0114,1,val,False,False
medmcqa::1ffbf5bf-f16b-4263-b979-73eccca481db,medmcqa,1ffbf5bf-f16b-4263-b979-73eccca481db,cluster_0115,1,train,False,False
medmcqa::205ff8a9-b2b7-4193-9408-5e980857fff8,medmcqa,205ff8a9-b2b7-4193-9408-5e980857fff8,cluster_0116,1,train,False,False
medmcqa::20929b62-1d50-4e64-9370-8d4966ccb2ae,medmcqa,20929b62-1d50-4e64-9370-8d4966ccb2ae,cluster_0117,1,diagnostic,True,True
medmcqa::20c4de15-f187-4a56-941f-0aa7bc2702ba,medmcqa,20c4de15-f187-4a56-941f-0aa7bc2702ba,cluster_0118,1,train,False,False
medmcqa::21428c77-d386-4507-bb71-20c05b5f32b6,medmcqa,21428c77-d386-4507-bb71-20c05b5f32b6,cluster_0119,1,val,False,False
medmcqa::2188b78d-3d75-48d8-b072-5fa0ba00ea1b,medmcqa,2188b78d-3d75-48d8-b072-5fa0ba00ea1b,cluster_0120,1,train,False,False
medmcqa::21d61ebe-1fce-4629-b499-37b681908cc0,medmcqa,21d61ebe-1fce-4629-b499-37b681908cc0,cluster_0121,1,final_test,False,False
medmcqa::21f2316e-83b3-4c4b-bc86-fec4f0a0e64b,medmcqa,21f2316e-83b3-4c4b-bc86-fec4f0a0e64b,cluster_0122,1,train,False,False
medmcqa::2206080a-db6e-484e-a1da-7776cfbfb907,medmcqa,2206080a-db6e-484e-a1da-7776cfbfb907,cluster_0123,1,train,False,False
medmcqa::22384629-7dc2-4890-a69e-42dc71fbccfe,medmcqa,22384629-7dc2-4890-a69e-42dc71fbccfe,cluster_0124,1,val,False,False
medmcqa::22627526-3f16-48c0-8dd7-e522a82da86f,medmcqa,22627526-3f16-48c0-8dd7-e522a82da86f,cluster_0125,1,train,False,False
medmcqa::22e57519-9267-43a7-888e-70bc373bc109,medmcqa,22e57519-9267-43a7-888e-70bc373bc109,cluster_0126,1,train,False,False
medmcqa::23022df5-e07c-40f9-9f79-b3adff072f5e,medmcqa,23022df5-e07c-40f9-9f79-b3adff072f5e,cluster_0127,1,train,False,False
medmcqa::233443b2-7059-4f82-a321-2b4e1f61733a,medmcqa,233443b2-7059-4f82-a321-2b4e1f61733a,cluster_0128,1,train,False,False
medmcqa::23584eb9-34a0-4962-bb04-1abc7ac34f3f,medmcqa,23584eb9-34a0-4962-bb04-1abc7ac34f3f,cluster_0129,1,train,False,False
medmcqa::23d04e70-f243-4c16-a7c4-827051a5b62b,medmcqa,23d04e70-f243-4c16-a7c4-827051a5b62b,cluster_0130,1,train,False,False
medmcqa::24116727-d6db-412a-8568-8f9818ecf2b6,medmcqa,24116727-d6db-412a-8568-8f9818ecf2b6,cluster_0131,1,train,False,False
medmcqa::2483d032-9b0b-405a-8ce2-2a077faf2960,medmcqa,2483d032-9b0b-405a-8ce2-2a077faf2960,cluster_0132,1,train,False,False
medmcqa::24ba87cd-83d3-4768-b6fa-c246bde2b821,medmcqa,24ba87cd-83d3-4768-b6fa-c246bde2b821,cluster_0133,1,train,False,False
medmcqa::24ee7b54-bd3e-4152-9a09-3fe73f3cfcfe,medmcqa,24ee7b54-bd3e-4152-9a09-3fe73f3cfcfe,cluster_0134,1,final_test,False,False
medmcqa::25631d44-63b1-495a-88df-4f4a58858d7b,medmcqa,25631d44-63b1-495a-88df-4f4a58858d7b,cluster_0135,1,val,False,False
medmcqa::257b6434-4c38-4b6a-8207-23c436906b0c,medmcqa,257b6434-4c38-4b6a-8207-23c436906b0c,cluster_0136,1,train,False,False
medmcqa::257dad94-ab08-4ffc-9ddf-ac3ee3ef4c32,medmcqa,257dad94-ab08-4ffc-9ddf-ac3ee3ef4c32,cluster_0137,1,train,False,False
medmcqa::266fb227-cdc2-42a9-817a-e42fa767e5cd,medmcqa,266fb227-cdc2-42a9-817a-e42fa767e5cd,cluster_0138,1,val,False,False
medmcqa::26a82f11-4261-4975-bee9-ae8d4e74cdb7,medmcqa,26a82f11-4261-4975-bee9-ae8d4e74cdb7,cluster_0139,1,train,False,False
medmcqa::26d80f62-bb99-43ee-8972-aa4dab9a8264,medmcqa,26d80f62-bb99-43ee-8972-aa4dab9a8264,cluster_0140,1,train,False,False
medmcqa::26f30f24-dcd8-453d-8553-9ee82ad496e1,medmcqa,26f30f24-dcd8-453d-8553-9ee82ad496e1,cluster_0141,1,diagnostic,True,True
medmcqa::2719953f-15c7-4003-83ed-0baf2654d35a,medmcqa,2719953f-15c7-4003-83ed-0baf2654d35a,cluster_0142,1,diagnostic,True,True
medmcqa::280724b1-2ca3-416f-beb6-3e06c2511b1f,medmcqa,280724b1-2ca3-416f-beb6-3e06c2511b1f,cluster_0143,1,train,False,False
medmcqa::285a31c4-9b01-416d-956d-82fa46d60bbb,medmcqa,285a31c4-9b01-416d-956d-82fa46d60bbb,cluster_0144,1,train,False,False
medmcqa::28709e53-cbb8-48d9-aa3e-44aaa7037257,medmcqa,28709e53-cbb8-48d9-aa3e-44aaa7037257,cluster_0145,1,train,False,False
medmcqa::2880abd7-1ec6-4456-823e-e5d00159dfec,medmcqa,2880abd7-1ec6-4456-823e-e5d00159dfec,cluster_0146,1,diagnostic,True,False
medmcqa::28b161b6-372b-497e-828b-1321193679c7,medmcqa,28b161b6-372b-497e-828b-1321193679c7,cluster_0147,1,train,False,False
medmcqa::28d48ebe-ccb5-40f2-9e0c-60aed8ea2d2f,medmcqa,28d48ebe-ccb5-40f2-9e0c-60aed8ea2d2f,cluster_0148,1,train,False,False
medmcqa::28e47981-c859-48ad-a4b9-14a13c5b3a34,medmcqa,28e47981-c859-48ad-a4b9-14a13c5b3a34,cluster_0149,1,train,False,False
medmcqa::28fb749e-f104-48ad-8387-c2dac5b62ec3,medmcqa,28fb749e-f104-48ad-8387-c2dac5b62ec3,cluster_0150,1,train,False,False
medmcqa::294f261f-83db-483c-ab08-7ada6462f72b,medmcqa,294f261f-83db-483c-ab08-7ada6462f72b,cluster_0151,1,val,False,False
medmcqa::298fc434-3b3e-48bf-bd3b-cd93efb45fdb,medmcqa,298fc434-3b3e-48bf-bd3b-cd93efb45fdb,cluster_0152,1,final_test,False,False
medmcqa::29d2e3e3-3b3c-4b84-af19-e8e98c5e104e,medmcqa,29d2e3e3-3b3c-4b84-af19-e8e98c5e104e,cluster_0153,1,train,False,False
medmcqa::2a929649-49cb-4135-8c10-89549a52555c,medmcqa,2a929649-49cb-4135-8c10-89549a52555c,cluster_0154,1,train,False,False
medmcqa::2a994738-a611-44f3-abcc-729abd519c1b,medmcqa,2a994738-a611-44f3-abcc-729abd519c1b,cluster_0155,1,train,False,False
medmcqa::2aacf8d1-b36e-49be-8333-af91aa2a49c9,medmcqa,2aacf8d1-b36e-49be-8333-af91aa2a49c9,cluster_0156,1,diagnostic,True,False
medmcqa::2b1e65d8-098f-4bf9-9511-aa5f87b0af89,medmcqa,2b1e65d8-098f-4bf9-9511-aa5f87b0af89,cluster_0157,1,final_test,False,False
medmcqa::2be4ec28-ff65-4ba0-9a8f-346a819c99f1,medmcqa,2be4ec28-ff65-4ba0-9a8f-346a819c99f1,cluster_0158,1,train,False,False
medmcqa::2c4e0c71-ef7f-4f02-a2d3-a7a8860fe37e,medmcqa,2c4e0c71-ef7f-4f02-a2d3-a7a8860fe37e,cluster_0159,1,train,False,False
medmcqa::2c790894-885a-4b7c-985f-21ec73fee035,medmcqa,2c790894-885a-4b7c-985f-21ec73fee035,cluster_0160,1,train,False,False
medmcqa::2cacbd66-ae8e-45cc-85b8-6242487724b6,medmcqa,2cacbd66-ae8e-45cc-85b8-6242487724b6,cluster_0161,1,train,False,False
medmcqa::2cde59aa-666b-4fa6-802b-74ecdd525bfb,medmcqa,2cde59aa-666b-4fa6-802b-74ecdd525bfb,cluster_0162,1,train,False,False
medmcqa::2d1e9927-b2bc-469b-a26f-49ff06d91fda,medmcqa,2d1e9927-b2bc-469b-a26f-49ff06d91fda,cluster_0163,1,diagnostic,True,False
medmcqa::2dbbf01a-5a68-40c9-a24f-fd4af9d314e8,medmcqa,2dbbf01a-5a68-40c9-a24f-fd4af9d314e8,cluster_0164,1,train,False,False
medmcqa::2dc17e8f-306a-433c-995c-9903dcaf4ccc,medmcqa,2dc17e8f-306a-433c-995c-9903dcaf4ccc,cluster_0165,1,train,False,False
medmcqa::2dc96b3f-39a1-4d38-8177-c3710ed7e586,medmcqa,2dc96b3f-39a1-4d38-8177-c3710ed7e586,cluster_0166,1,train,False,False
medmcqa::2e78ce60-b4af-41c4-b2bd-595a6e728c1d,medmcqa,2e78ce60-b4af-41c4-b2bd-595a6e728c1d,cluster_0167,1,train,False,False
medmcqa::2e79e459-d4f0-4293-8e05-eb282fa25772,medmcqa,2e79e459-d4f0-4293-8e05-eb282fa25772,cluster_0168,1,val,False,False
medmcqa::2f6be3a1-0736-4ec3-9e42-aa9732e401d6,medmcqa,2f6be3a1-0736-4ec3-9e42-aa9732e401d6,cluster_0169,1,train,False,False
medmcqa::2f6ec08d-d0b9-4e81-afa4-4a40493dc24f,medmcqa,2f6ec08d-d0b9-4e81-afa4-4a40493dc24f,cluster_0170,1,train,False,False
medmcqa::2fd85795-3aca-4bd2-b367-256d33655e91,medmcqa,2fd85795-3aca-4bd2-b367-256d33655e91,cluster_0171,1,final_test,False,False
medmcqa::300e4af8-f5d4-451a-888c-5eb772b57cd5,medmcqa,300e4af8-f5d4-451a-888c-5eb772b57cd5,cluster_0172,1,train,False,False
medmcqa::301e1ac7-ab03-41f2-9648-92ab9a34983f,medmcqa,301e1ac7-ab03-41f2-9648-92ab9a34983f,cluster_0173,1,val,False,False
medmcqa::30578a76-eb00-4830-b9fe-2dabdd64ed8e,medmcqa,30578a76-eb00-4830-b9fe-2dabdd64ed8e,cluster_0174,1,train,False,False
medmcqa::308573c6-93c7-47db-908e-14be06dc49e2,medmcqa,308573c6-93c7-47db-908e-14be06dc49e2,cluster_0175,1,final_test,False,False
medmcqa::308610da-6a5d-46d6-8e39-9d56159a3be0,medmcqa,308610da-6a5d-46d6-8e39-9d56159a3be0,cluster_0176,1,train,False,False
medmcqa::3093a760-fb59-4adb-acf4-736f5aed7e02,medmcqa,3093a760-fb59-4adb-acf4-736f5aed7e02,cluster_0177,1,val,False,False
medmcqa::309b2357-11a3-4193-ac6c-4ead19255369,medmcqa,309b2357-11a3-4193-ac6c-4ead19255369,cluster_0178,1,final_test,False,False
medmcqa::3101996f-b393-4e05-9cb4-542df72f1b5c,medmcqa,3101996f-b393-4e05-9cb4-542df72f1b5c,cluster_0179,1,final_test,False,False
medmcqa::315212cd-d605-4f61-8d4e-535ef7847059,medmcqa,315212cd-d605-4f61-8d4e-535ef7847059,cluster_0180,1,train,False,False
medmcqa::32336cbc-cd64-4a31-b863-7cfa4d53d654,medmcqa,32336cbc-cd64-4a31-b863-7cfa4d53d654,cluster_0181,1,val,False,False
medmcqa::32a94b3a-7d3c-4586-bbc0-e70f4d07e31a,medmcqa,32a94b3a-7d3c-4586-bbc0-e70f4d07e31a,cluster_0182,1,train,False,False
medmcqa::335e8fc5-5039-4876-a07e-42364a9c8cfb,medmcqa,335e8fc5-5039-4876-a07e-42364a9c8cfb,cluster_0183,1,train,False,False
medmcqa::3419bb2a-2a24-4ddc-b217-ee00b981afeb,medmcqa,3419bb2a-2a24-4ddc-b217-ee00b981afeb,cluster_0184,1,train,False,False
medmcqa::34c40855-d9e8-48a6-aedd-c214e19de1fd,medmcqa,34c40855-d9e8-48a6-aedd-c214e19de1fd,cluster_0185,1,train,False,False
medmcqa::34d20a1d-da67-4205-b8c7-981dc313289f,medmcqa,34d20a1d-da67-4205-b8c7-981dc313289f,cluster_0186,1,train,False,False
medmcqa::35624499-7ec5-46f1-8cc2-befa686829c4,medmcqa,35624499-7ec5-46f1-8cc2-befa686829c4,cluster_0187,1,final_test,False,False
medmcqa::357b068e-85e8-47c7-80e8-af83875a6986,medmcqa,357b068e-85e8-47c7-80e8-af83875a6986,cluster_0188,1,train,False,False
medmcqa::357eebd0-e51d-46c8-8cc4-0fff4a79387b,medmcqa,357eebd0-e51d-46c8-8cc4-0fff4a79387b,cluster_0189,1,train,False,False
medmcqa::358f187f-d762-4355-b654-67996e08ed96,medmcqa,358f187f-d762-4355-b654-67996e08ed96,cluster_0190,1,train,False,False
medmcqa::35b7ba5c-3e71-46c8-9df4-ed3b2a17f3b9,medmcqa,35b7ba5c-3e71-46c8-9df4-ed3b2a17f3b9,cluster_0191,1,train,False,False
medmcqa::360f90ec-189e-464a-a60d-ed9d9bda46ef,medmcqa,360f90ec-189e-464a-a60d-ed9d9bda46ef,cluster_0192,1,train,False,False
medmcqa::361849c8-ca2f-4200-89c4-8642afe7a273,medmcqa,361849c8-ca2f-4200-89c4-8642afe7a273,cluster_0193,1,train,False,False
medmcqa::3624dceb-9318-4aa7-add1-b4c2fbac3065,medmcqa,3624dceb-9318-4aa7-add1-b4c2fbac3065,cluster_0194,1,val,False,False
medmcqa::3624f5cd-a2a5-4f5f-9b7e-ee57ea1b3c4a,medmcqa,3624f5cd-a2a5-4f5f-9b7e-ee57ea1b3c4a,cluster_0195,1,train,False,False
medmcqa::362bf8a9-de7e-48dd-aecf-3ecd13b280b8,medmcqa,362bf8a9-de7e-48dd-aecf-3ecd13b280b8,cluster_0196,1,train,False,False
medmcqa::363aca43-6b66-4640-9cfe-93057f5c50f1,medmcqa,363aca43-6b66-4640-9cfe-93057f5c50f1,cluster_0197,1,train,False,False
medmcqa::36926004-cb1c-46b4-a6b2-f12c13dd8ab3,medmcqa,36926004-cb1c-46b4-a6b2-f12c13dd8ab3,cluster_0198,1,train,False,False
medmcqa::36d24064-1c75-4653-b660-a5fe2379c9b7,medmcqa,36d24064-1c75-4653-b660-a5fe2379c9b7,cluster_0199,1,train,False,False
medmcqa::3717f6b4-9504-4284-be95-e2f899c94187,medmcqa,3717f6b4-9504-4284-be95-e2f899c94187,cluster_0200,1,train,False,False
medmcqa::37439d71-3558-4ceb-85af-8332c259afe1,medmcqa,37439d71-3558-4ceb-85af-8332c259afe1,cluster_0201,1,train,False,False
medmcqa::37c2d828-130c-4ebd-ae35-03c852064141,medmcqa,37c2d828-130c-4ebd-ae35-03c852064141,cluster_0202,1,train,False,False
medmcqa::37d6e02a-0f4d-44a5-bbe0-f8040e1522fa,medmcqa,37d6e02a-0f4d-44a5-bbe0-f8040e1522fa,cluster_0203,1,train,False,False
medmcqa::381d9484-1737-4831-8a98-34664b1c5ab2,medmcqa,381d9484-1737-4831-8a98-34664b1c5ab2,cluster_0204,1,train,False,False
medmcqa::383be13b-3dbe-4db9-b1da-419c97fbfe83,medmcqa,383be13b-3dbe-4db9-b1da-419c97fbfe83,cluster_0205,1,train,False,False
medmcqa::384a9281-2ee1-480b-a7d8-fd3ef49558e5,medmcqa,384a9281-2ee1-480b-a7d8-fd3ef49558e5,cluster_0206,1,train,False,False
medmcqa::38810794-2735-4239-b36f-d9a509a2997f,medmcqa,38810794-2735-4239-b36f-d9a509a2997f,cluster_0207,1,train,False,False
medmcqa::3893484e-f4d8-4d90-b435-93af8a7bc469,medmcqa,3893484e-f4d8-4d90-b435-93af8a7bc469,cluster_0208,1,final_test,False,False
medmcqa::38c0c9e6-009c-4ef1-a3ae-2e3aacd715e7,medmcqa,38c0c9e6-009c-4ef1-a3ae-2e3aacd715e7,cluster_0209,1,train,False,False
medmcqa::38ced20b-e4ee-4ea8-ae1a-c311cb177f24,medmcqa,38ced20b-e4ee-4ea8-ae1a-c311cb177f24,cluster_0210,1,train,False,False
medmcqa::38d19909-c427-44de-9fff-8b43342040ea,medmcqa,38d19909-c427-44de-9fff-8b43342040ea,cluster_0211,1,train,False,False
medmcqa::38eb248f-7849-45e2-ac3c-6cb74c930f3e,medmcqa,38eb248f-7849-45e2-ac3c-6cb74c930f3e,cluster_0212,1,train,False,False
medmcqa::38ff5229-6527-4b54-8fb5-58356c6511bc,medmcqa,38ff5229-6527-4b54-8fb5-58356c6511bc,cluster_0213,1,train,False,False
medmcqa::395cde29-36a5-4b1c-9f8f-29b3789df66a,medmcqa,395cde29-36a5-4b1c-9f8f-29b3789df66a,cluster_0214,1,train,False,False
medmcqa::3a0f1fe5-a2b8-49a5-b032-13e2e508e682,medmcqa,3a0f1fe5-a2b8-49a5-b032-13e2e508e682,cluster_0215,1,final_test,False,False
medmcqa::3a1eb56a-436a-449b-8920-d7bb2d5e10e4,medmcqa,3a1eb56a-436a-449b-8920-d7bb2d5e10e4,cluster_0216,1,diagnostic,True,False
medmcqa::3a3e9d0e-cf13-4d9c-971f-f9d5cb902994,medmcqa,3a3e9d0e-cf13-4d9c-971f-f9d5cb902994,cluster_0217,1,diagnostic,True,False
medmcqa::3af1713d-d5c5-485b-964e-cfaec20ccfba,medmcqa,3af1713d-d5c5-485b-964e-cfaec20ccfba,cluster_0218,1,train,False,False
medmcqa::3b150083-1a5e-49ef-bc36-41a06b677b32,medmcqa,3b150083-1a5e-49ef-bc36-41a06b677b32,cluster_0219,1,val,False,False
medmcqa::3b184f01-db13-4379-ab0b-7709853e0326,medmcqa,3b184f01-db13-4379-ab0b-7709853e0326,cluster_0220,1,train,False,False
medmcqa::3b261ffc-4ab3-4e68-a7b8-8e3881edfa55,medmcqa,3b261ffc-4ab3-4e68-a7b8-8e3881edfa55,cluster_0221,1,train,False,False
medmcqa::3b2ef8ce-ddbe-4e5f-845f-f0085dc98bf7,medmcqa,3b2ef8ce-ddbe-4e5f-845f-f0085dc98bf7,cluster_0222,1,train,False,False
medmcqa::3c4ad2aa-1bff-4d56-9cea-358bfcf0eec7,medmcqa,3c4ad2aa-1bff-4d56-9cea-358bfcf0eec7,cluster_0223,1,train,False,False
medmcqa::3c6acd9a-5776-40dc-a952-678746215562,medmcqa,3c6acd9a-5776-40dc-a952-678746215562,cluster_0224,1,diagnostic,True,True
medmcqa::3cbfd65a-92f2-4c67-919d-847dccb7e6d8,medmcqa,3cbfd65a-92f2-4c67-919d-847dccb7e6d8,cluster_0225,1,train,False,False
medmcqa::3df42ac7-0771-4a64-b29f-5bbe7674218c,medmcqa,3df42ac7-0771-4a64-b29f-5bbe7674218c,cluster_0226,1,train,False,False
medmcqa::3e05b090-8799-4bda-b2eb-2d6470601177,medmcqa,3e05b090-8799-4bda-b2eb-2d6470601177,cluster_0227,1,train,False,False
medmcqa::3e2e85ff-abd6-4b35-bab8-b5fe0b78bdd9,medmcqa,3e2e85ff-abd6-4b35-bab8-b5fe0b78bdd9,cluster_0228,1,train,False,False
medmcqa::3e4d2174-1e88-4652-9aed-78e71215ffe8,medmcqa,3e4d2174-1e88-4652-9aed-78e71215ffe8,cluster_0229,1,final_test,False,False
medmcqa::3e5e641e-80c1-42e1-9d7d-e659bde99dbe,medmcqa,3e5e641e-80c1-42e1-9d7d-e659bde99dbe,cluster_0230,1,train,False,False
medmcqa::3e92f1af-86fd-4c31-9a0d-4e75e4e5b90f,medmcqa,3e92f1af-86fd-4c31-9a0d-4e75e4e5b90f,cluster_0231,1,final_test,False,False
medmcqa::3ef21987-3285-429c-a8be-5f67efefaaf8,medmcqa,3ef21987-3285-429c-a8be-5f67efefaaf8,cluster_0232,1,final_test,False,False
medmcqa::3f1c84b8-4b70-4567-9d61-a49714ffb200,medmcqa,3f1c84b8-4b70-4567-9d61-a49714ffb200,cluster_0233,1,train,False,False
medmcqa::3f3eba1b-e5c8-4213-9fa1-c73b569b116d,medmcqa,3f3eba1b-e5c8-4213-9fa1-c73b569b116d,cluster_0234,1,train,False,False
medmcqa::3f95d1b3-f038-4875-993a-4e9afde8bd62,medmcqa,3f95d1b3-f038-4875-993a-4e9afde8bd62,cluster_0235,1,final_test,False,False
medmcqa::3fa2a07a-96d8-4272-bc31-1e91555907e9,medmcqa,3fa2a07a-96d8-4272-bc31-1e91555907e9,cluster_0236,1,train,False,False
medmcqa::3fab0d64-1ad4-466a-8a87-c37fee1d1229,medmcqa,3fab0d64-1ad4-466a-8a87-c37fee1d1229,cluster_0237,1,train,False,False
medmcqa::3fb75e9e-82c7-424f-b7ff-60e5ddaa24b5,medmcqa,3fb75e9e-82c7-424f-b7ff-60e5ddaa24b5,cluster_0238,1,final_test,False,False
medmcqa::3fce14e2-4c78-4633-9345-b7f73336dea7,medmcqa,3fce14e2-4c78-4633-9345-b7f73336dea7,cluster_0239,1,final_test,False,False
medmcqa::3fd17b81-42d6-41dc-915f-d4b612074dc5,medmcqa,3fd17b81-42d6-41dc-915f-d4b612074dc5,cluster_0240,1,final_test,False,False
medmcqa::3ff2f4ae-4e85-475c-9456-223c81930e98,medmcqa,3ff2f4ae-4e85-475c-9456-223c81930e98,cluster_0241,1,train,False,False
medmcqa::3ff65139-5240-4593-bd44-2919090b2291,medmcqa,3ff65139-5240-4593-bd44-2919090b2291,cluster_0242,1,train,False,False
medmcqa::3ffd5c17-afde-4101-a4a4-8ed3dfc98918,medmcqa,3ffd5c17-afde-4101-a4a4-8ed3dfc98918,cluster_0243,1,final_test,False,False
medmcqa::406b5b4f-9ad4-42c0-9669-12d038df4ac8,medmcqa,406b5b4f-9ad4-42c0-9669-12d038df4ac8,cluster_0244,1,train,False,False
medmcqa::407d4eec-cf0b-460c-bcdb-cf0081ec8c5d,medmcqa,407d4eec-cf0b-460c-bcdb-cf0081ec8c5d,cluster_0245,1,train,False,False
medmcqa::40a2d8d2-a4f8-439f-ab5f-e67dea706031,medmcqa,40a2d8d2-a4f8-439f-ab5f-e67dea706031,cluster_0246,1,train,False,False
medmcqa::40e0568c-ca1b-4f22-8610-fb17eab30ede,medmcqa,40e0568c-ca1b-4f22-8610-fb17eab30ede,cluster_0247,1,train,False,False
medmcqa::40fa7aa0-6036-426b-b694-5ff4a82b6dc7,medmcqa,40fa7aa0-6036-426b-b694-5ff4a82b6dc7,cluster_0248,1,final_test,False,False
medmcqa::4127528f-2cc3-44bc-b07e-446577f5018c,medmcqa,4127528f-2cc3-44bc-b07e-446577f5018c,cluster_0249,1,final_test,False,False
medmcqa::41de4a10-ea29-4f5d-817c-570c5e537bc9,medmcqa,41de4a10-ea29-4f5d-817c-570c5e537bc9,cluster_0250,1,train,False,False
medmcqa::425b33ea-99cf-4c20-830d-bcab7bed527c,medmcqa,425b33ea-99cf-4c20-830d-bcab7bed527c,cluster_0251,1,train,False,False
medmcqa::4282ea27-91a4-4cd7-9781-2958d3986552,medmcqa,4282ea27-91a4-4cd7-9781-2958d3986552,cluster_0252,1,diagnostic,True,True
medmcqa::431cd080-eae1-4b26-a7d5-42475e01fcd3,medmcqa,431cd080-eae1-4b26-a7d5-42475e01fcd3,cluster_0253,1,train,False,False
medmcqa::433889ad-6b7a-4b52-b45d-2e2379f81d5e,medmcqa,433889ad-6b7a-4b52-b45d-2e2379f81d5e,cluster_0254,1,final_test,False,False
medmcqa::43665f50-c4e4-4798-a3b7-cfe41901c3e8,medmcqa,43665f50-c4e4-4798-a3b7-cfe41901c3e8,cluster_0255,1,train,False,False
medmcqa::43b91e2e-4010-45d7-9e9e-be49ac4ed250,medmcqa,43b91e2e-4010-45d7-9e9e-be49ac4ed250,cluster_0256,1,train,False,False
medmcqa::43bdf667-7532-42d6-b875-c2c06f6b9d3a,medmcqa,43bdf667-7532-42d6-b875-c2c06f6b9d3a,cluster_0257,1,diagnostic,True,False
medmcqa::4414e290-9d6a-410d-9506-72555add17d7,medmcqa,4414e290-9d6a-410d-9506-72555add17d7,cluster_0258,1,train,False,False
medmcqa::4422e6ec-c7c4-432f-808c-246ce51de206,medmcqa,4422e6ec-c7c4-432f-808c-246ce51de206,cluster_0259,1,train,False,False
medmcqa::443af13e-78ee-4ce6-8638-353eabbdaccc,medmcqa,443af13e-78ee-4ce6-8638-353eabbdaccc,cluster_0260,1,train,False,False
medmcqa::44796bcd-ae11-44de-94da-6bcb502fcad6,medmcqa,44796bcd-ae11-44de-94da-6bcb502fcad6,cluster_0261,1,train,False,False
medmcqa::4484094e-92fb-4dd2-861b-582497333e86,medmcqa,4484094e-92fb-4dd2-861b-582497333e86,cluster_0262,1,val,False,False
medmcqa::44f185f0-7a8e-406c-a33a-b2d7d54e7a25,medmcqa,44f185f0-7a8e-406c-a33a-b2d7d54e7a25,cluster_0263,1,val,False,False
medmcqa::453cceb9-0d23-47f8-95d8-0b0f3d7217c0,medmcqa,453cceb9-0d23-47f8-95d8-0b0f3d7217c0,cluster_0264,1,train,False,False
medmcqa::455e1f05-93a4-4ada-ad62-c77d05c6c946,medmcqa,455e1f05-93a4-4ada-ad62-c77d05c6c946,cluster_0265,1,train,False,False
medmcqa::45ca5332-990d-47c7-8542-670dfc53479e,medmcqa,45ca5332-990d-47c7-8542-670dfc53479e,cluster_0266,1,train,False,False
medmcqa::45ea4d89-40f7-42af-8f94-b4dc1e9a5466,medmcqa,45ea4d89-40f7-42af-8f94-b4dc1e9a5466,cluster_0267,1,final_test,False,False
medmcqa::464d6db1-cbf6-44c5-89b0-1599071e3a72,medmcqa,464d6db1-cbf6-44c5-89b0-1599071e3a72,cluster_0268,1,train,False,False
medmcqa::46669fd0-e19c-4e9c-bdc4-836d0d9771f4,medmcqa,46669fd0-e19c-4e9c-bdc4-836d0d9771f4,cluster_0269,1,diagnostic,True,True
medmcqa::46ad47af-1a99-4c9a-a81b-58316ce06439,medmcqa,46ad47af-1a99-4c9a-a81b-58316ce06439,cluster_0270,1,val,False,False
medmcqa::46b87f53-f447-40b1-a0c0-85334ad9d9e7,medmcqa,46b87f53-f447-40b1-a0c0-85334ad9d9e7,cluster_0271,1,diagnostic,True,False
medmcqa::46e4c25f-f518-43a9-bad7-481cb1a16416,medmcqa,46e4c25f-f518-43a9-bad7-481cb1a16416,cluster_0272,1,train,False,False
medmcqa::470d2dcb-0af2-4dae-8598-208eff783a95,medmcqa,470d2dcb-0af2-4dae-8598-208eff783a95,cluster_0273,1,diagnostic,True,False
medmcqa::470f224d-77cb-41dc-81e2-52f4cdce2acd,medmcqa,470f224d-77cb-41dc-81e2-52f4cdce2acd,cluster_0274,1,train,False,False
medmcqa::4710c6bb-67b6-47ab-85e1-7cac22bd35cf,medmcqa,4710c6bb-67b6-47ab-85e1-7cac22bd35cf,cluster_0275,1,train,False,False
medmcqa::4725b4cb-9085-4059-864f-a5800d15d52b,medmcqa,4725b4cb-9085-4059-864f-a5800d15d52b,cluster_0276,1,train,False,False
medmcqa::475b9dc7-c23d-4e3f-a3c7-5dc5893a34b1,medmcqa,475b9dc7-c23d-4e3f-a3c7-5dc5893a34b1,cluster_0277,1,val,False,False
medmcqa::477dea37-f0b6-4a6d-b77a-766ded28f2b6,medmcqa,477dea37-f0b6-4a6d-b77a-766ded28f2b6,cluster_0278,1,train,False,False
medmcqa::484de2a0-f89b-4e79-88c3-11cb2da4fcde,medmcqa,484de2a0-f89b-4e79-88c3-11cb2da4fcde,cluster_0279,1,train,False,False
medmcqa::4873ac63-79fe-4fdb-a63b-1c4064b80d15,medmcqa,4873ac63-79fe-4fdb-a63b-1c4064b80d15,cluster_0280,1,train,False,False
medmcqa::48b657a1-b046-40e2-b0bf-a2ece3cbcb8e,medmcqa,48b657a1-b046-40e2-b0bf-a2ece3cbcb8e,cluster_0281,1,train,False,False
medmcqa::491ed54a-1b54-45f6-a2cb-613580c57297,medmcqa,491ed54a-1b54-45f6-a2cb-613580c57297,cluster_0282,1,train,False,False
medmcqa::4932022f-bc9d-4d90-a610-f6c87cd0008d,medmcqa,4932022f-bc9d-4d90-a610-f6c87cd0008d,cluster_0283,1,train,False,False
medmcqa::4a1231e6-deb4-4c50-9dcd-d71fcd9021a2,medmcqa,4a1231e6-deb4-4c50-9dcd-d71fcd9021a2,cluster_0284,1,train,False,False
medmcqa::4a406504-84b2-4e13-8bd3-c149c1c0e0eb,medmcqa,4a406504-84b2-4e13-8bd3-c149c1c0e0eb,cluster_0285,1,train,False,False
medmcqa::4abe89b3-2fab-4615-8ba3-be109a8927fb,medmcqa,4abe89b3-2fab-4615-8ba3-be109a8927fb,cluster_0286,1,train,False,False
medmcqa::4c193618-d7aa-41b5-a04c-0ff57cabbb3a,medmcqa,4c193618-d7aa-41b5-a04c-0ff57cabbb3a,cluster_0287,1,train,False,False
medmcqa::4c8ba505-85f6-426b-9f60-bea158011d06,medmcqa,4c8ba505-85f6-426b-9f60-bea158011d06,cluster_0288,1,train,False,False
medmcqa::4ccccd54-b0bd-42ad-ad20-0885e2df15a8,medmcqa,4ccccd54-b0bd-42ad-ad20-0885e2df15a8,cluster_0289,1,val,False,False
medmcqa::4d0ad58c-0f6a-4711-ad6a-9481186ce5f4,medmcqa,4d0ad58c-0f6a-4711-ad6a-9481186ce5f4,cluster_0290,1,final_test,False,False
medmcqa::4d1e7661-fffc-42d0-8bed-1e4ecc040fe8,medmcqa,4d1e7661-fffc-42d0-8bed-1e4ecc040fe8,cluster_0291,1,final_test,False,False
medmcqa::4d93aaa2-b44e-4c76-9332-7110cc1cfa63,medmcqa,4d93aaa2-b44e-4c76-9332-7110cc1cfa63,cluster_0292,1,train,False,False
medmcqa::4d992bbe-1bd9-417f-b08b-4a1c22095439,medmcqa,4d992bbe-1bd9-417f-b08b-4a1c22095439,cluster_0293,1,final_test,False,False
medmcqa::4dc6bf4b-33ac-4ea0-ba43-8167ed508747,medmcqa,4dc6bf4b-33ac-4ea0-ba43-8167ed508747,cluster_0294,1,final_test,False,False
medmcqa::4e29b7d3-c58d-41ef-863f-70fddda43bc5,medmcqa,4e29b7d3-c58d-41ef-863f-70fddda43bc5,cluster_0295,1,train,False,False
medmcqa::4e9993a8-951b-44b2-b451-0d1bbb3f3060,medmcqa,4e9993a8-951b-44b2-b451-0d1bbb3f3060,cluster_0296,1,final_test,False,False
medmcqa::4ec7c6a9-4bb5-4c6e-adae-691e30948d47,medmcqa,4ec7c6a9-4bb5-4c6e-adae-691e30948d47,cluster_0297,1,train,False,False
medmcqa::4ed16846-22f2-40b6-a993-f07081e970f1,medmcqa,4ed16846-22f2-40b6-a993-f07081e970f1,cluster_0298,1,train,False,False
medmcqa::4eeb0fe3-c514-4b93-85eb-6c4010460ec6,medmcqa,4eeb0fe3-c514-4b93-85eb-6c4010460ec6,cluster_0299,1,train,False,False
medmcqa::4eef4a6b-af8e-4472-9caa-95c1f1a415c8,medmcqa,4eef4a6b-af8e-4472-9caa-95c1f1a415c8,cluster_0300,1,train,False,False
medmcqa::4f0750e5-1479-453d-85f2-5b532aa130a9,medmcqa,4f0750e5-1479-453d-85f2-5b532aa130a9,cluster_0301,1,final_test,False,False
medmcqa::4f22926c-1054-4056-8530-dd84d32600f9,medmcqa,4f22926c-1054-4056-8530-dd84d32600f9,cluster_0302,1,train,False,False
medmcqa::4f393b71-3955-4db3-a376-99af5015b825,medmcqa,4f393b71-3955-4db3-a376-99af5015b825,cluster_0303,1,train,False,False
medmcqa::4fbd9ccb-2efb-4e4a-bcea-2db337a825ff,medmcqa,4fbd9ccb-2efb-4e4a-bcea-2db337a825ff,cluster_0304,1,final_test,False,False
medmcqa::4ffc9c91-2230-44f7-826f-91b8d683ab20,medmcqa,4ffc9c91-2230-44f7-826f-91b8d683ab20,cluster_0305,1,train,False,False
medmcqa::5051fb2c-dfee-47c4-86b2-39af036755ae,medmcqa,5051fb2c-dfee-47c4-86b2-39af036755ae,cluster_0306,1,train,False,False
medmcqa::50b9065e-2d97-44cb-a7e1-bd755a4fbb85,medmcqa,50b9065e-2d97-44cb-a7e1-bd755a4fbb85,cluster_0307,1,train,False,False
medmcqa::514ac65d-87cb-47b7-b8b0-ffc36253753f,medmcqa,514ac65d-87cb-47b7-b8b0-ffc36253753f,cluster_0308,1,train,False,False
medmcqa::51580a67-7a2f-44fb-92f3-b0017142c32c,medmcqa,51580a67-7a2f-44fb-92f3-b0017142c32c,cluster_0309,1,train,False,False
medmcqa::51973390-3173-4aa1-b318-974ac57a6f7b,medmcqa,51973390-3173-4aa1-b318-974ac57a6f7b,cluster_0310,1,train,False,False
medmcqa::51baa169-5c84-4d0e-94fb-d21279cea570,medmcqa,51baa169-5c84-4d0e-94fb-d21279cea570,cluster_0311,2,train,False,False
medmcqa::52e0bdf3-57a4-4dd6-ba5c-e9facb82e61f,medmcqa,52e0bdf3-57a4-4dd6-ba5c-e9facb82e61f,cluster_0312,1,train,False,False
medmcqa::53208a86-eac2-46ae-8ae3-703e1afda738,medmcqa,53208a86-eac2-46ae-8ae3-703e1afda738,cluster_0313,1,train,False,False
medmcqa::533dcf5e-9bf9-4c25-a1bd-64f13f6e916b,medmcqa,533dcf5e-9bf9-4c25-a1bd-64f13f6e916b,cluster_0314,1,train,False,False
medmcqa::5344a6b5-cfa1-47bf-8849-18ea7c196869,medmcqa,5344a6b5-cfa1-47bf-8849-18ea7c196869,cluster_0315,1,train,False,False
medmcqa::5344ef0f-612a-4a2e-a0d9-5314cf3418f3,medmcqa,5344ef0f-612a-4a2e-a0d9-5314cf3418f3,cluster_0316,1,final_test,False,False
medmcqa::539291d5-becc-4ccc-8862-9d9ff4fcc121,medmcqa,539291d5-becc-4ccc-8862-9d9ff4fcc121,cluster_0317,1,train,False,False
medmcqa::53c95690-d391-4bda-b3b6-57447e7d8b28,medmcqa,53c95690-d391-4bda-b3b6-57447e7d8b28,cluster_0318,1,train,False,False
medmcqa::543b341f-7350-4a9b-9bc6-63a1a2cee1e8,medmcqa,543b341f-7350-4a9b-9bc6-63a1a2cee1e8,cluster_0319,1,train,False,False
medmcqa::5444cae2-aeab-4a04-8501-e91fe8ce794a,medmcqa,5444cae2-aeab-4a04-8501-e91fe8ce794a,cluster_0320,1,final_test,False,False
medmcqa::5500b2d2-160b-49e6-ad2d-ba0416605b68,medmcqa,5500b2d2-160b-49e6-ad2d-ba0416605b68,cluster_0321,1,train,False,False
medmcqa::55028fba-fc8a-4c77-ad53-33e7cebc34e6,medmcqa,55028fba-fc8a-4c77-ad53-33e7cebc34e6,cluster_0322,1,diagnostic,True,False
medmcqa::559bd98c-cf2d-475b-bdda-9ce9bd283dac,medmcqa,559bd98c-cf2d-475b-bdda-9ce9bd283dac,cluster_0323,1,train,False,False
medmcqa::55cf89e3-a464-43f3-8790-669a47a1be85,medmcqa,55cf89e3-a464-43f3-8790-669a47a1be85,cluster_0324,1,train,False,False
medmcqa::55e6d4ea-c155-4ee4-a163-8c0e3e111db7,medmcqa,55e6d4ea-c155-4ee4-a163-8c0e3e111db7,cluster_0325,1,train,False,False
medmcqa::561aefb5-77c7-433e-8029-096d77ad3099,medmcqa,561aefb5-77c7-433e-8029-096d77ad3099,cluster_0326,1,val,False,False
medmcqa::565a5c13-1465-40b3-91bf-5d4a057c2fbd,medmcqa,565a5c13-1465-40b3-91bf-5d4a057c2fbd,cluster_0327,1,train,False,False
medmcqa::56a82596-5a2c-461b-b6a4-00019b3e4eaf,medmcqa,56a82596-5a2c-461b-b6a4-00019b3e4eaf,cluster_0328,1,train,False,False
medmcqa::56afd089-38a1-40c8-ad6c-fe369383198b,medmcqa,56afd089-38a1-40c8-ad6c-fe369383198b,cluster_0329,1,train,False,False
medmcqa::57660d4b-51d1-41b9-bdb7-05daa16b71b1,medmcqa,57660d4b-51d1-41b9-bdb7-05daa16b71b1,cluster_0330,1,train,False,False
medmcqa::584f3fe1-af31-4852-9a19-7e41a186d0d4,medmcqa,584f3fe1-af31-4852-9a19-7e41a186d0d4,cluster_0331,1,train,False,False
medmcqa::5878356e-0dc4-4d11-81fe-765d78c6b593,medmcqa,5878356e-0dc4-4d11-81fe-765d78c6b593,cluster_0332,1,train,False,False
medmcqa::587ef917-abf4-4b32-985c-e2020bd397cb,medmcqa,587ef917-abf4-4b32-985c-e2020bd397cb,cluster_0333,1,train,False,False
medmcqa::58d9be9a-04f6-4c5a-b454-65f2683e3669,medmcqa,58d9be9a-04f6-4c5a-b454-65f2683e3669,cluster_0334,1,train,False,False
medmcqa::5900458a-b839-47eb-a745-b93e35ba2d40,medmcqa,5900458a-b839-47eb-a745-b93e35ba2d40,cluster_0335,1,val,False,False
medmcqa::590217c3-2f56-4547-a6e3-e3d3409bc6e2,medmcqa,590217c3-2f56-4547-a6e3-e3d3409bc6e2,cluster_0336,1,train,False,False
medmcqa::5907e711-096f-4251-aea5-042f65debd5b,medmcqa,5907e711-096f-4251-aea5-042f65debd5b,cluster_0337,1,train,False,False
medmcqa::5917b59d-d9f8-4234-b0be-13f9c7325e9f,medmcqa,5917b59d-d9f8-4234-b0be-13f9c7325e9f,cluster_0338,1,train,False,False
medmcqa::592c91f5-5a59-44d3-b19b-08d036762a1b,medmcqa,592c91f5-5a59-44d3-b19b-08d036762a1b,cluster_0339,1,train,False,False
medmcqa::5945db96-21f3-4c7e-b4f5-d287d25aef89,medmcqa,5945db96-21f3-4c7e-b4f5-d287d25aef89,cluster_0340,1,val,False,False
medmcqa::5948bf46-bda9-45d2-8165-c12f8387e345,medmcqa,5948bf46-bda9-45d2-8165-c12f8387e345,cluster_0341,1,train,False,False
medmcqa::5951aa74-d30c-4c33-b1e6-dd5e5d103ca0,medmcqa,5951aa74-d30c-4c33-b1e6-dd5e5d103ca0,cluster_0342,1,train,False,False
medmcqa::5963ab9b-34a2-4d45-acc6-d7688d671080,medmcqa,5963ab9b-34a2-4d45-acc6-d7688d671080,cluster_0343,1,final_test,False,False
medmcqa::59ecbb71-66e3-4d3c-b963-b9ef607449e0,medmcqa,59ecbb71-66e3-4d3c-b963-b9ef607449e0,cluster_0344,1,final_test,False,False
medmcqa::5a236a74-118f-49b5-adde-21dba36a8bee,medmcqa,5a236a74-118f-49b5-adde-21dba36a8bee,cluster_0345,1,train,False,False
medmcqa::5a5dcbce-041f-45ee-8a1d-2ec6b23d5f82,medmcqa,5a5dcbce-041f-45ee-8a1d-2ec6b23d5f82,cluster_0346,1,train,False,False
medmcqa::5a97622c-8cad-4bbf-8f08-017bcb90249e,medmcqa,5a97622c-8cad-4bbf-8f08-017bcb90249e,cluster_0347,1,train,False,False
medmcqa::5aee6779-b362-43fd-acd1-10790f873db9,medmcqa,5aee6779-b362-43fd-acd1-10790f873db9,cluster_0348,1,train,False,False
medmcqa::5b21874b-3f6e-434f-8dda-efa6819c584d,medmcqa,5b21874b-3f6e-434f-8dda-efa6819c584d,cluster_0349,1,train,False,False
medmcqa::5bb71e79-6495-4b29-a2b4-8af6d9fb4d86,medmcqa,5bb71e79-6495-4b29-a2b4-8af6d9fb4d86,cluster_0350,1,train,False,False
medmcqa::5bcec4d3-777e-4593-b9a0-fa97999f8481,medmcqa,5bcec4d3-777e-4593-b9a0-fa97999f8481,cluster_0351,1,train,False,False
medmcqa::5c1480fc-941a-40a6-895b-537be91bcadb,medmcqa,5c1480fc-941a-40a6-895b-537be91bcadb,cluster_0352,1,val,False,False
medmcqa::5c55ed82-c9c5-4f5d-8d0e-9cd76cfbeb74,medmcqa,5c55ed82-c9c5-4f5d-8d0e-9cd76cfbeb74,cluster_0353,1,final_test,False,False
medmcqa::5c99553b-a9ad-4919-add4-93a6487f139c,medmcqa,5c99553b-a9ad-4919-add4-93a6487f139c,cluster_0354,2,train,False,False
medmcqa::5ccc26af-b2fb-4d7e-b117-e622359b75a2,medmcqa,5ccc26af-b2fb-4d7e-b117-e622359b75a2,cluster_0355,1,train,False,False
medmcqa::5ced0a34-d022-4dd1-9782-072aa8c548bb,medmcqa,5ced0a34-d022-4dd1-9782-072aa8c548bb,cluster_0356,1,train,False,False
medmcqa::5d66114f-40b7-4270-92d5-50be1cda6b61,medmcqa,5d66114f-40b7-4270-92d5-50be1cda6b61,cluster_0357,1,train,False,False
medmcqa::5dc8687a-758d-4f8f-88a1-231bad43b239,medmcqa,5dc8687a-758d-4f8f-88a1-231bad43b239,cluster_0358,1,train,False,False
medmcqa::5dd3fc6a-7e12-4899-a250-102f79d9a7fd,medmcqa,5dd3fc6a-7e12-4899-a250-102f79d9a7fd,cluster_0359,1,train,False,False
medmcqa::5dd40005-ebc1-4136-9b9b-70705d09e384,medmcqa,5dd40005-ebc1-4136-9b9b-70705d09e384,cluster_0360,1,train,False,False
medmcqa::5e4726f1-c317-47b0-9835-995800afd928,medmcqa,5e4726f1-c317-47b0-9835-995800afd928,cluster_0361,1,train,False,False
medmcqa::5f65e5aa-a984-49bd-aad6-0292fa0e07d8,medmcqa,5f65e5aa-a984-49bd-aad6-0292fa0e07d8,cluster_0362,1,train,False,False
medmcqa::60000767-457b-4528-8918-b4da0bc900e4,medmcqa,60000767-457b-4528-8918-b4da0bc900e4,cluster_0363,1,train,False,False
medmcqa::605c9835-95d4-4a5e-b400-09bf38e75e4c,medmcqa,605c9835-95d4-4a5e-b400-09bf38e75e4c,cluster_0364,1,train,False,False
medmcqa::609d43e1-ece7-4a9b-a194-0126a021d581,medmcqa,609d43e1-ece7-4a9b-a194-0126a021d581,cluster_0365,1,final_test,False,False
medmcqa::60e4c703-caf9-4e1c-a6d8-fcbaeae819d4,medmcqa,60e4c703-caf9-4e1c-a6d8-fcbaeae819d4,cluster_0366,1,train,False,False
medmcqa::60f690e1-518f-42c4-9ddb-acbf65c1731e,medmcqa,60f690e1-518f-42c4-9ddb-acbf65c1731e,cluster_0367,1,train,False,False
medmcqa::611828ae-4acf-4177-bc88-fd78e72a9a3e,medmcqa,611828ae-4acf-4177-bc88-fd78e72a9a3e,cluster_0368,1,train,False,False
medmcqa::615cc399-cebf-4f14-bf98-bf7f8177ee91,medmcqa,615cc399-cebf-4f14-bf98-bf7f8177ee91,cluster_0369,1,final_test,False,False
medmcqa::61908ad9-32f1-4cde-a77e-758ab0134bda,medmcqa,61908ad9-32f1-4cde-a77e-758ab0134bda,cluster_0370,1,diagnostic,True,False
medmcqa::61ac5df1-c2c1-48ba-9e04-b86120f10110,medmcqa,61ac5df1-c2c1-48ba-9e04-b86120f10110,cluster_0371,1,train,False,False
medmcqa::61d50780-6165-4945-ad76-ef08e193ec57,medmcqa,61d50780-6165-4945-ad76-ef08e193ec57,cluster_0372,1,train,False,False
medmcqa::62081a5c-5ffc-4a88-9aca-c9e430490e73,medmcqa,62081a5c-5ffc-4a88-9aca-c9e430490e73,cluster_0373,1,train,False,False
medmcqa::620affae-3d54-4be1-b18c-5b2c89d3332d,medmcqa,620affae-3d54-4be1-b18c-5b2c89d3332d,cluster_0374,1,final_test,False,False
medmcqa::624cf635-1421-416e-978a-996781f350c0,medmcqa,624cf635-1421-416e-978a-996781f350c0,cluster_0375,1,train,False,False
medmcqa::6343810a-6571-4662-b3a6-aa7e13a7c65b,medmcqa,6343810a-6571-4662-b3a6-aa7e13a7c65b,cluster_0376,1,train,False,False
medmcqa::6345cacc-9150-4410-8add-3153eaed701c,medmcqa,6345cacc-9150-4410-8add-3153eaed701c,cluster_0377,1,train,False,False
medmcqa::636066c7-e7a4-4078-8a41-44d3c46d9356,medmcqa,636066c7-e7a4-4078-8a41-44d3c46d9356,cluster_0378,1,train,False,False
medmcqa::6365d158-c101-446c-b8d6-978770aade5c,medmcqa,6365d158-c101-446c-b8d6-978770aade5c,cluster_0379,1,train,False,False
medmcqa::6370f514-0f67-4a88-835d-9d94a6ffa24d,medmcqa,6370f514-0f67-4a88-835d-9d94a6ffa24d,cluster_0380,1,train,False,False
medmcqa::6380bf46-988e-4ed8-8add-f57fa7bb61fc,medmcqa,6380bf46-988e-4ed8-8add-f57fa7bb61fc,cluster_0381,1,train,False,False
medmcqa::639123bc-8fe4-40b6-966d-a564fb9c9dd7,medmcqa,639123bc-8fe4-40b6-966d-a564fb9c9dd7,cluster_0382,1,train,False,False
medmcqa::641fe4d1-8fc4-4393-ada9-0f1fc1c25462,medmcqa,641fe4d1-8fc4-4393-ada9-0f1fc1c25462,cluster_0383,1,train,False,False
medmcqa::6434c78e-ee6b-4e07-afac-ab14fe5f1c4e,medmcqa,6434c78e-ee6b-4e07-afac-ab14fe5f1c4e,cluster_0384,1,train,False,False
medmcqa::643e9f4a-030c-45b2-867a-2393445afea3,medmcqa,643e9f4a-030c-45b2-867a-2393445afea3,cluster_0385,1,final_test,False,False
medmcqa::645de065-8ca4-48b5-b6c5-0b5894eca245,medmcqa,645de065-8ca4-48b5-b6c5-0b5894eca245,cluster_0386,1,train,False,False
medmcqa::654fde52-e652-4c4f-bea9-1280218d5895,medmcqa,654fde52-e652-4c4f-bea9-1280218d5895,cluster_0387,1,train,False,False
medmcqa::65819e7c-73c5-4f7e-bed7-9a8d74c207ac,medmcqa,65819e7c-73c5-4f7e-bed7-9a8d74c207ac,cluster_0388,1,train,False,False
medmcqa::66445905-f680-4952-8f35-71253c0c525d,medmcqa,66445905-f680-4952-8f35-71253c0c525d,cluster_0389,1,final_test,False,False
medmcqa::66a1d601-967b-47ee-af15-a78c983eb8c4,medmcqa,66a1d601-967b-47ee-af15-a78c983eb8c4,cluster_0390,1,diagnostic,True,False
medmcqa::66a92c79-4225-497b-a55b-349983929898,medmcqa,66a92c79-4225-497b-a55b-349983929898,cluster_0391,1,train,False,False
medmcqa::66af4905-caef-487f-8c22-6f6b94e002f2,medmcqa,66af4905-caef-487f-8c22-6f6b94e002f2,cluster_0392,1,train,False,False
medmcqa::674233e6-009a-41ce-b61d-c9a344dce090,medmcqa,674233e6-009a-41ce-b61d-c9a344dce090,cluster_0393,1,final_test,False,False
medmcqa::679dec48-39e2-45bc-b611-e2bd310c0e1b,medmcqa,679dec48-39e2-45bc-b611-e2bd310c0e1b,cluster_0394,1,diagnostic,True,False
medmcqa::6835b5b2-4fda-46a8-b046-5badd11a3560,medmcqa,6835b5b2-4fda-46a8-b046-5badd11a3560,cluster_0395,1,val,False,False
medmcqa::685afed9-5dfa-4383-9001-50148cf6cb99,medmcqa,685afed9-5dfa-4383-9001-50148cf6cb99,cluster_0396,1,train,False,False
medmcqa::685ea1d3-9a62-46d9-8cbd-1ebfe1d861df,medmcqa,685ea1d3-9a62-46d9-8cbd-1ebfe1d861df,cluster_0397,1,final_test,False,False
medmcqa::68959730-36e4-462f-9827-92a56492b645,medmcqa,68959730-36e4-462f-9827-92a56492b645,cluster_0398,1,train,False,False
medmcqa::6918034a-534e-462d-a6d2-68d66fe748cc,medmcqa,6918034a-534e-462d-a6d2-68d66fe748cc,cluster_0399,1,train,False,False
medmcqa::692ce83c-b247-4dea-9585-165f1fefa702,medmcqa,692ce83c-b247-4dea-9585-165f1fefa702,cluster_0400,1,train,False,False
medmcqa::6952d48e-42cc-46e5-81ff-6903102eaed3,medmcqa,6952d48e-42cc-46e5-81ff-6903102eaed3,cluster_0401,1,train,False,False
medmcqa::697158e5-3b79-4109-b172-66de3346e898,medmcqa,697158e5-3b79-4109-b172-66de3346e898,cluster_0402,1,train,False,False
medmcqa::698d05f7-bd3d-4df6-a17f-e78e207ff835,medmcqa,698d05f7-bd3d-4df6-a17f-e78e207ff835,cluster_0403,1,final_test,False,False
medmcqa::69c15b27-e061-413c-a011-854ea197f141,medmcqa,69c15b27-e061-413c-a011-854ea197f141,cluster_0404,1,train,False,False
medmcqa::6aa721d5-4f94-45a2-84f7-b63b99eec763,medmcqa,6aa721d5-4f94-45a2-84f7-b63b99eec763,cluster_0405,1,diagnostic,True,False
medmcqa::6aa90491-889d-4f74-802a-a1346c68b5aa,medmcqa,6aa90491-889d-4f74-802a-a1346c68b5aa,cluster_0406,1,train,False,False
medmcqa::6acbfeaf-7cbc-44d4-8d2c-e5555da695a2,medmcqa,6acbfeaf-7cbc-44d4-8d2c-e5555da695a2,cluster_0407,1,val,False,False
medmcqa::6ace03e9-b26c-455d-a158-71cbf9a0854b,medmcqa,6ace03e9-b26c-455d-a158-71cbf9a0854b,cluster_0408,1,diagnostic,True,False
medmcqa::6acf9133-6794-4817-b582-d94913c3533b,medmcqa,6acf9133-6794-4817-b582-d94913c3533b,cluster_0409,1,train,False,False
medmcqa::6b3d4b5e-8390-4a7c-b107-c819f75bd3ed,medmcqa,6b3d4b5e-8390-4a7c-b107-c819f75bd3ed,cluster_0410,1,train,False,False
medmcqa::6b63e6bd-ebb1-439d-a8f6-c35a37b7436c,medmcqa,6b63e6bd-ebb1-439d-a8f6-c35a37b7436c,cluster_0411,1,train,False,False
medmcqa::6b76c9ea-e2bf-48c6-8d3b-053f0f101ecb,medmcqa,6b76c9ea-e2bf-48c6-8d3b-053f0f101ecb,cluster_0412,1,train,False,False
medmcqa::6c101536-99cd-419b-98c7-8ed1b7a74727,medmcqa,6c101536-99cd-419b-98c7-8ed1b7a74727,cluster_0413,1,final_test,False,False
medmcqa::6c583d56-1e8e-459e-8aba-8e1c4bacd976,medmcqa,6c583d56-1e8e-459e-8aba-8e1c4bacd976,cluster_0414,1,final_test,False,False
medmcqa::6c9b338a-0cc7-4a30-88a3-e79c0248e488,medmcqa,6c9b338a-0cc7-4a30-88a3-e79c0248e488,cluster_0415,1,final_test,False,False
medmcqa::6cf0218d-ff22-4f7c-9d54-3f5193fe8b8c,medmcqa,6cf0218d-ff22-4f7c-9d54-3f5193fe8b8c,cluster_0416,1,val,False,False
medmcqa::6dd94080-58a8-437f-9559-bdfcc109c9af,medmcqa,6dd94080-58a8-437f-9559-bdfcc109c9af,cluster_0417,1,train,False,False
medmcqa::6dfd83ba-ee44-4396-8451-f4bb486a6476,medmcqa,6dfd83ba-ee44-4396-8451-f4bb486a6476,cluster_0418,1,train,False,False
medmcqa::6e03d2e1-96ba-4b90-960f-26ed50a2c3ad,medmcqa,6e03d2e1-96ba-4b90-960f-26ed50a2c3ad,cluster_0419,1,train,False,False
medmcqa::6e09a527-f1c4-4c9b-973b-aa93392f3f75,medmcqa,6e09a527-f1c4-4c9b-973b-aa93392f3f75,cluster_0420,1,val,False,False
medmcqa::6e5da328-bb2e-4848-bdff-56a722ca8d7b,medmcqa,6e5da328-bb2e-4848-bdff-56a722ca8d7b,cluster_0421,1,train,False,False
medmcqa::6e9406e3-faad-4e92-b1e5-3b21190db3d8,medmcqa,6e9406e3-faad-4e92-b1e5-3b21190db3d8,cluster_0422,1,train,False,False
medmcqa::6eb7d429-53f8-4d51-b861-81ab063b0973,medmcqa,6eb7d429-53f8-4d51-b861-81ab063b0973,cluster_0423,1,train,False,False
medmcqa::6ef90d24-7f7f-43de-8ae7-0ee093316013,medmcqa,6ef90d24-7f7f-43de-8ae7-0ee093316013,cluster_0424,1,train,False,False
medmcqa::6efd1009-b52d-4598-a30d-a06fd9867c56,medmcqa,6efd1009-b52d-4598-a30d-a06fd9867c56,cluster_0425,1,train,False,False
medmcqa::6f132291-8a44-47a8-9979-1d359c074a7c,medmcqa,6f132291-8a44-47a8-9979-1d359c074a7c,cluster_0426,1,train,False,False
medmcqa::6f78cdec-b48a-497c-bf8d-6b5b9b083ecf,medmcqa,6f78cdec-b48a-497c-bf8d-6b5b9b083ecf,cluster_0427,1,train,False,False
medmcqa::6fb3845d-5d6a-4867-850f-ec9cc51976be,medmcqa,6fb3845d-5d6a-4867-850f-ec9cc51976be,cluster_0428,1,train,False,False
medmcqa::6fdb4d97-efe2-4eb7-b3a3-4de36fd1b1d3,medmcqa,6fdb4d97-efe2-4eb7-b3a3-4de36fd1b1d3,cluster_0429,1,train,False,False
medmcqa::70097b1a-1f7a-4c04-ba9e-2f1489f0fb11,medmcqa,70097b1a-1f7a-4c04-ba9e-2f1489f0fb11,cluster_0430,1,train,False,False
medmcqa::702667ab-e933-48db-91f6-f8c8a663a266,medmcqa,702667ab-e933-48db-91f6-f8c8a663a266,cluster_0431,1,final_test,False,False
medmcqa::7086f77e-b7a7-46b6-991c-3b8b57e83282,medmcqa,7086f77e-b7a7-46b6-991c-3b8b57e83282,cluster_0432,1,diagnostic,True,False
medmcqa::70be9151-2441-49de-8dd1-3bd6ee597992,medmcqa,70be9151-2441-49de-8dd1-3bd6ee597992,cluster_0433,1,train,False,False
medmcqa::70c2ef80-fe3f-438b-8944-40693da01e41,medmcqa,70c2ef80-fe3f-438b-8944-40693da01e41,cluster_0434,1,train,False,False
medmcqa::70d87e90-4362-422a-9611-847021b23c33,medmcqa,70d87e90-4362-422a-9611-847021b23c33,cluster_0435,1,val,False,False
medmcqa::70efb4dd-1ec2-4930-b775-d3e910b2b24a,medmcqa,70efb4dd-1ec2-4930-b775-d3e910b2b24a,cluster_0436,1,train,False,False
medmcqa::70f851da-1d36-4d09-a9f0-f7afc63c07ff,medmcqa,70f851da-1d36-4d09-a9f0-f7afc63c07ff,cluster_0437,1,final_test,False,False
medmcqa::711d84b6-7ff9-4ed2-a961-b7c604e3a9c6,medmcqa,711d84b6-7ff9-4ed2-a961-b7c604e3a9c6,cluster_0438,1,diagnostic,True,True
medmcqa::71803632-1b88-4332-88f5-be3ac2515b85,medmcqa,71803632-1b88-4332-88f5-be3ac2515b85,cluster_0439,1,train,False,False
medmcqa::7180b273-ff8e-4ef1-ba53-231ad5eba164,medmcqa,7180b273-ff8e-4ef1-ba53-231ad5eba164,cluster_0440,1,train,False,False
medmcqa::71e11d65-2238-4a3f-9b41-bfb7218c66e5,medmcqa,71e11d65-2238-4a3f-9b41-bfb7218c66e5,cluster_0441,1,train,False,False
medmcqa::723bd8c7-6da8-4897-8a1b-dd87891f24a7,medmcqa,723bd8c7-6da8-4897-8a1b-dd87891f24a7,cluster_0442,1,train,False,False
medmcqa::72440397-8eda-480d-8d46-67fada73ecdb,medmcqa,72440397-8eda-480d-8d46-67fada73ecdb,cluster_0443,1,train,False,False
medmcqa::729e5ae9-94b3-4aa0-be92-c64186ec1875,medmcqa,729e5ae9-94b3-4aa0-be92-c64186ec1875,cluster_0444,1,train,False,False
medmcqa::72b14998-6b80-45d4-ad70-9766f94e8026,medmcqa,72b14998-6b80-45d4-ad70-9766f94e8026,cluster_0445,1,train,False,False
medmcqa::72be89e3-7ff0-486a-869f-30c9152486ed,medmcqa,72be89e3-7ff0-486a-869f-30c9152486ed,cluster_0446,1,train,False,False
medmcqa::72d687b1-942c-421b-9ba3-e6bc9312161e,medmcqa,72d687b1-942c-421b-9ba3-e6bc9312161e,cluster_0447,1,train,False,False
medmcqa::72d767a5-261a-4055-b23a-fb1e1a5acb23,medmcqa,72d767a5-261a-4055-b23a-fb1e1a5acb23,cluster_0448,1,train,False,False
medmcqa::732401b0-673b-4842-baed-ddd00626c561,medmcqa,732401b0-673b-4842-baed-ddd00626c561,cluster_0449,1,train,False,False
medmcqa::73b1ad96-1717-4bb2-930d-efa7e16bdc6f,medmcqa,73b1ad96-1717-4bb2-930d-efa7e16bdc6f,cluster_0450,1,train,False,False
medmcqa::73b821cd-6c0f-427f-bd1c-ccc14a5f4267,medmcqa,73b821cd-6c0f-427f-bd1c-ccc14a5f4267,cluster_0451,1,train,False,False
medmcqa::73b84afd-bfc4-4fcb-aa45-345d1ef61dfc,medmcqa,73b84afd-bfc4-4fcb-aa45-345d1ef61dfc,cluster_0452,1,train,False,False
medmcqa::73d2ddbf-2000-467a-bc80-124ea437da9c,medmcqa,73d2ddbf-2000-467a-bc80-124ea437da9c,cluster_0453,1,train,False,False
medmcqa::73e6bf44-0d77-408b-8610-ad1f6e4b3734,medmcqa,73e6bf44-0d77-408b-8610-ad1f6e4b3734,cluster_0454,1,train,False,False
medmcqa::740f528e-5192-44dc-89a3-4e2a1249e3c6,medmcqa,740f528e-5192-44dc-89a3-4e2a1249e3c6,cluster_0455,1,train,False,False
medmcqa::74340a21-07b9-4e61-92a5-d4e4fb270de6,medmcqa,74340a21-07b9-4e61-92a5-d4e4fb270de6,cluster_0456,1,train,False,False
medmcqa::74a4b01c-7f65-4cdf-a9c8-5b0d6989171e,medmcqa,74a4b01c-7f65-4cdf-a9c8-5b0d6989171e,cluster_0457,1,final_test,False,False
medmcqa::74af945a-56c6-4b18-935d-388c29f19a56,medmcqa,74af945a-56c6-4b18-935d-388c29f19a56,cluster_0458,1,train,False,False
medmcqa::75037cd8-82e0-4544-b8b4-39b0c3c894e8,medmcqa,75037cd8-82e0-4544-b8b4-39b0c3c894e8,cluster_0459,1,train,False,False
medmcqa::75875e90-359b-410d-a777-4cd41003fe93,medmcqa,75875e90-359b-410d-a777-4cd41003fe93,cluster_0460,1,final_test,False,False
medmcqa::762c8e46-a58b-4a23-b03d-f5d2055a3fac,medmcqa,762c8e46-a58b-4a23-b03d-f5d2055a3fac,cluster_0461,1,val,False,False
medmcqa::7652722e-593d-470a-b2d5-30a15e4bae48,medmcqa,7652722e-593d-470a-b2d5-30a15e4bae48,cluster_0462,1,train,False,False
medmcqa::76e1d3a2-90b6-4735-be99-004263456619,medmcqa,76e1d3a2-90b6-4735-be99-004263456619,cluster_0463,1,train,False,False
medmcqa::775ae087-72e3-45fb-9b1d-e4a74bddc1c1,medmcqa,775ae087-72e3-45fb-9b1d-e4a74bddc1c1,cluster_0464,1,train,False,False
medmcqa::78229bbb-46c9-4a15-9773-055a1d9a168b,medmcqa,78229bbb-46c9-4a15-9773-055a1d9a168b,cluster_0465,1,train,False,False
medmcqa::78396a0e-60b7-4aa4-9586-8d38825f08ab,medmcqa,78396a0e-60b7-4aa4-9586-8d38825f08ab,cluster_0466,1,val,False,False
medmcqa::78608283-5144-4645-925e-8247713a4cad,medmcqa,78608283-5144-4645-925e-8247713a4cad,cluster_0467,1,train,False,False
medmcqa::78a1bd5f-291f-4708-a187-40fd3bc901e2,medmcqa,78a1bd5f-291f-4708-a187-40fd3bc901e2,cluster_0468,1,train,False,False
medmcqa::78cde0de-1205-4bcb-a646-992a909fd268,medmcqa,78cde0de-1205-4bcb-a646-992a909fd268,cluster_0469,1,diagnostic,True,False
medmcqa::7912bdab-3d26-40a1-91c3-9d52e760b930,medmcqa,7912bdab-3d26-40a1-91c3-9d52e760b930,cluster_0470,1,train,False,False
medmcqa::794874bb-f41b-467b-aea5-7c98b68f7849,medmcqa,794874bb-f41b-467b-aea5-7c98b68f7849,cluster_0471,1,train,False,False
medmcqa::79e1618e-0e20-40ba-b104-8397f32985cc,medmcqa,79e1618e-0e20-40ba-b104-8397f32985cc,cluster_0472,1,train,False,False
medmcqa::79f62df5-e7d6-4526-9866-59ba4c498cfc,medmcqa,79f62df5-e7d6-4526-9866-59ba4c498cfc,cluster_0473,1,train,False,False
medmcqa::7a163b43-2355-4789-aa99-a116c1a3ca00,medmcqa,7a163b43-2355-4789-aa99-a116c1a3ca00,cluster_0474,1,val,False,False
medmcqa::7a1a39e0-3648-41cf-bf9f-2e5ea0c41ccf,medmcqa,7a1a39e0-3648-41cf-bf9f-2e5ea0c41ccf,cluster_0475,1,train,False,False
medmcqa::7a4da866-2f41-4510-aa28-0dabdf6d0d38,medmcqa,7a4da866-2f41-4510-aa28-0dabdf6d0d38,cluster_0476,1,train,False,False
medmcqa::7a660bba-aabd-448d-9d13-38ee7837c97f,medmcqa,7a660bba-aabd-448d-9d13-38ee7837c97f,cluster_0477,1,train,False,False
medmcqa::7afc4435-27d1-4452-b75f-eb28164eaa06,medmcqa,7afc4435-27d1-4452-b75f-eb28164eaa06,cluster_0478,1,train,False,False
medmcqa::7b2e3490-4efc-45bd-850e-0435ebb15bc5,medmcqa,7b2e3490-4efc-45bd-850e-0435ebb15bc5,cluster_0479,1,diagnostic,True,False
medmcqa::7cc17f9f-5ecd-4e71-b32f-74fdf3a6537b,medmcqa,7cc17f9f-5ecd-4e71-b32f-74fdf3a6537b,cluster_0480,1,train,False,False
medmcqa::7cc77f7a-78ba-4980-a4f8-cc1ae7ffb6fe,medmcqa,7cc77f7a-78ba-4980-a4f8-cc1ae7ffb6fe,cluster_0481,1,train,False,False
medmcqa::7cca234a-7ab2-4afa-980e-6772bf3c3f31,medmcqa,7cca234a-7ab2-4afa-980e-6772bf3c3f31,cluster_0482,1,train,False,False
medmcqa::7d6455c7-5b76-4e75-84e6-0e37f920fa5a,medmcqa,7d6455c7-5b76-4e75-84e6-0e37f920fa5a,cluster_0483,1,train,False,False
medmcqa::7d729666-d52d-4249-8e21-3636c121ed81,medmcqa,7d729666-d52d-4249-8e21-3636c121ed81,cluster_0484,1,train,False,False
medmcqa::7d9967cf-83ed-4796-be25-4c0637193d4c,medmcqa,7d9967cf-83ed-4796-be25-4c0637193d4c,cluster_0485,1,train,False,False
medmcqa::7dbd5a5b-1731-4cbd-a3e1-f50c0db1e695,medmcqa,7dbd5a5b-1731-4cbd-a3e1-f50c0db1e695,cluster_0486,1,train,False,False
medmcqa::7ddf1f3b-5c7c-4f2d-b208-f01ea72e1a70,medmcqa,7ddf1f3b-5c7c-4f2d-b208-f01ea72e1a70,cluster_0354,2,train,False,False
medmcqa::7e3e6708-32eb-4de6-97ff-78a54b20677d,medmcqa,7e3e6708-32eb-4de6-97ff-78a54b20677d,cluster_0487,1,train,False,False
medmcqa::7e7e865c-a410-427a-9af6-69eba0f31a9a,medmcqa,7e7e865c-a410-427a-9af6-69eba0f31a9a,cluster_0488,1,train,False,False
medmcqa::7e7eb34c-f362-459d-8bf5-7c485e460260,medmcqa,7e7eb34c-f362-459d-8bf5-7c485e460260,cluster_0489,1,final_test,False,False
medmcqa::7f0e4478-76ad-4994-8749-b466e371c9fc,medmcqa,7f0e4478-76ad-4994-8749-b466e371c9fc,cluster_0490,1,train,False,False
medmcqa::7f20e2a3-7048-4782-8dbe-c53dd6ccabc1,medmcqa,7f20e2a3-7048-4782-8dbe-c53dd6ccabc1,cluster_0491,1,train,False,False
medmcqa::80066b5e-d621-4912-b7fd-f1e867a9c8d4,medmcqa,80066b5e-d621-4912-b7fd-f1e867a9c8d4,cluster_0492,1,train,False,False
medmcqa::80613325-b0b3-41a1-85eb-7be6749e1114,medmcqa,80613325-b0b3-41a1-85eb-7be6749e1114,cluster_0493,1,train,False,False
medmcqa::8166d3f8-edfa-4bc7-af7d-2da15469a001,medmcqa,8166d3f8-edfa-4bc7-af7d-2da15469a001,cluster_0494,1,final_test,False,False
medmcqa::816f3299-77e1-4cb4-895f-92adcccb3b36,medmcqa,816f3299-77e1-4cb4-895f-92adcccb3b36,cluster_0495,1,train,False,False
medmcqa::81a24a92-4459-4999-9c49-6ee91a6182a3,medmcqa,81a24a92-4459-4999-9c49-6ee91a6182a3,cluster_0496,1,train,False,False
medmcqa::81f36a50-554d-4c45-a8e2-8df9dce0ca2f,medmcqa,81f36a50-554d-4c45-a8e2-8df9dce0ca2f,cluster_0497,1,train,False,False
medmcqa::822d5c68-39fe-40e8-97ef-f50d7af91ebb,medmcqa,822d5c68-39fe-40e8-97ef-f50d7af91ebb,cluster_0498,1,train,False,False
medmcqa::8254c1c7-9f97-4dae-96f6-d44661ff36cf,medmcqa,8254c1c7-9f97-4dae-96f6-d44661ff36cf,cluster_0499,1,final_test,False,False
medmcqa::82b0de7a-8e54-4c49-a872-9170f2d7b599,medmcqa,82b0de7a-8e54-4c49-a872-9170f2d7b599,cluster_0500,1,final_test,False,False
medmcqa::82f5a7e9-467b-471b-bf1f-0d66f964408e,medmcqa,82f5a7e9-467b-471b-bf1f-0d66f964408e,cluster_0501,1,train,False,False
medmcqa::82fcb071-ca41-45d4-9f0c-ce7a0f5dd6b4,medmcqa,82fcb071-ca41-45d4-9f0c-ce7a0f5dd6b4,cluster_0502,1,train,False,False
medmcqa::836b4e61-8568-4d55-9acf-3a1695081981,medmcqa,836b4e61-8568-4d55-9acf-3a1695081981,cluster_0503,1,final_test,False,False
medmcqa::838f8aa6-e9c7-4e24-ae4b-d430371f9e27,medmcqa,838f8aa6-e9c7-4e24-ae4b-d430371f9e27,cluster_0504,1,diagnostic,True,False
medmcqa::83e62b82-7186-4bd8-81ad-c035cebd98c9,medmcqa,83e62b82-7186-4bd8-81ad-c035cebd98c9,cluster_0505,1,train,False,False
medmcqa::845fbff7-6332-49ce-8ecb-d62616e2ae9a,medmcqa,845fbff7-6332-49ce-8ecb-d62616e2ae9a,cluster_0506,1,train,False,False
medmcqa::849108f1-8775-44ab-982d-c8907f399efc,medmcqa,849108f1-8775-44ab-982d-c8907f399efc,cluster_0507,1,train,False,False
medmcqa::849b1909-c988-4d0b-8eaf-a716707cbe97,medmcqa,849b1909-c988-4d0b-8eaf-a716707cbe97,cluster_0508,1,train,False,False
medmcqa::84d89a4f-db04-402d-88ab-ca39f6eee8bd,medmcqa,84d89a4f-db04-402d-88ab-ca39f6eee8bd,cluster_0509,1,train,False,False
medmcqa::84edf98d-5d16-4377-95fc-2bb67058e7d4,medmcqa,84edf98d-5d16-4377-95fc-2bb67058e7d4,cluster_0510,1,diagnostic,True,False
medmcqa::8512f838-80d6-4873-865a-f6e1632e558d,medmcqa,8512f838-80d6-4873-865a-f6e1632e558d,cluster_0511,1,val,False,False
medmcqa::8518813c-bb02-4357-94ba-ef5201c7c983,medmcqa,8518813c-bb02-4357-94ba-ef5201c7c983,cluster_0512,1,train,False,False
medmcqa::860f5673-7e87-4a35-ba17-628c738929fa,medmcqa,860f5673-7e87-4a35-ba17-628c738929fa,cluster_0513,1,train,False,False
medmcqa::86155521-ea6f-485e-b258-14c51d44578e,medmcqa,86155521-ea6f-485e-b258-14c51d44578e,cluster_0514,1,train,False,False
medmcqa::862bcd0f-8fb5-4ff7-b242-5898ea4f0c69,medmcqa,862bcd0f-8fb5-4ff7-b242-5898ea4f0c69,cluster_0515,1,train,False,False
medmcqa::8654832a-f650-4836-82ba-cc59f14e1bb9,medmcqa,8654832a-f650-4836-82ba-cc59f14e1bb9,cluster_0516,1,train,False,False
medmcqa::867140e4-9b9f-4784-b252-9720f89a385e,medmcqa,867140e4-9b9f-4784-b252-9720f89a385e,cluster_0517,1,train,False,False
medmcqa::87751b39-a2e2-473d-86e7-e72d26b24ea4,medmcqa,87751b39-a2e2-473d-86e7-e72d26b24ea4,cluster_0518,1,val,False,False
medmcqa::8798d2af-fc67-4463-9098-f105b3f4b458,medmcqa,8798d2af-fc67-4463-9098-f105b3f4b458,cluster_0519,1,train,False,False
medmcqa::87a02021-923f-4cd0-b93d-bfb486c0aa29,medmcqa,87a02021-923f-4cd0-b93d-bfb486c0aa29,cluster_0520,1,diagnostic,True,False
medmcqa::87da7c54-7d62-4641-a820-0cdd9a4fcbc6,medmcqa,87da7c54-7d62-4641-a820-0cdd9a4fcbc6,cluster_0521,1,train,False,False
medmcqa::88082d18-5e7b-4c2a-81fa-b91139c7276d,medmcqa,88082d18-5e7b-4c2a-81fa-b91139c7276d,cluster_0522,1,train,False,False
medmcqa::883563e3-4fe8-4b33-926b-5237f09d9c60,medmcqa,883563e3-4fe8-4b33-926b-5237f09d9c60,cluster_0523,1,train,False,False
medmcqa::8853753a-6c65-4f57-bf02-82365bb4059c,medmcqa,8853753a-6c65-4f57-bf02-82365bb4059c,cluster_0524,1,train,False,False
medmcqa::889e5d5b-9749-443d-ab83-56e72449125c,medmcqa,889e5d5b-9749-443d-ab83-56e72449125c,cluster_0525,1,train,False,False
medmcqa::89012d04-ecf7-4f9e-8885-2d75767323a0,medmcqa,89012d04-ecf7-4f9e-8885-2d75767323a0,cluster_0526,1,train,False,False
medmcqa::8905d104-f4ce-405c-b67d-4ee5650bbfcd,medmcqa,8905d104-f4ce-405c-b67d-4ee5650bbfcd,cluster_0527,1,train,False,False
medmcqa::89954831-6a35-49a3-811d-95cd7edc2c7c,medmcqa,89954831-6a35-49a3-811d-95cd7edc2c7c,cluster_0528,1,train,False,False
medmcqa::89e0b62e-fa1d-4964-8870-d57cb8b871f4,medmcqa,89e0b62e-fa1d-4964-8870-d57cb8b871f4,cluster_0529,1,train,False,False
medmcqa::89e75fc5-d650-40aa-81db-cee3759ce219,medmcqa,89e75fc5-d650-40aa-81db-cee3759ce219,cluster_0530,1,val,False,False
medmcqa::8a0d2177-174e-46bc-a8d9-712ca2bfc3d2,medmcqa,8a0d2177-174e-46bc-a8d9-712ca2bfc3d2,cluster_0531,1,train,False,False
medmcqa::8a63cb8d-20f8-40ea-ba34-12b9583c9224,medmcqa,8a63cb8d-20f8-40ea-ba34-12b9583c9224,cluster_0532,1,train,False,False
medmcqa::8ad9acc0-4de3-4d82-86a4-7d8ccfdb8c68,medmcqa,8ad9acc0-4de3-4d82-86a4-7d8ccfdb8c68,cluster_0533,1,val,False,False
medmcqa::8af82f86-f0fe-46f3-8e14-58a77ec931bb,medmcqa,8af82f86-f0fe-46f3-8e14-58a77ec931bb,cluster_0534,1,train,False,False
medmcqa::8b2419cc-518a-4fc5-8d09-594e35e796c0,medmcqa,8b2419cc-518a-4fc5-8d09-594e35e796c0,cluster_0535,1,train,False,False
medmcqa::8b3e9e1d-8571-49ef-a5ef-806c18ad079e,medmcqa,8b3e9e1d-8571-49ef-a5ef-806c18ad079e,cluster_0536,1,train,False,False
medmcqa::8b538660-2509-4f93-a358-104099bb3cb8,medmcqa,8b538660-2509-4f93-a358-104099bb3cb8,cluster_0537,1,train,False,False
medmcqa::8b8596c2-33bc-48dd-b6b3-bd7fdbf34669,medmcqa,8b8596c2-33bc-48dd-b6b3-bd7fdbf34669,cluster_0538,1,val,False,False
medmcqa::8b91d707-6038-40de-8833-d865318f791e,medmcqa,8b91d707-6038-40de-8833-d865318f791e,cluster_0539,1,train,False,False
medmcqa::8b9c73e9-4e2e-4e4b-8216-9c043a1282cf,medmcqa,8b9c73e9-4e2e-4e4b-8216-9c043a1282cf,cluster_0540,1,diagnostic,True,False
medmcqa::8bc0d73f-fbc3-498a-b838-c5fbc2e3d873,medmcqa,8bc0d73f-fbc3-498a-b838-c5fbc2e3d873,cluster_0541,1,train,False,False
medmcqa::8c2a3258-e79f-4872-9de3-a0abc701f711,medmcqa,8c2a3258-e79f-4872-9de3-a0abc701f711,cluster_0542,1,train,False,False
medmcqa::8c5c9f90-f367-4a1c-84d2-50a39833588d,medmcqa,8c5c9f90-f367-4a1c-84d2-50a39833588d,cluster_0543,1,train,False,False
medmcqa::8c65bc28-e274-4579-a200-6e26782878df,medmcqa,8c65bc28-e274-4579-a200-6e26782878df,cluster_0544,1,train,False,False
medmcqa::8cc404b2-cdb1-4bea-be17-2dcd2edb48d8,medmcqa,8cc404b2-cdb1-4bea-be17-2dcd2edb48d8,cluster_0545,1,final_test,False,False
medmcqa::8d29e115-e566-4499-b283-c3907ba9c5c3,medmcqa,8d29e115-e566-4499-b283-c3907ba9c5c3,cluster_0546,1,val,False,False
medmcqa::8d2e7fe2-3354-44c2-8cdf-55ff23caaebb,medmcqa,8d2e7fe2-3354-44c2-8cdf-55ff23caaebb,cluster_0547,1,train,False,False
medmcqa::8d6cd2e6-9912-4bb5-b276-289f11e6371f,medmcqa,8d6cd2e6-9912-4bb5-b276-289f11e6371f,cluster_0548,1,diagnostic,True,True
medmcqa::8d7403ad-85b7-4f4f-868e-93b7ecf53e72,medmcqa,8d7403ad-85b7-4f4f-868e-93b7ecf53e72,cluster_0549,1,train,False,False
medmcqa::8d8150e4-2224-4ac1-b41e-b8353a744dcc,medmcqa,8d8150e4-2224-4ac1-b41e-b8353a744dcc,cluster_0550,1,diagnostic,True,False
medmcqa::8dd0ea2a-17d4-497d-93a1-a6704930a0db,medmcqa,8dd0ea2a-17d4-497d-93a1-a6704930a0db,cluster_0551,1,train,False,False
medmcqa::8e59864a-686e-4d9f-9adf-803f4edca225,medmcqa,8e59864a-686e-4d9f-9adf-803f4edca225,cluster_0552,1,train,False,False
medmcqa::8e64201e-6d6b-4187-98df-bb12e0945c78,medmcqa,8e64201e-6d6b-4187-98df-bb12e0945c78,cluster_0553,1,final_test,False,False
medmcqa::8ee2d953-651d-41bb-88bd-ab49c3be399b,medmcqa,8ee2d953-651d-41bb-88bd-ab49c3be399b,cluster_0554,1,train,False,False
medmcqa::8efe2632-49e7-4558-b438-a44fadccdd03,medmcqa,8efe2632-49e7-4558-b438-a44fadccdd03,cluster_0555,1,val,False,False
medmcqa::8f43a8ec-ba0a-42bb-ba96-0d5fdc6a87ae,medmcqa,8f43a8ec-ba0a-42bb-ba96-0d5fdc6a87ae,cluster_0556,1,train,False,False
medmcqa::8f57df40-4509-4083-a86d-d53e7bcaf328,medmcqa,8f57df40-4509-4083-a86d-d53e7bcaf328,cluster_0557,1,val,False,False
medmcqa::8fa85cca-19b5-42e5-90b2-b2d79087954b,medmcqa,8fa85cca-19b5-42e5-90b2-b2d79087954b,cluster_0558,1,train,False,False
medmcqa::9010a09d-b097-4371-afbc-c2532fe02740,medmcqa,9010a09d-b097-4371-afbc-c2532fe02740,cluster_0559,1,train,False,False
medmcqa::905c3610-47d5-47a7-ab42-624fc0040065,medmcqa,905c3610-47d5-47a7-ab42-624fc0040065,cluster_0560,1,train,False,False
medmcqa::90896a33-2ebb-4fee-b954-d37984ba6847,medmcqa,90896a33-2ebb-4fee-b954-d37984ba6847,cluster_0561,1,train,False,False
medmcqa::908f179d-9296-4cc3-8cd5-d3e59e24d232,medmcqa,908f179d-9296-4cc3-8cd5-d3e59e24d232,cluster_0562,1,train,False,False
medmcqa::90d54d35-0bda-43a5-a459-85e2e2f8c572,medmcqa,90d54d35-0bda-43a5-a459-85e2e2f8c572,cluster_0563,1,train,False,False
medmcqa::91430721-6b45-4be5-acfb-29e96d31d077,medmcqa,91430721-6b45-4be5-acfb-29e96d31d077,cluster_0564,1,train,False,False
medmcqa::91b1635b-021f-4945-bb1d-5bdeed6389f4,medmcqa,91b1635b-021f-4945-bb1d-5bdeed6389f4,cluster_0565,1,diagnostic,True,False
medmcqa::91d38d11-2e55-4bdb-8cf7-034c7cd930c7,medmcqa,91d38d11-2e55-4bdb-8cf7-034c7cd930c7,cluster_0566,1,train,False,False
medmcqa::91ef49a3-d73b-408b-abf1-0fbfe43805dd,medmcqa,91ef49a3-d73b-408b-abf1-0fbfe43805dd,cluster_0567,1,train,False,False
medmcqa::91f22318-7737-491a-8096-d504ac9c8aae,medmcqa,91f22318-7737-491a-8096-d504ac9c8aae,cluster_0568,1,train,False,False
medmcqa::920be195-ff47-4a12-9968-c79a5615141f,medmcqa,920be195-ff47-4a12-9968-c79a5615141f,cluster_0569,1,train,False,False
medmcqa::92693be1-566d-490a-9ecb-bb5124769c74,medmcqa,92693be1-566d-490a-9ecb-bb5124769c74,cluster_0570,1,train,False,False
medmcqa::92908923-9b0f-403b-8457-71c1c546eee4,medmcqa,92908923-9b0f-403b-8457-71c1c546eee4,cluster_0571,1,train,False,False
medmcqa::92b73e84-c02c-43db-8ddc-a5b7954ae6ab,medmcqa,92b73e84-c02c-43db-8ddc-a5b7954ae6ab,cluster_0572,1,train,False,False
medmcqa::92bc808f-994e-4669-80e5-77305a9f9178,medmcqa,92bc808f-994e-4669-80e5-77305a9f9178,cluster_0573,1,diagnostic,True,True
medmcqa::92cf238d-78b7-4a6b-afd8-efa39e19084b,medmcqa,92cf238d-78b7-4a6b-afd8-efa39e19084b,cluster_0574,1,train,False,False
medmcqa::92f4374d-b087-41de-a4d7-288565d77c38,medmcqa,92f4374d-b087-41de-a4d7-288565d77c38,cluster_0575,1,train,False,False
medmcqa::9323af0c-ce73-4fcd-9646-88c87ea5d0f7,medmcqa,9323af0c-ce73-4fcd-9646-88c87ea5d0f7,cluster_0576,1,train,False,False
medmcqa::93308f4a-1927-4596-981a-58f373a9707e,medmcqa,93308f4a-1927-4596-981a-58f373a9707e,cluster_0577,1,train,False,False
medmcqa::938a6fd0-f60a-4d86-91c0-0cb8786028ae,medmcqa,938a6fd0-f60a-4d86-91c0-0cb8786028ae,cluster_0578,1,val,False,False
medmcqa::93f5e66f-2b58-40a8-84e0-0c4c42dd7a93,medmcqa,93f5e66f-2b58-40a8-84e0-0c4c42dd7a93,cluster_0579,1,diagnostic,True,False
medmcqa::94377365-084a-4a08-9081-c1f2aa7b1b84,medmcqa,94377365-084a-4a08-9081-c1f2aa7b1b84,cluster_0580,1,val,False,False
medmcqa::94f81251-43c1-4ba0-a67c-4f6412742774,medmcqa,94f81251-43c1-4ba0-a67c-4f6412742774,cluster_0581,1,train,False,False
medmcqa::951a385e-d512-4613-a822-443f1f429ab9,medmcqa,951a385e-d512-4613-a822-443f1f429ab9,cluster_0582,1,val,False,False
medmcqa::9530266a-de00-449a-9428-d538b56740ab,medmcqa,9530266a-de00-449a-9428-d538b56740ab,cluster_0583,1,train,False,False
medmcqa::953391a8-ee52-4e36-879f-67eaf1f68ae3,medmcqa,953391a8-ee52-4e36-879f-67eaf1f68ae3,cluster_0584,1,val,False,False
medmcqa::95367fc3-c4d1-48f6-bcf4-8da8be3cfa2d,medmcqa,95367fc3-c4d1-48f6-bcf4-8da8be3cfa2d,cluster_0585,1,final_test,False,False
medmcqa::959f8a7b-ea3c-40f9-a6a3-f90248f7e8d2,medmcqa,959f8a7b-ea3c-40f9-a6a3-f90248f7e8d2,cluster_0586,1,train,False,False
medmcqa::95deaff5-dc0b-42a7-b257-573f3de4c88d,medmcqa,95deaff5-dc0b-42a7-b257-573f3de4c88d,cluster_0587,1,train,False,False
medmcqa::961cefc7-4740-4428-89fc-32f3782b5f5d,medmcqa,961cefc7-4740-4428-89fc-32f3782b5f5d,cluster_0588,1,final_test,False,False
medmcqa::9698b531-5c6a-41f5-ad09-9eaa05779681,medmcqa,9698b531-5c6a-41f5-ad09-9eaa05779681,cluster_0589,1,train,False,False
medmcqa::96b90e71-5964-4438-8852-9bf9af38ad44,medmcqa,96b90e71-5964-4438-8852-9bf9af38ad44,cluster_0590,1,val,False,False
medmcqa::97648c60-2ed9-4c8e-9142-48806639731a,medmcqa,97648c60-2ed9-4c8e-9142-48806639731a,cluster_0591,1,val,False,False
medmcqa::97a54f46-0d5e-4979-820c-ab311c30f08a,medmcqa,97a54f46-0d5e-4979-820c-ab311c30f08a,cluster_0592,1,train,False,False
medmcqa::97e96705-d952-463a-90bd-a03aa16d4772,medmcqa,97e96705-d952-463a-90bd-a03aa16d4772,cluster_0593,1,train,False,False
medmcqa::97f2545e-5688-4cc1-9837-9a9ec14d6f3d,medmcqa,97f2545e-5688-4cc1-9837-9a9ec14d6f3d,cluster_0594,1,train,False,False
medmcqa::9823097b-b309-4de3-9a14-d93ff757fd5f,medmcqa,9823097b-b309-4de3-9a14-d93ff757fd5f,cluster_0595,1,train,False,False
medmcqa::988010c6-d24a-4c75-9688-e8d84da035a0,medmcqa,988010c6-d24a-4c75-9688-e8d84da035a0,cluster_0596,1,diagnostic,True,False
medmcqa::98893c1c-a979-476e-8b82-ef3bd2a02da7,medmcqa,98893c1c-a979-476e-8b82-ef3bd2a02da7,cluster_0597,1,diagnostic,True,True
medmcqa::98ae0eca-84e2-4b3c-95e3-2920fafef1e8,medmcqa,98ae0eca-84e2-4b3c-95e3-2920fafef1e8,cluster_0598,1,train,False,False
medmcqa::9948bff9-4412-403e-a7b4-bf3af5229ed8,medmcqa,9948bff9-4412-403e-a7b4-bf3af5229ed8,cluster_0599,1,final_test,False,False
medmcqa::99ebb66d-a706-49db-aa48-96f3430ce0d4,medmcqa,99ebb66d-a706-49db-aa48-96f3430ce0d4,cluster_0600,1,train,False,False
medmcqa::9a21d76c-9104-4bd2-be55-a37c3b71c0f5,medmcqa,9a21d76c-9104-4bd2-be55-a37c3b71c0f5,cluster_0601,1,train,False,False
medmcqa::9a292f87-6a2d-4bba-bcee-f11ca9a94c73,medmcqa,9a292f87-6a2d-4bba-bcee-f11ca9a94c73,cluster_0602,1,train,False,False
medmcqa::9a420a52-014a-4db4-be1b-ba06f1de7904,medmcqa,9a420a52-014a-4db4-be1b-ba06f1de7904,cluster_0603,1,val,False,False
medmcqa::9a4a67be-7443-404f-b8fe-48173b84046b,medmcqa,9a4a67be-7443-404f-b8fe-48173b84046b,cluster_0604,1,train,False,False
medmcqa::9a901f04-8eb8-4e4f-a332-14cf2a3c70a3,medmcqa,9a901f04-8eb8-4e4f-a332-14cf2a3c70a3,cluster_0605,1,train,False,False
medmcqa::9aac7deb-5ed0-4f88-b20a-0b177ae8b839,medmcqa,9aac7deb-5ed0-4f88-b20a-0b177ae8b839,cluster_0606,1,final_test,False,False
medmcqa::9ab1e53f-7a79-4422-a147-0a5b6936ecb9,medmcqa,9ab1e53f-7a79-4422-a147-0a5b6936ecb9,cluster_0607,1,val,False,False
medmcqa::9b33051b-e39d-4342-acd7-8bc45abdf2d6,medmcqa,9b33051b-e39d-4342-acd7-8bc45abdf2d6,cluster_0608,1,train,False,False
medmcqa::9ba1d3cf-434c-4f68-ab5f-0ccbe263e3a5,medmcqa,9ba1d3cf-434c-4f68-ab5f-0ccbe263e3a5,cluster_0609,1,diagnostic,True,False
medmcqa::9ba605e2-bf6d-427b-a4ed-c8948569ac22,medmcqa,9ba605e2-bf6d-427b-a4ed-c8948569ac22,cluster_0610,1,train,False,False
medmcqa::9c2050d1-8db5-4ef7-835c-d7cb5bb52198,medmcqa,9c2050d1-8db5-4ef7-835c-d7cb5bb52198,cluster_0611,1,train,False,False
medmcqa::9c46b53f-f0bc-4e3b-9b2e-9e9595bc38c8,medmcqa,9c46b53f-f0bc-4e3b-9b2e-9e9595bc38c8,cluster_0612,1,final_test,False,False
medmcqa::9c621803-2e70-4cbd-8b4a-729370ae6e3c,medmcqa,9c621803-2e70-4cbd-8b4a-729370ae6e3c,cluster_0613,1,train,False,False
medmcqa::9c730300-2694-442a-8a72-089982d739f8,medmcqa,9c730300-2694-442a-8a72-089982d739f8,cluster_0614,1,train,False,False
medmcqa::9ca1d8a1-131f-4ed9-9ba6-e2fd8ed9e09d,medmcqa,9ca1d8a1-131f-4ed9-9ba6-e2fd8ed9e09d,cluster_0615,1,train,False,False
medmcqa::9dbe9f17-d9ee-46fe-b3d3-8c6c19758be6,medmcqa,9dbe9f17-d9ee-46fe-b3d3-8c6c19758be6,cluster_0616,1,final_test,False,False
medmcqa::9dc82b98-671e-4d88-9f37-1ae5d2f7c6ff,medmcqa,9dc82b98-671e-4d88-9f37-1ae5d2f7c6ff,cluster_0617,1,train,False,False
medmcqa::9e7d4311-f779-4154-8fd3-9a53421481bc,medmcqa,9e7d4311-f779-4154-8fd3-9a53421481bc,cluster_0618,1,train,False,False
medmcqa::a074e962-7c67-42ab-9215-76af20ac3d70,medmcqa,a074e962-7c67-42ab-9215-76af20ac3d70,cluster_0619,1,train,False,False
medmcqa::a0ad697e-a58d-436f-ab0a-7918485f9f32,medmcqa,a0ad697e-a58d-436f-ab0a-7918485f9f32,cluster_0620,1,train,False,False
medmcqa::a0c6e73e-5ed5-42b5-a71c-24e031f7e7e8,medmcqa,a0c6e73e-5ed5-42b5-a71c-24e031f7e7e8,cluster_0621,1,train,False,False
medmcqa::a0e568c4-2af5-479e-8c61-abffa1ffa11f,medmcqa,a0e568c4-2af5-479e-8c61-abffa1ffa11f,cluster_0622,1,final_test,False,False
medmcqa::a100782e-deb2-460a-87f1-eea60d760230,medmcqa,a100782e-deb2-460a-87f1-eea60d760230,cluster_0623,1,train,False,False
medmcqa::a1098d60-c481-4bb0-b7af-0513b65e95f5,medmcqa,a1098d60-c481-4bb0-b7af-0513b65e95f5,cluster_0624,1,train,False,False
medmcqa::a1111432-f1c4-4e04-b61b-449b435e99ad,medmcqa,a1111432-f1c4-4e04-b61b-449b435e99ad,cluster_0625,1,train,False,False
medmcqa::a115b765-ec7a-4e63-abac-50516a65b46a,medmcqa,a115b765-ec7a-4e63-abac-50516a65b46a,cluster_0626,1,train,False,False
medmcqa::a1726527-12af-47e3-82f1-b1ea871d2659,medmcqa,a1726527-12af-47e3-82f1-b1ea871d2659,cluster_0627,1,train,False,False
medmcqa::a18ed47e-dc72-48d2-b763-abea2564e574,medmcqa,a18ed47e-dc72-48d2-b763-abea2564e574,cluster_0628,1,train,False,False
medmcqa::a20626b3-8719-4847-a929-87a7c9727649,medmcqa,a20626b3-8719-4847-a929-87a7c9727649,cluster_0629,1,train,False,False
medmcqa::a21105e6-e66d-4ae5-ab2d-cee0c3b6bd4d,medmcqa,a21105e6-e66d-4ae5-ab2d-cee0c3b6bd4d,cluster_0630,1,train,False,False
medmcqa::a28116b7-2730-4820-afa7-5fc859ef76f4,medmcqa,a28116b7-2730-4820-afa7-5fc859ef76f4,cluster_0631,1,train,False,False
medmcqa::a28f499d-4b8d-4fb1-a6fa-b63497539f72,medmcqa,a28f499d-4b8d-4fb1-a6fa-b63497539f72,cluster_0632,1,train,False,False
medmcqa::a2f37579-2d74-4b22-9a96-69c25b573f31,medmcqa,a2f37579-2d74-4b22-9a96-69c25b573f31,cluster_0633,1,final_test,False,False
medmcqa::a318b5cf-a25d-4860-878c-e1d0295fa46f,medmcqa,a318b5cf-a25d-4860-878c-e1d0295fa46f,cluster_0634,1,train,False,False
medmcqa::a342bd97-443b-48b0-a739-44530a2d485e,medmcqa,a342bd97-443b-48b0-a739-44530a2d485e,cluster_0635,1,train,False,False
medmcqa::a36f6ff1-cb98-42fc-953f-79b16753d993,medmcqa,a36f6ff1-cb98-42fc-953f-79b16753d993,cluster_0636,1,train,False,False
medmcqa::a3a5f97f-caeb-47cf-9810-18f55c7e14ea,medmcqa,a3a5f97f-caeb-47cf-9810-18f55c7e14ea,cluster_0637,1,train,False,False
medmcqa::a3da135a-a6a2-4e1c-8823-8ab0913f5668,medmcqa,a3da135a-a6a2-4e1c-8823-8ab0913f5668,cluster_0638,1,train,False,False
medmcqa::a40481b2-dbe1-4b5b-aa7f-20b3d47d8779,medmcqa,a40481b2-dbe1-4b5b-aa7f-20b3d47d8779,cluster_0639,1,val,False,False
medmcqa::a432db53-67f5-4865-af52-18edf81d1225,medmcqa,a432db53-67f5-4865-af52-18edf81d1225,cluster_0640,1,val,False,False
medmcqa::a48f8ece-9420-439a-8ff9-19093ec0c03f,medmcqa,a48f8ece-9420-439a-8ff9-19093ec0c03f,cluster_0641,1,diagnostic,True,False
medmcqa::a4ae6ca7-78a0-48fd-956c-4259c141d158,medmcqa,a4ae6ca7-78a0-48fd-956c-4259c141d158,cluster_0642,1,train,False,False
medmcqa::a4c17223-91e0-454d-95af-18ddf9a97e41,medmcqa,a4c17223-91e0-454d-95af-18ddf9a97e41,cluster_0643,1,train,False,False
medmcqa::a4dc69af-5979-42bd-aa75-154aad4d8565,medmcqa,a4dc69af-5979-42bd-aa75-154aad4d8565,cluster_0644,1,train,False,False
medmcqa::a5111f37-cbc9-4c4b-8106-47acb7d4e164,medmcqa,a5111f37-cbc9-4c4b-8106-47acb7d4e164,cluster_0645,1,train,False,False
medmcqa::a57f4abd-70df-4d6c-92b8-a8174bfa37da,medmcqa,a57f4abd-70df-4d6c-92b8-a8174bfa37da,cluster_0646,1,final_test,False,False
medmcqa::a5fcd994-859d-49cc-b3c2-5fa501e726e6,medmcqa,a5fcd994-859d-49cc-b3c2-5fa501e726e6,cluster_0647,1,final_test,False,False
medmcqa::a60894bd-585a-4a93-bf8e-cdee04292df6,medmcqa,a60894bd-585a-4a93-bf8e-cdee04292df6,cluster_0648,1,train,False,False
medmcqa::a6cc1419-094c-4675-b250-ba45e4569bd2,medmcqa,a6cc1419-094c-4675-b250-ba45e4569bd2,cluster_0649,1,train,False,False
medmcqa::a722a3a6-e240-4470-94ac-78dbddfea7c4,medmcqa,a722a3a6-e240-4470-94ac-78dbddfea7c4,cluster_0650,1,train,False,False
medmcqa::a78209a5-9800-45d5-9cab-4838388d53e7,medmcqa,a78209a5-9800-45d5-9cab-4838388d53e7,cluster_0651,1,train,False,False
medmcqa::a8ef25e9-36e4-48e8-b3ad-48c4b138c6f8,medmcqa,a8ef25e9-36e4-48e8-b3ad-48c4b138c6f8,cluster_0652,1,train,False,False
medmcqa::a963bf66-e44e-445f-b3ba-26efcd836ad9,medmcqa,a963bf66-e44e-445f-b3ba-26efcd836ad9,cluster_0653,1,val,False,False
medmcqa::a98a35a9-a1c5-4d03-9049-96a1b8f60789,medmcqa,a98a35a9-a1c5-4d03-9049-96a1b8f60789,cluster_0654,1,train,False,False
medmcqa::a9dcb424-8323-4d52-9cf6-22edf370b728,medmcqa,a9dcb424-8323-4d52-9cf6-22edf370b728,cluster_0655,1,train,False,False
medmcqa::aa677f5e-3b2c-4ec8-8b77-78610a8a38cf,medmcqa,aa677f5e-3b2c-4ec8-8b77-78610a8a38cf,cluster_0656,1,val,False,False
medmcqa::aa8da3cd-fdc2-42ef-96f5-9de78597f924,medmcqa,aa8da3cd-fdc2-42ef-96f5-9de78597f924,cluster_0657,1,diagnostic,True,True
medmcqa::aa928f6b-b194-44e7-ae8e-88a92c365fdc,medmcqa,aa928f6b-b194-44e7-ae8e-88a92c365fdc,cluster_0658,1,train,False,False
medmcqa::aa99f50c-5cb0-4d52-afcb-8d5b6b7dd2ee,medmcqa,aa99f50c-5cb0-4d52-afcb-8d5b6b7dd2ee,cluster_0659,1,train,False,False
medmcqa::aadafd4c-cb37-460b-8e6f-28f42d01dd60,medmcqa,aadafd4c-cb37-460b-8e6f-28f42d01dd60,cluster_0660,1,final_test,False,False
medmcqa::aae446ea-6c3c-44e3-9fd2-bd056d6d4a1a,medmcqa,aae446ea-6c3c-44e3-9fd2-bd056d6d4a1a,cluster_0661,1,train,False,False
medmcqa::ab01afe5-53fa-43eb-8419-c92653ed2b1f,medmcqa,ab01afe5-53fa-43eb-8419-c92653ed2b1f,cluster_0662,1,final_test,False,False
medmcqa::ab9b2188-4674-4115-9415-f6c1666f32c0,medmcqa,ab9b2188-4674-4115-9415-f6c1666f32c0,cluster_0663,1,train,False,False
medmcqa::abca2f84-074e-46e8-9932-d9123850b023,medmcqa,abca2f84-074e-46e8-9932-d9123850b023,cluster_0664,1,train,False,False
medmcqa::abe0e99f-b2fe-4547-b2f7-58817eaea403,medmcqa,abe0e99f-b2fe-4547-b2f7-58817eaea403,cluster_0665,1,val,False,False
medmcqa::abed431b-5d40-4df7-9f7b-4088185b5728,medmcqa,abed431b-5d40-4df7-9f7b-4088185b5728,cluster_0666,1,train,False,False
medmcqa::ac97880a-0862-45cf-bed5-a2000a93343c,medmcqa,ac97880a-0862-45cf-bed5-a2000a93343c,cluster_0667,1,final_test,False,False
medmcqa::ad06ae5e-77fc-42e4-b2cc-b33069ad0d9d,medmcqa,ad06ae5e-77fc-42e4-b2cc-b33069ad0d9d,cluster_0668,1,train,False,False
medmcqa::ad581666-9c58-4d4a-a9df-8c4743715a53,medmcqa,ad581666-9c58-4d4a-a9df-8c4743715a53,cluster_0669,1,train,False,False
medmcqa::ad6af2c6-763f-42f8-bcfb-57752a45b311,medmcqa,ad6af2c6-763f-42f8-bcfb-57752a45b311,cluster_0670,1,diagnostic,True,False
medmcqa::ad724a47-320a-4b79-81d9-8bea8da0f4a5,medmcqa,ad724a47-320a-4b79-81d9-8bea8da0f4a5,cluster_0671,1,train,False,False
medmcqa::ae05f0f4-de2f-43c0-9233-6ba28a77c8d3,medmcqa,ae05f0f4-de2f-43c0-9233-6ba28a77c8d3,cluster_0672,1,train,False,False
medmcqa::ae166e0e-586c-42ab-9438-dd02125e35c0,medmcqa,ae166e0e-586c-42ab-9438-dd02125e35c0,cluster_0673,1,train,False,False
medmcqa::ae5183a1-f2a6-4071-8cab-611ccc927599,medmcqa,ae5183a1-f2a6-4071-8cab-611ccc927599,cluster_0674,1,train,False,False
medmcqa::ae962062-af3e-4fcb-a952-a71b7a3c726d,medmcqa,ae962062-af3e-4fcb-a952-a71b7a3c726d,cluster_0675,1,train,False,False
medmcqa::aec7983a-c204-4413-a238-5363abd77faa,medmcqa,aec7983a-c204-4413-a238-5363abd77faa,cluster_0676,1,train,False,False
medmcqa::af64e0dd-f66f-496a-8b0d-13daf729cf5f,medmcqa,af64e0dd-f66f-496a-8b0d-13daf729cf5f,cluster_0677,1,train,False,False
medmcqa::af75fc76-911b-48da-9ca0-75a8c912c18b,medmcqa,af75fc76-911b-48da-9ca0-75a8c912c18b,cluster_0678,1,final_test,False,False
medmcqa::af87accb-34b2-42de-be48-16e94bbf22ab,medmcqa,af87accb-34b2-42de-be48-16e94bbf22ab,cluster_0679,1,train,False,False
medmcqa::afa56a9e-0043-49c0-b1e3-36bbdf3c9571,medmcqa,afa56a9e-0043-49c0-b1e3-36bbdf3c9571,cluster_0680,1,train,False,False
medmcqa::b0710c52-911e-4db7-9f74-5f92160b0eb3,medmcqa,b0710c52-911e-4db7-9f74-5f92160b0eb3,cluster_0681,1,train,False,False
medmcqa::b0850f0d-2018-4502-ae2d-24f19d2053db,medmcqa,b0850f0d-2018-4502-ae2d-24f19d2053db,cluster_0682,1,train,False,False
medmcqa::b0ed6bc7-e3ee-4e1b-abf2-b0fecb47c96c,medmcqa,b0ed6bc7-e3ee-4e1b-abf2-b0fecb47c96c,cluster_0683,1,train,False,False
medmcqa::b16d89a9-51bf-4317-9363-2f8a6629d68f,medmcqa,b16d89a9-51bf-4317-9363-2f8a6629d68f,cluster_0684,1,train,False,False
medmcqa::b20d6d5a-8860-4dd0-9065-e613a34ac615,medmcqa,b20d6d5a-8860-4dd0-9065-e613a34ac615,cluster_0685,1,val,False,False
medmcqa::b21a38b8-c966-425a-a140-9ff775745931,medmcqa,b21a38b8-c966-425a-a140-9ff775745931,cluster_0686,1,train,False,False
medmcqa::b22457e3-c620-4a3d-bde1-0aa6e6c185a7,medmcqa,b22457e3-c620-4a3d-bde1-0aa6e6c185a7,cluster_0687,1,val,False,False
medmcqa::b2ea1b5d-abd4-426d-823c-facdd2547357,medmcqa,b2ea1b5d-abd4-426d-823c-facdd2547357,cluster_0688,1,final_test,False,False
medmcqa::b35f0835-c501-4235-bd84-611d6098907a,medmcqa,b35f0835-c501-4235-bd84-611d6098907a,cluster_0689,1,train,False,False
medmcqa::b3c55a62-5e13-402f-a6d4-6d8feb954d95,medmcqa,b3c55a62-5e13-402f-a6d4-6d8feb954d95,cluster_0690,1,train,False,False
medmcqa::b3eb29e7-c094-4225-8379-8e4341a621a6,medmcqa,b3eb29e7-c094-4225-8379-8e4341a621a6,cluster_0691,1,train,False,False
medmcqa::b4723de5-5313-495c-b366-464e4e5cd145,medmcqa,b4723de5-5313-495c-b366-464e4e5cd145,cluster_0692,1,train,False,False
medmcqa::b478535e-7c19-45f4-9041-357628a77e73,medmcqa,b478535e-7c19-45f4-9041-357628a77e73,cluster_0693,1,train,False,False
medmcqa::b4bc58aa-2cda-4903-9111-bb1517f8513b,medmcqa,b4bc58aa-2cda-4903-9111-bb1517f8513b,cluster_0694,1,train,False,False
medmcqa::b4c3fa06-01fe-4c3c-8521-25299a221d43,medmcqa,b4c3fa06-01fe-4c3c-8521-25299a221d43,cluster_0695,1,diagnostic,True,False
medmcqa::b4eb3c97-408a-4f77-84df-620c3a02ebae,medmcqa,b4eb3c97-408a-4f77-84df-620c3a02ebae,cluster_0696,1,final_test,False,False
medmcqa::b5aac757-6fb7-48f0-8179-21ffde466c0d,medmcqa,b5aac757-6fb7-48f0-8179-21ffde466c0d,cluster_0697,1,diagnostic,True,False
medmcqa::b5d6f664-7734-48e9-8a58-0966937fe271,medmcqa,b5d6f664-7734-48e9-8a58-0966937fe271,cluster_0698,1,train,False,False
medmcqa::b64a9cd7-d076-4c55-8be1-f9c44fece6cc,medmcqa,b64a9cd7-d076-4c55-8be1-f9c44fece6cc,cluster_0699,1,train,False,False
medmcqa::b64edf88-505f-4eed-a95c-0bb506eaddf1,medmcqa,b64edf88-505f-4eed-a95c-0bb506eaddf1,cluster_0700,1,train,False,False
medmcqa::b674d02e-af50-4f16-9f81-e3983a854b6a,medmcqa,b674d02e-af50-4f16-9f81-e3983a854b6a,cluster_0701,1,final_test,False,False
medmcqa::b7a4a79f-e53f-42d8-bba2-3bef01840d17,medmcqa,b7a4a79f-e53f-42d8-bba2-3bef01840d17,cluster_0702,1,final_test,False,False
medmcqa::b807b86e-b050-49cb-9d49-a57279ab77b2,medmcqa,b807b86e-b050-49cb-9d49-a57279ab77b2,cluster_0703,1,val,False,False
medmcqa::b81486a0-3a2d-447b-b740-7d086488d10c,medmcqa,b81486a0-3a2d-447b-b740-7d086488d10c,cluster_0704,1,train,False,False
medmcqa::b8488adf-b96a-44e1-a681-3ed4a22ec5e6,medmcqa,b8488adf-b96a-44e1-a681-3ed4a22ec5e6,cluster_0705,1,final_test,False,False
medmcqa::b84e818e-f4e5-4cf9-a6a6-4e13640d3fcf,medmcqa,b84e818e-f4e5-4cf9-a6a6-4e13640d3fcf,cluster_0706,1,train,False,False
medmcqa::b8621196-05ba-414e-a112-0b48be3fcd7c,medmcqa,b8621196-05ba-414e-a112-0b48be3fcd7c,cluster_0707,1,train,False,False
medmcqa::b874e4a2-0b9e-4333-b9b0-70a44664022a,medmcqa,b874e4a2-0b9e-4333-b9b0-70a44664022a,cluster_0708,1,train,False,False
medmcqa::b8df6117-aaba-476a-b6b7-08ebee57de0e,medmcqa,b8df6117-aaba-476a-b6b7-08ebee57de0e,cluster_0709,1,train,False,False
medmcqa::b924fda5-b814-48da-bd8a-4a5c46c292c6,medmcqa,b924fda5-b814-48da-bd8a-4a5c46c292c6,cluster_0710,1,final_test,False,False
medmcqa::b92c7401-27d9-4cc0-80f1-5e6369047365,medmcqa,b92c7401-27d9-4cc0-80f1-5e6369047365,cluster_0711,1,train,False,False
medmcqa::b93d50ff-b9a6-4a82-adaa-4436036de0dd,medmcqa,b93d50ff-b9a6-4a82-adaa-4436036de0dd,cluster_0712,1,final_test,False,False
medmcqa::b98c9b26-1cf3-4d2f-80e5-ba589c91b94f,medmcqa,b98c9b26-1cf3-4d2f-80e5-ba589c91b94f,cluster_0713,1,train,False,False
medmcqa::b9ad0558-8257-4446-bcae-f264097ab0a5,medmcqa,b9ad0558-8257-4446-bcae-f264097ab0a5,cluster_0714,1,train,False,False
medmcqa::b9cbbe45-fa4a-4a54-b4f3-143039171071,medmcqa,b9cbbe45-fa4a-4a54-b4f3-143039171071,cluster_0715,1,train,False,False
medmcqa::b9cd03fe-1e71-40b6-8e36-ac0d9d387d85,medmcqa,b9cd03fe-1e71-40b6-8e36-ac0d9d387d85,cluster_0716,1,train,False,False
medmcqa::b9d0ecb7-910b-4740-a744-5e7fa0780a3e,medmcqa,b9d0ecb7-910b-4740-a744-5e7fa0780a3e,cluster_0717,1,train,False,False
medmcqa::ba3d2acf-22c5-416f-9d73-63d879a0a03c,medmcqa,ba3d2acf-22c5-416f-9d73-63d879a0a03c,cluster_0718,1,final_test,False,False
medmcqa::ba705377-5543-4350-8483-bf984e4ccf15,medmcqa,ba705377-5543-4350-8483-bf984e4ccf15,cluster_0719,1,train,False,False
medmcqa::babb3528-da02-4ffa-b15f-4a678c902be2,medmcqa,babb3528-da02-4ffa-b15f-4a678c902be2,cluster_0720,1,train,False,False
medmcqa::baf1db57-4ba1-4730-ae61-be7c5ae948d0,medmcqa,baf1db57-4ba1-4730-ae61-be7c5ae948d0,cluster_0721,1,train,False,False
medmcqa::bb46d4ce-440a-4cea-ab6f-75ce99cdd3aa,medmcqa,bb46d4ce-440a-4cea-ab6f-75ce99cdd3aa,cluster_0722,1,val,False,False
medmcqa::bbb8ca0b-54ed-4f08-a87d-8eef087e37f1,medmcqa,bbb8ca0b-54ed-4f08-a87d-8eef087e37f1,cluster_0723,1,train,False,False
medmcqa::bbf80ddc-3f79-48db-ad1e-5e6d0322704a,medmcqa,bbf80ddc-3f79-48db-ad1e-5e6d0322704a,cluster_0724,1,final_test,False,False
medmcqa::bc041127-1659-41db-909f-71bc5514bc5c,medmcqa,bc041127-1659-41db-909f-71bc5514bc5c,cluster_0725,1,train,False,False
medmcqa::bc46c956-a37d-4804-91ac-fa804db85897,medmcqa,bc46c956-a37d-4804-91ac-fa804db85897,cluster_0726,1,train,False,False
medmcqa::bc4f5387-b4e2-4c9f-9372-d2578aa9848d,medmcqa,bc4f5387-b4e2-4c9f-9372-d2578aa9848d,cluster_0727,1,train,False,False
medmcqa::bc6e7601-e544-4e20-ab7c-ad493a4aa325,medmcqa,bc6e7601-e544-4e20-ab7c-ad493a4aa325,cluster_0728,1,train,False,False
medmcqa::bc7fdabc-0c33-4e85-befe-0015ca601164,medmcqa,bc7fdabc-0c33-4e85-befe-0015ca601164,cluster_0729,1,train,False,False
medmcqa::bd013977-8ad6-4328-831f-360862a6c3f2,medmcqa,bd013977-8ad6-4328-831f-360862a6c3f2,cluster_0730,1,train,False,False
medmcqa::bd0ed5fa-d212-4dfc-bba3-9706fe6a228d,medmcqa,bd0ed5fa-d212-4dfc-bba3-9706fe6a228d,cluster_0731,1,train,False,False
medmcqa::be3afdad-0f5b-4443-8293-746222d73844,medmcqa,be3afdad-0f5b-4443-8293-746222d73844,cluster_0732,1,train,False,False
medmcqa::be51a97c-7791-4710-8fd5-87de14ec3c09,medmcqa,be51a97c-7791-4710-8fd5-87de14ec3c09,cluster_0733,1,final_test,False,False
medmcqa::be9a2669-d3a5-41a7-9b1b-608757751254,medmcqa,be9a2669-d3a5-41a7-9b1b-608757751254,cluster_0734,1,diagnostic,True,True
medmcqa::bf1695d4-b341-49a2-9144-aa52d346c645,medmcqa,bf1695d4-b341-49a2-9144-aa52d346c645,cluster_0735,1,val,False,False
medmcqa::bf8d5b76-bda5-4221-95ef-d536c00c24ee,medmcqa,bf8d5b76-bda5-4221-95ef-d536c00c24ee,cluster_0736,1,train,False,False
medmcqa::bfe1f29e-4880-4b0b-bc9e-c9b96f580f47,medmcqa,bfe1f29e-4880-4b0b-bc9e-c9b96f580f47,cluster_0737,1,diagnostic,True,False
medmcqa::c0204a2d-5c44-448e-8e25-b5185ba64152,medmcqa,c0204a2d-5c44-448e-8e25-b5185ba64152,cluster_0738,1,train,False,False
medmcqa::c03c5c4d-5433-4515-a343-12c7f0ea1e07,medmcqa,c03c5c4d-5433-4515-a343-12c7f0ea1e07,cluster_0739,1,train,False,False
medmcqa::c04418b3-8abb-4cb3-bd56-d5c2fd9adc70,medmcqa,c04418b3-8abb-4cb3-bd56-d5c2fd9adc70,cluster_0740,1,train,False,False
medmcqa::c0548093-a9d1-4cbf-82e1-e04613825ddf,medmcqa,c0548093-a9d1-4cbf-82e1-e04613825ddf,cluster_0741,1,final_test,False,False
medmcqa::c06d48a3-baba-4dfd-8144-39234497be00,medmcqa,c06d48a3-baba-4dfd-8144-39234497be00,cluster_0742,1,train,False,False
medmcqa::c0991329-cb18-490a-b032-579c7331ffad,medmcqa,c0991329-cb18-490a-b032-579c7331ffad,cluster_0743,1,train,False,False
medmcqa::c0bf19ac-df23-4d2b-8a88-0b2f256fed66,medmcqa,c0bf19ac-df23-4d2b-8a88-0b2f256fed66,cluster_0744,1,train,False,False
medmcqa::c0ed32bb-dbf2-4184-91f0-ee93c27f119f,medmcqa,c0ed32bb-dbf2-4184-91f0-ee93c27f119f,cluster_0745,1,val,False,False
medmcqa::c11f2ef3-043b-4b7a-856e-1bd527cb4d7a,medmcqa,c11f2ef3-043b-4b7a-856e-1bd527cb4d7a,cluster_0746,1,train,False,False
medmcqa::c16a9d6e-5e30-4209-94b1-1f9e8444c9c9,medmcqa,c16a9d6e-5e30-4209-94b1-1f9e8444c9c9,cluster_0747,1,val,False,False
medmcqa::c1730172-912a-4744-ad47-3034848202c7,medmcqa,c1730172-912a-4744-ad47-3034848202c7,cluster_0748,1,final_test,False,False
medmcqa::c1905ae5-b13b-4f01-8797-d1eb7043d461,medmcqa,c1905ae5-b13b-4f01-8797-d1eb7043d461,cluster_0749,1,train,False,False
medmcqa::c1aa8a36-280b-4195-b6eb-7f5b581ded0d,medmcqa,c1aa8a36-280b-4195-b6eb-7f5b581ded0d,cluster_0750,1,final_test,False,False
medmcqa::c214089e-b1b2-4249-9e29-1a75afc53dff,medmcqa,c214089e-b1b2-4249-9e29-1a75afc53dff,cluster_0751,1,train,False,False
medmcqa::c22f03e2-d4ca-4d27-a7ca-fbd3386a6530,medmcqa,c22f03e2-d4ca-4d27-a7ca-fbd3386a6530,cluster_0752,1,train,False,False
medmcqa::c2542b42-64dc-4d68-a53b-92567fba08d1,medmcqa,c2542b42-64dc-4d68-a53b-92567fba08d1,cluster_0753,1,final_test,False,False
medmcqa::c259b95d-ccce-4c4b-9514-76a225cf4bf2,medmcqa,c259b95d-ccce-4c4b-9514-76a225cf4bf2,cluster_0754,1,train,False,False
medmcqa::c25d4907-49a0-4104-83d2-df515cdcf676,medmcqa,c25d4907-49a0-4104-83d2-df515cdcf676,cluster_0755,1,train,False,False
medmcqa::c27e7c0b-7d26-4ca7-b537-c44b71114d55,medmcqa,c27e7c0b-7d26-4ca7-b537-c44b71114d55,cluster_0756,1,train,False,False
medmcqa::c2966f39-a3e7-464d-9048-937bf330c794,medmcqa,c2966f39-a3e7-464d-9048-937bf330c794,cluster_0757,1,train,False,False
medmcqa::c2b92bd3-f89c-429e-be8d-25d2d6c5806e,medmcqa,c2b92bd3-f89c-429e-be8d-25d2d6c5806e,cluster_0758,1,train,False,False
medmcqa::c2c17a3d-3302-481b-8550-6985d54126c7,medmcqa,c2c17a3d-3302-481b-8550-6985d54126c7,cluster_0759,1,train,False,False
medmcqa::c2cf6fda-d767-48e5-acbe-c663d376240b,medmcqa,c2cf6fda-d767-48e5-acbe-c663d376240b,cluster_0760,1,train,False,False
medmcqa::c34c9996-5391-4655-9249-948fe2cb0d2b,medmcqa,c34c9996-5391-4655-9249-948fe2cb0d2b,cluster_0761,1,diagnostic,True,False
medmcqa::c3a007df-7c45-4ef1-a1b9-9814f4045ad2,medmcqa,c3a007df-7c45-4ef1-a1b9-9814f4045ad2,cluster_0762,1,train,False,False
medmcqa::c3b4d610-571b-4e86-be27-d41b8b2efc65,medmcqa,c3b4d610-571b-4e86-be27-d41b8b2efc65,cluster_0763,1,diagnostic,True,False
medmcqa::c41e6817-ab7a-4208-aa4b-d89da0668ac9,medmcqa,c41e6817-ab7a-4208-aa4b-d89da0668ac9,cluster_0764,1,train,False,False
medmcqa::c434a6cb-2867-4c28-a032-a0fc2bba700a,medmcqa,c434a6cb-2867-4c28-a032-a0fc2bba700a,cluster_0765,1,final_test,False,False
medmcqa::c48cca4e-55ef-4a73-b07d-6ac3a3c5c1eb,medmcqa,c48cca4e-55ef-4a73-b07d-6ac3a3c5c1eb,cluster_0766,1,train,False,False
medmcqa::c48fcdd2-948f-41e7-a457-56f42646cc60,medmcqa,c48fcdd2-948f-41e7-a457-56f42646cc60,cluster_0767,1,diagnostic,True,False
medmcqa::c4caf8e5-f647-49b9-8e91-b5f18d3c24e5,medmcqa,c4caf8e5-f647-49b9-8e91-b5f18d3c24e5,cluster_0768,1,train,False,False
medmcqa::c4dcbe78-cfc2-4499-a2f1-73e18d4e8cab,medmcqa,c4dcbe78-cfc2-4499-a2f1-73e18d4e8cab,cluster_0769,1,train,False,False
medmcqa::c5040490-158b-4b0c-9d6d-5c9db9e5935d,medmcqa,c5040490-158b-4b0c-9d6d-5c9db9e5935d,cluster_0770,1,final_test,False,False
medmcqa::c50595f4-3310-4c33-840e-2e06dbf4ea50,medmcqa,c50595f4-3310-4c33-840e-2e06dbf4ea50,cluster_0771,1,train,False,False
medmcqa::c5065606-5cbb-4adc-85a7-f7e14bf4a75e,medmcqa,c5065606-5cbb-4adc-85a7-f7e14bf4a75e,cluster_0772,1,diagnostic,True,False
medmcqa::c54f6d65-4afa-4778-8c98-b32ff9a9782d,medmcqa,c54f6d65-4afa-4778-8c98-b32ff9a9782d,cluster_0773,1,train,False,False
medmcqa::c56d4b66-8192-4b25-9d20-7312a5f5d4cb,medmcqa,c56d4b66-8192-4b25-9d20-7312a5f5d4cb,cluster_0774,1,final_test,False,False
medmcqa::c57fffae-d994-4330-aece-6019507ac1c0,medmcqa,c57fffae-d994-4330-aece-6019507ac1c0,cluster_0775,1,train,False,False
medmcqa::c5ca31d6-b2b8-4ff5-b2ee-637e216bbec0,medmcqa,c5ca31d6-b2b8-4ff5-b2ee-637e216bbec0,cluster_0776,1,train,False,False
medmcqa::c5d41fc0-2e6a-4348-848e-5dabfa570178,medmcqa,c5d41fc0-2e6a-4348-848e-5dabfa570178,cluster_0777,1,train,False,False
medmcqa::c5e9dc1a-58ce-4be0-81bc-cb909c312257,medmcqa,c5e9dc1a-58ce-4be0-81bc-cb909c312257,cluster_0778,1,train,False,False
medmcqa::c638cfdd-4eb0-49ad-8580-fe9ba51118ef,medmcqa,c638cfdd-4eb0-49ad-8580-fe9ba51118ef,cluster_0779,1,train,False,False
medmcqa::c6a12e46-d354-43bf-9230-6fe2fb96feab,medmcqa,c6a12e46-d354-43bf-9230-6fe2fb96feab,cluster_0780,1,train,False,False
medmcqa::c740e921-43fe-426e-848b-1d918f8424a7,medmcqa,c740e921-43fe-426e-848b-1d918f8424a7,cluster_0781,1,train,False,False
medmcqa::c7f81422-57d3-4a31-ae96-83ca3f999334,medmcqa,c7f81422-57d3-4a31-ae96-83ca3f999334,cluster_0782,1,train,False,False
medmcqa::c81737c5-c5eb-4b37-94c9-492808675a80,medmcqa,c81737c5-c5eb-4b37-94c9-492808675a80,cluster_0783,1,train,False,False
medmcqa::c8353fc5-db77-40d7-970a-64309e53ba93,medmcqa,c8353fc5-db77-40d7-970a-64309e53ba93,cluster_0784,1,train,False,False
medmcqa::c836b9a4-0181-424c-a961-88278c54eceb,medmcqa,c836b9a4-0181-424c-a961-88278c54eceb,cluster_0311,2,train,False,False
medmcqa::c839b148-d464-4420-9f5d-d66be78d0fd5,medmcqa,c839b148-d464-4420-9f5d-d66be78d0fd5,cluster_0785,1,val,False,False
medmcqa::c850f730-17c6-4978-a37e-93796d1a0e9e,medmcqa,c850f730-17c6-4978-a37e-93796d1a0e9e,cluster_0786,1,final_test,False,False
medmcqa::c953149a-a76d-47a2-8d08-35614f87217a,medmcqa,c953149a-a76d-47a2-8d08-35614f87217a,cluster_0787,1,train,False,False
medmcqa::c9b1f63c-3d20-4494-a936-268e426d0c73,medmcqa,c9b1f63c-3d20-4494-a936-268e426d0c73,cluster_0788,1,final_test,False,False
medmcqa::c9cba9dd-2aa1-4cb0-b01e-18bc141940c3,medmcqa,c9cba9dd-2aa1-4cb0-b01e-18bc141940c3,cluster_0789,1,val,False,False
medmcqa::ca435de5-729e-4d62-8d92-116f5afb5a48,medmcqa,ca435de5-729e-4d62-8d92-116f5afb5a48,cluster_0790,1,train,False,False
medmcqa::cb8ea9a3-b993-4d69-a1e2-aa031b0bdb11,medmcqa,cb8ea9a3-b993-4d69-a1e2-aa031b0bdb11,cluster_0791,1,val,False,False
medmcqa::cbed1f88-337c-4896-b58b-daa523d9baf0,medmcqa,cbed1f88-337c-4896-b58b-daa523d9baf0,cluster_0792,1,val,False,False
medmcqa::cc1da36a-147f-4b74-9015-b7640ebb7ead,medmcqa,cc1da36a-147f-4b74-9015-b7640ebb7ead,cluster_0793,1,train,False,False
medmcqa::cc65668e-675f-4422-a28f-96df292dc630,medmcqa,cc65668e-675f-4422-a28f-96df292dc630,cluster_0794,1,train,False,False
medmcqa::cc879c0d-5bf0-407c-bbb6-a0a1332e04e1,medmcqa,cc879c0d-5bf0-407c-bbb6-a0a1332e04e1,cluster_0795,1,train,False,False
medmcqa::cc9a8448-c6e4-4a67-b2b5-153205840089,medmcqa,cc9a8448-c6e4-4a67-b2b5-153205840089,cluster_0796,1,val,False,False
medmcqa::ccca9015-2ce5-40cf-bed4-187f9428d984,medmcqa,ccca9015-2ce5-40cf-bed4-187f9428d984,cluster_0797,1,train,False,False
medmcqa::cd3ee63d-d3f2-44ea-a18c-dbf9bf1c57cf,medmcqa,cd3ee63d-d3f2-44ea-a18c-dbf9bf1c57cf,cluster_0798,1,train,False,False
medmcqa::cd810094-0eba-482e-b598-78e7470bd340,medmcqa,cd810094-0eba-482e-b598-78e7470bd340,cluster_0799,1,final_test,False,False
medmcqa::ce25cfa6-0524-4cfc-889b-a17312f2642b,medmcqa,ce25cfa6-0524-4cfc-889b-a17312f2642b,cluster_0800,1,final_test,False,False
medmcqa::ce41e98c-3f43-4c6a-9dbb-74c77dc10584,medmcqa,ce41e98c-3f43-4c6a-9dbb-74c77dc10584,cluster_0801,1,train,False,False
medmcqa::ce4876e4-6a17-465e-a1c4-6353dad02e85,medmcqa,ce4876e4-6a17-465e-a1c4-6353dad02e85,cluster_0802,1,train,False,False
medmcqa::ce7d3beb-17f5-416a-9584-6fdf807f4d99,medmcqa,ce7d3beb-17f5-416a-9584-6fdf807f4d99,cluster_0803,1,train,False,False
medmcqa::cef58dc3-f340-4f76-909d-8f9fb4866e29,medmcqa,cef58dc3-f340-4f76-909d-8f9fb4866e29,cluster_0804,1,train,False,False
medmcqa::cf03b2b0-0dda-490a-b811-145c4b30f113,medmcqa,cf03b2b0-0dda-490a-b811-145c4b30f113,cluster_0805,1,train,False,False
medmcqa::cf9116f0-d344-4b8d-b010-050ac77a8dd1,medmcqa,cf9116f0-d344-4b8d-b010-050ac77a8dd1,cluster_0806,1,train,False,False
medmcqa::d006aa96-3d16-47be-9bdf-f70ea2827b66,medmcqa,d006aa96-3d16-47be-9bdf-f70ea2827b66,cluster_0807,1,final_test,False,False
medmcqa::d04e9217-abaf-4e62-89ed-5d443c9aa4f2,medmcqa,d04e9217-abaf-4e62-89ed-5d443c9aa4f2,cluster_0808,1,train,False,False
medmcqa::d0b610ce-0221-413d-8d59-aca1b5a1a254,medmcqa,d0b610ce-0221-413d-8d59-aca1b5a1a254,cluster_0809,1,diagnostic,True,False
medmcqa::d0bb44e4-6d29-4b19-8046-c47c28b48bc5,medmcqa,d0bb44e4-6d29-4b19-8046-c47c28b48bc5,cluster_0810,1,train,False,False
medmcqa::d13f2a21-04e2-4c68-9f60-d02262a7ab55,medmcqa,d13f2a21-04e2-4c68-9f60-d02262a7ab55,cluster_0811,1,train,False,False
medmcqa::d17b270d-86c3-4b7d-ad1b-d1175e0b406a,medmcqa,d17b270d-86c3-4b7d-ad1b-d1175e0b406a,cluster_0812,1,final_test,False,False
medmcqa::d2198d20-fa7b-4abd-a3f6-d849ee0973fb,medmcqa,d2198d20-fa7b-4abd-a3f6-d849ee0973fb,cluster_0813,1,final_test,False,False
medmcqa::d2aaf9d3-3ec9-450c-94cd-7df423fe49e8,medmcqa,d2aaf9d3-3ec9-450c-94cd-7df423fe49e8,cluster_0814,1,train,False,False
medmcqa::d2b086eb-138b-4104-b30c-7e54f00b0d1c,medmcqa,d2b086eb-138b-4104-b30c-7e54f00b0d1c,cluster_0815,1,train,False,False
medmcqa::d2f3fa53-c024-4179-bf34-169fd7b99fc9,medmcqa,d2f3fa53-c024-4179-bf34-169fd7b99fc9,cluster_0816,1,val,False,False
medmcqa::d30810ac-71e2-4a3b-be2f-f8b29b0f1055,medmcqa,d30810ac-71e2-4a3b-be2f-f8b29b0f1055,cluster_0817,1,train,False,False
medmcqa::d32f0f04-48eb-4a63-bae0-705aed8793a3,medmcqa,d32f0f04-48eb-4a63-bae0-705aed8793a3,cluster_0818,1,val,False,False
medmcqa::d339b10a-b196-4275-be32-cf575bb7f506,medmcqa,d339b10a-b196-4275-be32-cf575bb7f506,cluster_0819,1,train,False,False
medmcqa::d3610034-9a33-48ef-ac6e-5fb36e22f076,medmcqa,d3610034-9a33-48ef-ac6e-5fb36e22f076,cluster_0820,1,train,False,False
medmcqa::d3b541c9-d300-4ced-9a2c-c64eaa672ff0,medmcqa,d3b541c9-d300-4ced-9a2c-c64eaa672ff0,cluster_0821,1,train,False,False
medmcqa::d3d896df-5856-43da-9baa-4f4ddaefde74,medmcqa,d3d896df-5856-43da-9baa-4f4ddaefde74,cluster_0822,1,train,False,False
medmcqa::d462a540-afc7-4f6a-a396-daddb1b5c3ef,medmcqa,d462a540-afc7-4f6a-a396-daddb1b5c3ef,cluster_0823,1,train,False,False
medmcqa::d4f6fc8c-f415-4619-9831-8da71140bbac,medmcqa,d4f6fc8c-f415-4619-9831-8da71140bbac,cluster_0824,1,train,False,False
medmcqa::d55629c9-7b28-4491-b0af-f7cbfd962a08,medmcqa,d55629c9-7b28-4491-b0af-f7cbfd962a08,cluster_0825,1,train,False,False
medmcqa::d5a0c042-97e7-47a6-b4aa-e3900f02c511,medmcqa,d5a0c042-97e7-47a6-b4aa-e3900f02c511,cluster_0826,1,val,False,False
medmcqa::d5a3e0d8-3ce2-455c-96c6-b5b9fec203a0,medmcqa,d5a3e0d8-3ce2-455c-96c6-b5b9fec203a0,cluster_0827,1,val,False,False
medmcqa::d5f7c86d-3441-4fdd-8618-8510dbead871,medmcqa,d5f7c86d-3441-4fdd-8618-8510dbead871,cluster_0828,1,val,False,False
medmcqa::d671e7e4-0614-4b11-8be3-2f453b05e38f,medmcqa,d671e7e4-0614-4b11-8be3-2f453b05e38f,cluster_0829,1,train,False,False
medmcqa::d68d6158-666d-424d-9f9b-26cf0fe6acf5,medmcqa,d68d6158-666d-424d-9f9b-26cf0fe6acf5,cluster_0830,1,train,False,False
medmcqa::d73fd51d-04c8-44c3-a4af-6b1cf3c3d88c,medmcqa,d73fd51d-04c8-44c3-a4af-6b1cf3c3d88c,cluster_0831,1,final_test,False,False
medmcqa::d75dc767-c74f-4b3d-a2bd-f5e6c082e497,medmcqa,d75dc767-c74f-4b3d-a2bd-f5e6c082e497,cluster_0832,1,train,False,False
medmcqa::d77c2d88-dbf2-4ea8-b291-013567c11326,medmcqa,d77c2d88-dbf2-4ea8-b291-013567c11326,cluster_0833,1,train,False,False
medmcqa::d78f3997-44bd-4b80-acd5-ac1b36c33cf2,medmcqa,d78f3997-44bd-4b80-acd5-ac1b36c33cf2,cluster_0834,1,train,False,False
medmcqa::d8458f0b-fe46-465b-9f9d-85ff2379f6e1,medmcqa,d8458f0b-fe46-465b-9f9d-85ff2379f6e1,cluster_0835,1,final_test,False,False
medmcqa::d8a284c5-175a-4439-8ef2-5ff24b41f3cc,medmcqa,d8a284c5-175a-4439-8ef2-5ff24b41f3cc,cluster_0836,1,train,False,False
medmcqa::d8a84d76-2c83-4310-8ae2-7e5a72bc7697,medmcqa,d8a84d76-2c83-4310-8ae2-7e5a72bc7697,cluster_0837,1,train,False,False
medmcqa::d8b1befc-377a-4e40-aef2-3bca58710670,medmcqa,d8b1befc-377a-4e40-aef2-3bca58710670,cluster_0838,1,train,False,False
medmcqa::d8b70d4b-8a90-4739-b18a-33c1d42b9708,medmcqa,d8b70d4b-8a90-4739-b18a-33c1d42b9708,cluster_0839,1,train,False,False
medmcqa::d98f10a4-8b10-44bd-8160-ec5719d2f4c1,medmcqa,d98f10a4-8b10-44bd-8160-ec5719d2f4c1,cluster_0840,1,final_test,False,False
medmcqa::d9c876f6-673e-4ef8-8b2b-ec8a5d6c9d63,medmcqa,d9c876f6-673e-4ef8-8b2b-ec8a5d6c9d63,cluster_0841,1,val,False,False
medmcqa::da27e783-4c0b-4621-bc3d-938a109d8425,medmcqa,da27e783-4c0b-4621-bc3d-938a109d8425,cluster_0842,1,train,False,False
medmcqa::da7641d0-e85e-441f-b911-066b47ca059c,medmcqa,da7641d0-e85e-441f-b911-066b47ca059c,cluster_0843,1,train,False,False
medmcqa::da79693f-973b-4bcf-8b42-3f5f8ccf46f1,medmcqa,da79693f-973b-4bcf-8b42-3f5f8ccf46f1,cluster_0844,1,train,False,False
medmcqa::da85e1d0-fb34-41b9-85a8-b21192940c58,medmcqa,da85e1d0-fb34-41b9-85a8-b21192940c58,cluster_0845,1,final_test,False,False
medmcqa::da87ee9b-12fc-4091-809b-0c2bb31a6307,medmcqa,da87ee9b-12fc-4091-809b-0c2bb31a6307,cluster_0846,1,val,False,False
medmcqa::dabfee93-2e1b-4e6c-bff6-03c025bd986f,medmcqa,dabfee93-2e1b-4e6c-bff6-03c025bd986f,cluster_0847,1,train,False,False
medmcqa::dad2c74b-cf8e-45ec-b71d-8c0dbe70ead0,medmcqa,dad2c74b-cf8e-45ec-b71d-8c0dbe70ead0,cluster_0848,1,final_test,False,False
medmcqa::db26ae0d-84ba-41a5-be53-94723de58182,medmcqa,db26ae0d-84ba-41a5-be53-94723de58182,cluster_0849,1,train,False,False
medmcqa::dc1b8f32-3a71-4533-9e99-896ba280e5cf,medmcqa,dc1b8f32-3a71-4533-9e99-896ba280e5cf,cluster_0850,1,train,False,False
medmcqa::dc248bc1-20c6-4aca-a7db-3642df59fe8a,medmcqa,dc248bc1-20c6-4aca-a7db-3642df59fe8a,cluster_0851,1,train,False,False
medmcqa::dc2afba7-fa3d-4e64-b1cf-8dbf31e96100,medmcqa,dc2afba7-fa3d-4e64-b1cf-8dbf31e96100,cluster_0852,1,val,False,False
medmcqa::dc531f41-5306-431e-b925-b56c77261c5b,medmcqa,dc531f41-5306-431e-b925-b56c77261c5b,cluster_0853,1,train,False,False
medmcqa::dc8f8f08-ca45-4ad5-ad3f-278eb9e2bd49,medmcqa,dc8f8f08-ca45-4ad5-ad3f-278eb9e2bd49,cluster_0854,1,train,False,False
medmcqa::dccadcab-84e0-4aec-b33a-7509f61f07fe,medmcqa,dccadcab-84e0-4aec-b33a-7509f61f07fe,cluster_0855,1,train,False,False
medmcqa::dcefed9b-19be-4331-ac01-6876e7d194f4,medmcqa,dcefed9b-19be-4331-ac01-6876e7d194f4,cluster_0856,1,train,False,False
medmcqa::dd05805a-f289-42bd-8377-e0e8fdfcff8b,medmcqa,dd05805a-f289-42bd-8377-e0e8fdfcff8b,cluster_0857,1,train,False,False
medmcqa::dd835fff-6a22-4d99-8d97-6d3524548997,medmcqa,dd835fff-6a22-4d99-8d97-6d3524548997,cluster_0858,1,train,False,False
medmcqa::dd8ed71b-5a18-4683-a64f-6187c82c94ed,medmcqa,dd8ed71b-5a18-4683-a64f-6187c82c94ed,cluster_0859,1,train,False,False
medmcqa::dde225f7-adf4-41e8-afe5-f12ab7801578,medmcqa,dde225f7-adf4-41e8-afe5-f12ab7801578,cluster_0860,1,train,False,False
medmcqa::de09d388-bd4e-42a9-ac6b-ee2d95f822e2,medmcqa,de09d388-bd4e-42a9-ac6b-ee2d95f822e2,cluster_0861,1,train,False,False
medmcqa::dee8c0a8-bcc0-4f67-815f-4a7b1c0963bc,medmcqa,dee8c0a8-bcc0-4f67-815f-4a7b1c0963bc,cluster_0862,1,val,False,False
medmcqa::df493519-1b08-442e-853c-edd9ca4f6f57,medmcqa,df493519-1b08-442e-853c-edd9ca4f6f57,cluster_0863,1,val,False,False
medmcqa::df8ae3bc-aef6-48d0-8033-d715cfe36b3d,medmcqa,df8ae3bc-aef6-48d0-8033-d715cfe36b3d,cluster_0864,1,train,False,False
medmcqa::e039fc9c-d96d-44e0-9933-b4c4d87bed58,medmcqa,e039fc9c-d96d-44e0-9933-b4c4d87bed58,cluster_0865,1,train,False,False
medmcqa::e03a6d53-0c8b-4bf7-9710-c19083bcb018,medmcqa,e03a6d53-0c8b-4bf7-9710-c19083bcb018,cluster_0866,1,train,False,False
medmcqa::e068fa99-4331-4dbd-b6f8-ae387f5bae10,medmcqa,e068fa99-4331-4dbd-b6f8-ae387f5bae10,cluster_0867,1,train,False,False
medmcqa::e15bd12a-6b91-40be-a531-eef51948125d,medmcqa,e15bd12a-6b91-40be-a531-eef51948125d,cluster_0868,1,train,False,False
medmcqa::e1a006e0-911e-407d-93d5-ce39ae7f6137,medmcqa,e1a006e0-911e-407d-93d5-ce39ae7f6137,cluster_0869,1,train,False,False
medmcqa::e1cf9f3f-2fd8-40e3-96c3-1a6ecb016b22,medmcqa,e1cf9f3f-2fd8-40e3-96c3-1a6ecb016b22,cluster_0870,1,train,False,False
medmcqa::e22b0ef5-df61-4475-b22b-30f2932f90fe,medmcqa,e22b0ef5-df61-4475-b22b-30f2932f90fe,cluster_0871,1,train,False,False
medmcqa::e261b9d5-6417-4f0e-968d-91fb3dab67e8,medmcqa,e261b9d5-6417-4f0e-968d-91fb3dab67e8,cluster_0872,1,train,False,False
medmcqa::e262d5f1-129a-4aa9-9c08-5b875b97ebb6,medmcqa,e262d5f1-129a-4aa9-9c08-5b875b97ebb6,cluster_0873,1,train,False,False
medmcqa::e2784a8a-04af-4ced-8bf8-e6c496245df2,medmcqa,e2784a8a-04af-4ced-8bf8-e6c496245df2,cluster_0874,1,train,False,False
medmcqa::e2ae0a47-f237-4f8f-9dff-5395798420e1,medmcqa,e2ae0a47-f237-4f8f-9dff-5395798420e1,cluster_0875,1,val,False,False
medmcqa::e2f38ab5-2ae2-495b-81a6-6973e7f5c793,medmcqa,e2f38ab5-2ae2-495b-81a6-6973e7f5c793,cluster_0876,1,train,False,False
medmcqa::e34449dd-8f30-4260-8771-5d70d578a83c,medmcqa,e34449dd-8f30-4260-8771-5d70d578a83c,cluster_0877,1,train,False,False
medmcqa::e3782486-d6bf-4ef2-8830-5cdfdcacb020,medmcqa,e3782486-d6bf-4ef2-8830-5cdfdcacb020,cluster_0878,1,train,False,False
medmcqa::e3b365b5-231a-4439-900a-c2cd741266a1,medmcqa,e3b365b5-231a-4439-900a-c2cd741266a1,cluster_0879,1,diagnostic,True,True
medmcqa::e3b61d23-b64b-4b3e-86a8-5b0c08cfd375,medmcqa,e3b61d23-b64b-4b3e-86a8-5b0c08cfd375,cluster_0880,1,final_test,False,False
medmcqa::e3bdd685-6159-4e8e-b379-1f3151942411,medmcqa,e3bdd685-6159-4e8e-b379-1f3151942411,cluster_0881,1,final_test,False,False
medmcqa::e3d1251f-5499-4b03-ac33-07f46f9ed0a9,medmcqa,e3d1251f-5499-4b03-ac33-07f46f9ed0a9,cluster_0882,1,train,False,False
medmcqa::e3ff3b29-7ef6-41d9-bc6e-e3d6b52d340c,medmcqa,e3ff3b29-7ef6-41d9-bc6e-e3d6b52d340c,cluster_0883,1,final_test,False,False
medmcqa::e4443b0c-20d3-464c-800b-b1ffe606f65d,medmcqa,e4443b0c-20d3-464c-800b-b1ffe606f65d,cluster_0884,1,train,False,False
medmcqa::e45de5c9-41f3-4aed-a77a-9a1cc3ee63db,medmcqa,e45de5c9-41f3-4aed-a77a-9a1cc3ee63db,cluster_0885,1,train,False,False
medmcqa::e45de692-f95a-4443-8eda-0fbe5b2626a9,medmcqa,e45de692-f95a-4443-8eda-0fbe5b2626a9,cluster_0886,1,train,False,False
medmcqa::e46fcce2-0a8b-4d37-9e84-ac6f7c227480,medmcqa,e46fcce2-0a8b-4d37-9e84-ac6f7c227480,cluster_0887,1,train,False,False
medmcqa::e49551cd-0938-4688-a453-9913cac000db,medmcqa,e49551cd-0938-4688-a453-9913cac000db,cluster_0888,1,train,False,False
medmcqa::e4ae05a7-2f9c-470b-bd09-226e43e0c31a,medmcqa,e4ae05a7-2f9c-470b-bd09-226e43e0c31a,cluster_0889,1,val,False,False
medmcqa::e4d56110-a077-483b-a4c3-8f6665e999c3,medmcqa,e4d56110-a077-483b-a4c3-8f6665e999c3,cluster_0890,1,train,False,False
medmcqa::e4e4f249-397f-4edb-b3c2-ff0220ef3092,medmcqa,e4e4f249-397f-4edb-b3c2-ff0220ef3092,cluster_0891,1,train,False,False
medmcqa::e4e65063-c1b6-43c7-9dbc-f18bffde95aa,medmcqa,e4e65063-c1b6-43c7-9dbc-f18bffde95aa,cluster_0892,1,train,False,False
medmcqa::e59d484d-0bf8-4440-9a83-29c6521a2d6d,medmcqa,e59d484d-0bf8-4440-9a83-29c6521a2d6d,cluster_0893,1,train,False,False
medmcqa::e5b8bc30-3a2c-4d33-8b63-f01d20590f5e,medmcqa,e5b8bc30-3a2c-4d33-8b63-f01d20590f5e,cluster_0894,1,val,False,False
medmcqa::e6189f82-de06-4469-b26b-1fab6e72fab8,medmcqa,e6189f82-de06-4469-b26b-1fab6e72fab8,cluster_0895,1,diagnostic,True,False
medmcqa::e665f692-489d-449b-b692-dbbf55dd018e,medmcqa,e665f692-489d-449b-b692-dbbf55dd018e,cluster_0896,1,train,False,False
medmcqa::e71cfa3d-6587-429f-8fa8-24cdd6e686d1,medmcqa,e71cfa3d-6587-429f-8fa8-24cdd6e686d1,cluster_0897,1,train,False,False
medmcqa::e7237ab3-dee3-49ef-997f-77c555541ca6,medmcqa,e7237ab3-dee3-49ef-997f-77c555541ca6,cluster_0898,1,train,False,False
medmcqa::e726a65e-0874-481f-b20e-717b951a7b73,medmcqa,e726a65e-0874-481f-b20e-717b951a7b73,cluster_0899,1,train,False,False
medmcqa::e7278113-c555-4128-a8df-cbd10ca7833f,medmcqa,e7278113-c555-4128-a8df-cbd10ca7833f,cluster_0900,1,train,False,False
medmcqa::e76e4afb-db7c-4a0e-99bd-1be821e11adf,medmcqa,e76e4afb-db7c-4a0e-99bd-1be821e11adf,cluster_0901,1,train,False,False
medmcqa::e7c84e8c-d3a6-4bb4-bc34-ad35687338b2,medmcqa,e7c84e8c-d3a6-4bb4-bc34-ad35687338b2,cluster_0902,1,final_test,False,False
medmcqa::e7fa6148-7a14-4133-a1d3-c443b970c349,medmcqa,e7fa6148-7a14-4133-a1d3-c443b970c349,cluster_0903,1,diagnostic,True,False
medmcqa::e803c024-5cd2-48f7-a3d1-c72f5e1563a6,medmcqa,e803c024-5cd2-48f7-a3d1-c72f5e1563a6,cluster_0904,1,diagnostic,True,False
medmcqa::e85a3e86-3c85-4691-ba5e-81189bae3d3d,medmcqa,e85a3e86-3c85-4691-ba5e-81189bae3d3d,cluster_0905,1,val,False,False
medmcqa::e861e9d4-e0f0-4a29-9d5b-c528d32632e0,medmcqa,e861e9d4-e0f0-4a29-9d5b-c528d32632e0,cluster_0906,1,train,False,False
medmcqa::e8e4c8af-c2cb-4b44-8865-ff068bdbd6b5,medmcqa,e8e4c8af-c2cb-4b44-8865-ff068bdbd6b5,cluster_0907,1,final_test,False,False
medmcqa::e974e66a-b20d-4557-84df-bbb0af02f12a,medmcqa,e974e66a-b20d-4557-84df-bbb0af02f12a,cluster_0908,1,train,False,False
medmcqa::e9adae98-f03e-4451-bd05-750e85d15ca2,medmcqa,e9adae98-f03e-4451-bd05-750e85d15ca2,cluster_0909,1,train,False,False
medmcqa::e9b1a950-b8d0-4c61-8c49-97a7f246c212,medmcqa,e9b1a950-b8d0-4c61-8c49-97a7f246c212,cluster_0910,1,train,False,False
medmcqa::e9c312b7-2cc1-41ec-8daa-a55d69514721,medmcqa,e9c312b7-2cc1-41ec-8daa-a55d69514721,cluster_0911,1,train,False,False
medmcqa::e9d9c003-7fb0-404f-aa20-bea77c101f75,medmcqa,e9d9c003-7fb0-404f-aa20-bea77c101f75,cluster_0912,1,train,False,False
medmcqa::ea6a7fd2-866e-4934-b05d-e2c642af9994,medmcqa,ea6a7fd2-866e-4934-b05d-e2c642af9994,cluster_0913,1,train,False,False
medmcqa::ea8146aa-0e1a-470c-b22d-b784002fb499,medmcqa,ea8146aa-0e1a-470c-b22d-b784002fb499,cluster_0914,1,train,False,False
medmcqa::ea82ad9c-fb9b-43d8-b172-7c6e1593f19b,medmcqa,ea82ad9c-fb9b-43d8-b172-7c6e1593f19b,cluster_0915,1,train,False,False
medmcqa::ea93bb5c-5ab9-4249-a170-263ede595269,medmcqa,ea93bb5c-5ab9-4249-a170-263ede595269,cluster_0916,1,train,False,False
medmcqa::eab9d801-7f73-4ea9-92e9-2c7077db5e14,medmcqa,eab9d801-7f73-4ea9-92e9-2c7077db5e14,cluster_0917,1,diagnostic,True,False
medmcqa::eae21df0-06e3-49cb-a1f0-1ac41966e11a,medmcqa,eae21df0-06e3-49cb-a1f0-1ac41966e11a,cluster_0918,1,train,False,False
medmcqa::eb722516-1a0b-49e3-8b45-912b365d0ea9,medmcqa,eb722516-1a0b-49e3-8b45-912b365d0ea9,cluster_0919,1,train,False,False
medmcqa::ebb422b3-9745-4b38-8192-4557d6bcf595,medmcqa,ebb422b3-9745-4b38-8192-4557d6bcf595,cluster_0920,1,train,False,False
medmcqa::ebc97f5c-aba4-4d9b-9051-b6177ee1a94d,medmcqa,ebc97f5c-aba4-4d9b-9051-b6177ee1a94d,cluster_0921,1,val,False,False
medmcqa::ec574186-1faf-42e4-bc0c-e77de618eb5a,medmcqa,ec574186-1faf-42e4-bc0c-e77de618eb5a,cluster_0922,1,train,False,False
medmcqa::ec9282d1-e1af-4be7-87b7-439159e3c16c,medmcqa,ec9282d1-e1af-4be7-87b7-439159e3c16c,cluster_0923,1,train,False,False
medmcqa::ecc4eaa4-4fcd-4c62-9c73-2a047b98cdc5,medmcqa,ecc4eaa4-4fcd-4c62-9c73-2a047b98cdc5,cluster_0924,1,train,False,False
medmcqa::ed147f28-b004-4a01-8231-386f2551ee05,medmcqa,ed147f28-b004-4a01-8231-386f2551ee05,cluster_0925,1,val,False,False
medmcqa::ed4c848b-b400-4d78-9c27-417bb44cced3,medmcqa,ed4c848b-b400-4d78-9c27-417bb44cced3,cluster_0926,1,final_test,False,False
medmcqa::edb0ef61-a009-4fe9-811e-5b9d6ea40435,medmcqa,edb0ef61-a009-4fe9-811e-5b9d6ea40435,cluster_0927,1,val,False,False
medmcqa::edd5dd5b-34dc-4c3c-9c68-75812480d96c,medmcqa,edd5dd5b-34dc-4c3c-9c68-75812480d96c,cluster_0928,1,train,False,False
medmcqa::edd8ad29-2dd6-4e4b-8494-0f6af658444d,medmcqa,edd8ad29-2dd6-4e4b-8494-0f6af658444d,cluster_0929,1,train,False,False
medmcqa::ee31cc18-91fd-4582-a3e8-5311e85521b3,medmcqa,ee31cc18-91fd-4582-a3e8-5311e85521b3,cluster_0930,1,val,False,False
medmcqa::ee350111-02ad-4142-8dc2-0be524836a16,medmcqa,ee350111-02ad-4142-8dc2-0be524836a16,cluster_0931,1,train,False,False
medmcqa::ee55a9bc-62bb-4952-957a-1902ff5b4376,medmcqa,ee55a9bc-62bb-4952-957a-1902ff5b4376,cluster_0932,1,train,False,False
medmcqa::ee5e4f25-9cee-48ea-b4aa-b631162d4543,medmcqa,ee5e4f25-9cee-48ea-b4aa-b631162d4543,cluster_0933,1,diagnostic,True,True
medmcqa::eee44fc5-ad97-4eaa-9720-02f6096eece5,medmcqa,eee44fc5-ad97-4eaa-9720-02f6096eece5,cluster_0934,1,diagnostic,True,False
medmcqa::eefac77e-06d7-4999-885a-69ee26a26e91,medmcqa,eefac77e-06d7-4999-885a-69ee26a26e91,cluster_0935,1,train,False,False
medmcqa::ef077628-a770-4538-9639-2162ba1fcdcf,medmcqa,ef077628-a770-4538-9639-2162ba1fcdcf,cluster_0936,1,train,False,False
medmcqa::ef116da3-e330-4439-a183-1f19a7ea3fcd,medmcqa,ef116da3-e330-4439-a183-1f19a7ea3fcd,cluster_0937,1,train,False,False
medmcqa::ef5de730-b6d4-4cb2-8f3e-ca1ac76f021c,medmcqa,ef5de730-b6d4-4cb2-8f3e-ca1ac76f021c,cluster_0938,1,train,False,False
medmcqa::ef9a0bee-7dbf-44e3-bc03-908430db2007,medmcqa,ef9a0bee-7dbf-44e3-bc03-908430db2007,cluster_0939,1,train,False,False
medmcqa::f00b5f5a-9a4e-4003-ad33-12ede354b4d9,medmcqa,f00b5f5a-9a4e-4003-ad33-12ede354b4d9,cluster_0940,1,train,False,False
medmcqa::f010ab15-2d53-4002-a0d8-308dc27650c5,medmcqa,f010ab15-2d53-4002-a0d8-308dc27650c5,cluster_0941,1,train,False,False
medmcqa::f04e3d13-d50f-45d8-9fc2-82ef57da3aa9,medmcqa,f04e3d13-d50f-45d8-9fc2-82ef57da3aa9,cluster_0942,1,train,False,False
medmcqa::f0e91618-fb9d-4218-9c54-3cf1ef81a6fe,medmcqa,f0e91618-fb9d-4218-9c54-3cf1ef81a6fe,cluster_0943,1,final_test,False,False
medmcqa::f1457bfc-13d3-40bb-9ad9-c6ec7f6c00dd,medmcqa,f1457bfc-13d3-40bb-9ad9-c6ec7f6c00dd,cluster_0944,1,train,False,False
medmcqa::f1f62761-750a-4d61-ae39-13f4c4e131d5,medmcqa,f1f62761-750a-4d61-ae39-13f4c4e131d5,cluster_0945,1,train,False,False
medmcqa::f1f6d835-f4cb-4adf-84e4-11036fa0d986,medmcqa,f1f6d835-f4cb-4adf-84e4-11036fa0d986,cluster_0946,1,train,False,False
medmcqa::f247366c-a835-43f6-91ee-95fdd28a834c,medmcqa,f247366c-a835-43f6-91ee-95fdd28a834c,cluster_0947,1,train,False,False
medmcqa::f2c94aa9-36ec-4b01-9a6c-11624e14ffed,medmcqa,f2c94aa9-36ec-4b01-9a6c-11624e14ffed,cluster_0948,1,train,False,False
medmcqa::f3022374-f442-471a-b015-f438366b61e3,medmcqa,f3022374-f442-471a-b015-f438366b61e3,cluster_0949,1,train,False,False
medmcqa::f31cf6f2-74fe-4d49-a8a7-ae85b1359d2b,medmcqa,f31cf6f2-74fe-4d49-a8a7-ae85b1359d2b,cluster_0950,1,final_test,False,False
medmcqa::f3b10e99-fb84-459f-8947-e90618a9e6c8,medmcqa,f3b10e99-fb84-459f-8947-e90618a9e6c8,cluster_0951,1,final_test,False,False
medmcqa::f3dc5246-3f28-4033-aec4-be283724f4ed,medmcqa,f3dc5246-3f28-4033-aec4-be283724f4ed,cluster_0952,1,val,False,False
medmcqa::f42443ee-9eb1-4055-b75d-6e09a5fd20a2,medmcqa,f42443ee-9eb1-4055-b75d-6e09a5fd20a2,cluster_0953,1,train,False,False
medmcqa::f4431627-6919-4c67-b3fa-eebf37335434,medmcqa,f4431627-6919-4c67-b3fa-eebf37335434,cluster_0954,1,val,False,False
medmcqa::f477ffc3-2257-415b-b80b-82203647a233,medmcqa,f477ffc3-2257-415b-b80b-82203647a233,cluster_0955,1,train,False,False
medmcqa::f4c75eb8-18d8-41bd-81fa-6a03e4519193,medmcqa,f4c75eb8-18d8-41bd-81fa-6a03e4519193,cluster_0956,1,val,False,False
medmcqa::f51955a7-38a2-41d5-8124-a372b3d2c787,medmcqa,f51955a7-38a2-41d5-8124-a372b3d2c787,cluster_0957,1,train,False,False
medmcqa::f544aff2-aebb-41fd-97e7-da9dd55cfc23,medmcqa,f544aff2-aebb-41fd-97e7-da9dd55cfc23,cluster_0958,1,val,False,False
medmcqa::f578a648-c098-4b5b-af14-2cfb956c3779,medmcqa,f578a648-c098-4b5b-af14-2cfb956c3779,cluster_0959,1,train,False,False
medmcqa::f588af9c-fc27-43ff-a9f6-2cd26f075654,medmcqa,f588af9c-fc27-43ff-a9f6-2cd26f075654,cluster_0960,1,final_test,False,False
medmcqa::f608b3a8-f9f0-4096-af64-3fe43798a70f,medmcqa,f608b3a8-f9f0-4096-af64-3fe43798a70f,cluster_0961,1,train,False,False
medmcqa::f61e8ed7-4156-466d-a4eb-57ae2dedb0c8,medmcqa,f61e8ed7-4156-466d-a4eb-57ae2dedb0c8,cluster_0962,1,train,False,False
medmcqa::f6629c78-7a28-4abb-a0ff-98789fbe04da,medmcqa,f6629c78-7a28-4abb-a0ff-98789fbe04da,cluster_0963,1,diagnostic,True,False
medmcqa::f66b5dd7-1cf3-4817-83f4-df774ff0885a,medmcqa,f66b5dd7-1cf3-4817-83f4-df774ff0885a,cluster_0964,1,train,False,False
medmcqa::f6c37d84-4658-45dd-b75d-741f6f1bcff2,medmcqa,f6c37d84-4658-45dd-b75d-741f6f1bcff2,cluster_0965,1,train,False,False
medmcqa::f74dee64-9421-4c33-8ab4-502f649e9f20,medmcqa,f74dee64-9421-4c33-8ab4-502f649e9f20,cluster_0966,1,train,False,False
medmcqa::f7c04393-b875-4566-9342-0dba89656d27,medmcqa,f7c04393-b875-4566-9342-0dba89656d27,cluster_0967,1,final_test,False,False
medmcqa::f8254ff6-37fa-4669-a994-f922cd33d123,medmcqa,f8254ff6-37fa-4669-a994-f922cd33d123,cluster_0968,1,train,False,False
medmcqa::f8c7a8c6-351b-4ffe-b108-dc3363837624,medmcqa,f8c7a8c6-351b-4ffe-b108-dc3363837624,cluster_0969,1,train,False,False
medmcqa::f8c972d0-7aa8-45f7-a333-823c27dd5db8,medmcqa,f8c972d0-7aa8-45f7-a333-823c27dd5db8,cluster_0970,1,val,False,False
medmcqa::f8d6c4a7-2037-44be-bbf6-8a1ea4b0de54,medmcqa,f8d6c4a7-2037-44be-bbf6-8a1ea4b0de54,cluster_0971,1,val,False,False
medmcqa::f979bdd9-437e-4469-9f00-ee6177716204,medmcqa,f979bdd9-437e-4469-9f00-ee6177716204,cluster_0972,1,train,False,False
medmcqa::f990288f-3d8a-48a3-a4bf-ea3e1a20bf96,medmcqa,f990288f-3d8a-48a3-a4bf-ea3e1a20bf96,cluster_0973,1,train,False,False
medmcqa::f99d10c3-4fe6-41bd-a6f7-e5aa85014103,medmcqa,f99d10c3-4fe6-41bd-a6f7-e5aa85014103,cluster_0974,1,train,False,False
medmcqa::f9bb7193-94ef-47e5-abf3-095faf372aea,medmcqa,f9bb7193-94ef-47e5-abf3-095faf372aea,cluster_0975,1,final_test,False,False
medmcqa::f9be858f-ef2f-475e-9c82-ced530a1a623,medmcqa,f9be858f-ef2f-475e-9c82-ced530a1a623,cluster_0976,1,train,False,False
medmcqa::f9e59986-dc69-42ca-97c9-593496bb98a5,medmcqa,f9e59986-dc69-42ca-97c9-593496bb98a5,cluster_0977,1,train,False,False
medmcqa::f9ff6912-3b5d-4f69-bd71-598dc46cd041,medmcqa,f9ff6912-3b5d-4f69-bd71-598dc46cd041,cluster_0978,1,train,False,False
medmcqa::fa343a34-381b-416b-ab19-bdafd40ad25d,medmcqa,fa343a34-381b-416b-ab19-bdafd40ad25d,cluster_0979,1,final_test,False,False
medmcqa::fa73f211-d8c8-4926-910b-d8a1f5444208,medmcqa,fa73f211-d8c8-4926-910b-d8a1f5444208,cluster_0980,1,final_test,False,False
medmcqa::fab914c7-2813-4300-bddb-e6815e4e6597,medmcqa,fab914c7-2813-4300-bddb-e6815e4e6597,cluster_0981,1,train,False,False
medmcqa::fb493e7d-519b-4534-940f-cc3fb93f4b6b,medmcqa,fb493e7d-519b-4534-940f-cc3fb93f4b6b,cluster_0982,1,train,False,False
medmcqa::fb79561d-8beb-4a31-aaa5-9350e20b0caa,medmcqa,fb79561d-8beb-4a31-aaa5-9350e20b0caa,cluster_0983,1,final_test,False,False
medmcqa::fbeaf59e-0828-4af8-8b1b-024f50e88857,medmcqa,fbeaf59e-0828-4af8-8b1b-024f50e88857,cluster_0984,1,final_test,False,False
medmcqa::fcb698be-6cbb-47ac-81e0-f40be2a42583,medmcqa,fcb698be-6cbb-47ac-81e0-f40be2a42583,cluster_0985,1,train,False,False
medmcqa::fcbb415d-5122-4a17-8042-196d3e5add29,medmcqa,fcbb415d-5122-4a17-8042-196d3e5add29,cluster_0986,1,train,False,False
medmcqa::fd03f7de-6c4a-4244-97c6-12829919c1ed,medmcqa,fd03f7de-6c4a-4244-97c6-12829919c1ed,cluster_0987,1,final_test,False,False
medmcqa::fd5e72b2-ff85-4ad8-8457-50ae63f377db,medmcqa,fd5e72b2-ff85-4ad8-8457-50ae63f377db,cluster_0988,1,val,False,False
medmcqa::fd8307b4-06b2-4493-bd48-46121a660315,medmcqa,fd8307b4-06b2-4493-bd48-46121a660315,cluster_0989,1,val,False,False
medmcqa::fd8d770d-784e-4dc2-83b7-6f41f923be5f,medmcqa,fd8d770d-784e-4dc2-83b7-6f41f923be5f,cluster_0990,1,train,False,False
medmcqa::fdc00e53-994d-4102-af10-187b5df06242,medmcqa,fdc00e53-994d-4102-af10-187b5df06242,cluster_0991,1,final_test,False,False
medmcqa::fe12f221-b75a-4418-b14d-642a0d3b8289,medmcqa,fe12f221-b75a-4418-b14d-642a0d3b8289,cluster_0992,1,diagnostic,True,False
medmcqa::fe1e99cd-7e44-4118-b421-5944a39e5ae5,medmcqa,fe1e99cd-7e44-4118-b421-5944a39e5ae5,cluster_0993,1,train,False,False
medmcqa::fe85c6e7-2064-4045-b348-57a9eb2bc6b4,medmcqa,fe85c6e7-2064-4045-b348-57a9eb2bc6b4,cluster_0994,1,train,False,False
medmcqa::ff4a2857-8eaf-46c6-be36-0ba13bdd3534,medmcqa,ff4a2857-8eaf-46c6-be36-0ba13bdd3534,cluster_0995,1,train,False,False
medmcqa::ffd36d27-2c76-4434-ab87-dadd41f0a432,medmcqa,ffd36d27-2c76-4434-ab87-dadd41f0a432,cluster_0996,1,val,False,False
medmcqa::fffb00bf-d5e6-4975-9299-12beacacb8ad,medmcqa,fffb00bf-d5e6-4975-9299-12beacacb8ad,cluster_0997,1,val,False,False
medqa::0000,medqa,0000,cluster_0998,1,train,False,False
medqa::0001,medqa,0001,cluster_0999,1,train,False,False
medqa::0002,medqa,0002,cluster_1000,1,final_test,False,False
medqa::0003,medqa,0003,cluster_1001,1,train,False,False
medqa::0004,medqa,0004,cluster_1002,1,train,False,False
medqa::0005,medqa,0005,cluster_1003,1,final_test,False,False
medqa::0006,medqa,0006,cluster_1004,1,train,False,False
medqa::0007,medqa,0007,cluster_1005,1,train,False,False
medqa::0008,medqa,0008,cluster_1006,1,train,False,False
medqa::0009,medqa,0009,cluster_1007,1,train,False,False
medqa::0011,medqa,0011,cluster_1008,1,train,False,False
medqa::0012,medqa,0012,cluster_1009,1,train,False,False
medqa::0013,medqa,0013,cluster_1010,1,train,False,False
medqa::0014,medqa,0014,cluster_1011,1,diagnostic,True,True
medqa::0016,medqa,0016,cluster_1012,1,train,False,False
medqa::0017,medqa,0017,cluster_1013,1,train,False,False
medqa::0018,medqa,0018,cluster_1014,1,val,False,False
medqa::0019,medqa,0019,cluster_1015,1,train,False,False
medqa::0020,medqa,0020,cluster_1016,1,train,False,False
medqa::0021,medqa,0021,cluster_1017,1,train,False,False
medqa::0022,medqa,0022,cluster_1018,1,train,False,False
medqa::0023,medqa,0023,cluster_1019,1,train,False,False
medqa::0024,medqa,0024,cluster_1020,1,train,False,False
medqa::0025,medqa,0025,cluster_1021,1,train,False,False
medqa::0026,medqa,0026,cluster_1022,1,train,False,False
medqa::0027,medqa,0027,cluster_1023,1,train,False,False
medqa::0028,medqa,0028,cluster_1024,1,train,False,False
medqa::0029,medqa,0029,cluster_1025,1,train,False,False
medqa::0030,medqa,0030,cluster_1026,1,train,False,False
medqa::0031,medqa,0031,cluster_1027,1,final_test,False,False
medqa::0032,medqa,0032,cluster_1028,1,val,False,False
medqa::0033,medqa,0033,cluster_1029,1,train,False,False
medqa::0034,medqa,0034,cluster_1030,1,train,False,False
medqa::0035,medqa,0035,cluster_1031,1,train,False,False
medqa::0036,medqa,0036,cluster_1032,1,train,False,False
medqa::0037,medqa,0037,cluster_1033,1,train,False,False
medqa::0038,medqa,0038,cluster_1034,1,train,False,False
medqa::0039,medqa,0039,cluster_1035,1,val,False,False
medqa::0040,medqa,0040,cluster_1036,1,val,False,False
medqa::0041,medqa,0041,cluster_1037,1,train,False,False
medqa::0042,medqa,0042,cluster_1038,1,train,False,False
medqa::0043,medqa,0043,cluster_1039,1,train,False,False
medqa::0044,medqa,0044,cluster_1040,1,train,False,False
medqa::0045,medqa,0045,cluster_1041,1,final_test,False,False
medqa::0046,medqa,0046,cluster_1042,1,train,False,False
medqa::0047,medqa,0047,cluster_1043,1,val,False,False
medqa::0048,medqa,0048,cluster_1044,1,train,False,False
medqa::0049,medqa,0049,cluster_1045,1,train,False,False
medqa::0050,medqa,0050,cluster_1046,1,val,False,False
medqa::0051,medqa,0051,cluster_1047,1,train,False,False
medqa::0052,medqa,0052,cluster_1048,1,train,False,False
medqa::0053,medqa,0053,cluster_1049,1,diagnostic,True,False
medqa::0054,medqa,0054,cluster_1050,1,train,False,False
medqa::0055,medqa,0055,cluster_1051,1,train,False,False
medqa::0056,medqa,0056,cluster_1052,1,diagnostic,True,False
medqa::0057,medqa,0057,cluster_1053,1,final_test,False,False
medqa::0058,medqa,0058,cluster_1054,1,train,False,False
medqa::0059,medqa,0059,cluster_1055,1,train,False,False
medqa::0060,medqa,0060,cluster_1056,1,train,False,False
medqa::0061,medqa,0061,cluster_1057,1,train,False,False
medqa::0062,medqa,0062,cluster_1058,1,val,False,False
medqa::0063,medqa,0063,cluster_1059,1,diagnostic,True,True
medqa::0064,medqa,0064,cluster_1060,1,train,False,False
medqa::0065,medqa,0065,cluster_1061,1,final_test,False,False
medqa::0066,medqa,0066,cluster_1062,1,train,False,False
medqa::0067,medqa,0067,cluster_1063,1,diagnostic,True,True
medqa::0068,medqa,0068,cluster_1064,1,train,False,False
medqa::0069,medqa,0069,cluster_1065,1,train,False,False
medqa::0070,medqa,0070,cluster_1066,1,train,False,False
medqa::0071,medqa,0071,cluster_1067,1,train,False,False
medqa::0072,medqa,0072,cluster_1068,1,train,False,False
medqa::0073,medqa,0073,cluster_1069,1,final_test,False,False
medqa::0074,medqa,0074,cluster_1070,1,train,False,False
medqa::0075,medqa,0075,cluster_1071,1,train,False,False
medqa::0076,medqa,0076,cluster_1072,1,train,False,False
medqa::0077,medqa,0077,cluster_1073,1,val,False,False
medqa::0078,medqa,0078,cluster_1074,1,train,False,False
medqa::0079,medqa,0079,cluster_1075,1,train,False,False
medqa::0080,medqa,0080,cluster_1076,1,train,False,False
medqa::0081,medqa,0081,cluster_1077,1,train,False,False
medqa::0082,medqa,0082,cluster_1078,1,final_test,False,False
medqa::0083,medqa,0083,cluster_1079,1,val,False,False
medqa::0084,medqa,0084,cluster_1080,1,train,False,False
medqa::0085,medqa,0085,cluster_1081,1,train,False,False
medqa::0086,medqa,0086,cluster_1082,1,train,False,False
medqa::0087,medqa,0087,cluster_1083,1,val,False,False
medqa::0088,medqa,0088,cluster_1084,1,final_test,False,False
medqa::0089,medqa,0089,cluster_1085,1,final_test,False,False
medqa::0090,medqa,0090,cluster_1086,1,diagnostic,True,False
medqa::0091,medqa,0091,cluster_1087,1,train,False,False
medqa::0092,medqa,0092,cluster_1088,1,train,False,False
medqa::0093,medqa,0093,cluster_1089,1,train,False,False
medqa::0094,medqa,0094,cluster_1090,1,train,False,False
medqa::0095,medqa,0095,cluster_1091,1,diagnostic,True,False
medqa::0096,medqa,0096,cluster_1092,1,train,False,False
medqa::0097,medqa,0097,cluster_1093,1,train,False,False
medqa::0098,medqa,0098,cluster_1094,1,train,False,False
medqa::0100,medqa,0100,cluster_1095,1,train,False,False
medqa::0101,medqa,0101,cluster_1096,1,train,False,False
medqa::0102,medqa,0102,cluster_1097,1,val,False,False
medqa::0103,medqa,0103,cluster_1098,1,train,False,False
medqa::0104,medqa,0104,cluster_1099,1,train,False,False
medqa::0105,medqa,0105,cluster_1100,1,train,False,False
medqa::0106,medqa,0106,cluster_1101,1,train,False,False
medqa::0107,medqa,0107,cluster_1102,1,train,False,False
medqa::0108,medqa,0108,cluster_1103,1,train,False,False
medqa::0109,medqa,0109,cluster_1104,1,train,False,False
medqa::0110,medqa,0110,cluster_1105,1,val,False,False
medqa::0111,medqa,0111,cluster_1106,1,train,False,False
medqa::0112,medqa,0112,cluster_1107,1,val,False,False
medqa::0113,medqa,0113,cluster_1108,1,train,False,False
medqa::0114,medqa,0114,cluster_1109,1,train,False,False
medqa::0115,medqa,0115,cluster_1110,1,final_test,False,False
medqa::0116,medqa,0116,cluster_1111,1,train,False,False
medqa::0117,medqa,0117,cluster_1112,1,diagnostic,True,False
medqa::0118,medqa,0118,cluster_1113,1,train,False,False
medqa::0119,medqa,0119,cluster_1114,1,train,False,False
medqa::0120,medqa,0120,cluster_1115,1,final_test,False,False
medqa::0121,medqa,0121,cluster_1116,1,train,False,False
medqa::0122,medqa,0122,cluster_1117,1,final_test,False,False
medqa::0123,medqa,0123,cluster_1118,1,train,False,False
medqa::0125,medqa,0125,cluster_1119,1,train,False,False
medqa::0126,medqa,0126,cluster_1120,1,train,False,False
medqa::0127,medqa,0127,cluster_1121,1,train,False,False
medqa::0128,medqa,0128,cluster_1122,1,train,False,False
medqa::0129,medqa,0129,cluster_1123,1,train,False,False
medqa::0130,medqa,0130,cluster_1124,1,train,False,False
medqa::0131,medqa,0131,cluster_1125,1,train,False,False
medqa::0132,medqa,0132,cluster_1126,1,train,False,False
medqa::0133,medqa,0133,cluster_1127,1,train,False,False
medqa::0134,medqa,0134,cluster_1128,1,final_test,False,False
medqa::0135,medqa,0135,cluster_1129,1,final_test,False,False
medqa::0136,medqa,0136,cluster_1130,1,train,False,False
medqa::0137,medqa,0137,cluster_1131,1,train,False,False
medqa::0138,medqa,0138,cluster_1132,1,train,False,False
medqa::0139,medqa,0139,cluster_1133,1,train,False,False
medqa::0140,medqa,0140,cluster_1134,1,train,False,False
medqa::0141,medqa,0141,cluster_1135,1,val,False,False
medqa::0142,medqa,0142,cluster_1136,1,train,False,False
medqa::0143,medqa,0143,cluster_1137,1,train,False,False
medqa::0144,medqa,0144,cluster_1138,1,train,False,False
medqa::0145,medqa,0145,cluster_1139,1,train,False,False
medqa::0146,medqa,0146,cluster_1140,1,diagnostic,True,False
medqa::0147,medqa,0147,cluster_1141,1,train,False,False
medqa::0148,medqa,0148,cluster_1142,1,train,False,False
medqa::0149,medqa,0149,cluster_1143,1,train,False,False
medqa::0150,medqa,0150,cluster_1144,1,diagnostic,True,True
medqa::0151,medqa,0151,cluster_1145,1,train,False,False
medqa::0152,medqa,0152,cluster_1146,1,train,False,False
medqa::0153,medqa,0153,cluster_1147,1,train,False,False
medqa::0154,medqa,0154,cluster_1148,1,train,False,False
medqa::0155,medqa,0155,cluster_1149,1,train,False,False
medqa::0156,medqa,0156,cluster_1150,1,final_test,False,False
medqa::0157,medqa,0157,cluster_1151,1,train,False,False
medqa::0158,medqa,0158,cluster_1152,1,train,False,False
medqa::0159,medqa,0159,cluster_1153,1,final_test,False,False
medqa::0160,medqa,0160,cluster_1154,1,final_test,False,False
medqa::0161,medqa,0161,cluster_1155,1,val,False,False
medqa::0162,medqa,0162,cluster_1156,1,train,False,False
medqa::0163,medqa,0163,cluster_1157,1,val,False,False
medqa::0164,medqa,0164,cluster_1158,1,train,False,False
medqa::0165,medqa,0165,cluster_1159,1,diagnostic,True,False
medqa::0166,medqa,0166,cluster_1160,1,final_test,False,False
medqa::0167,medqa,0167,cluster_1161,1,diagnostic,True,True
medqa::0168,medqa,0168,cluster_1162,1,final_test,False,False
medqa::0169,medqa,0169,cluster_1163,1,final_test,False,False
medqa::0170,medqa,0170,cluster_1164,1,train,False,False
medqa::0171,medqa,0171,cluster_1165,1,val,False,False
medqa::0172,medqa,0172,cluster_1166,1,train,False,False
medqa::0173,medqa,0173,cluster_1167,1,train,False,False
medqa::0174,medqa,0174,cluster_1168,1,val,False,False
medqa::0175,medqa,0175,cluster_1169,1,train,False,False
medqa::0176,medqa,0176,cluster_1170,1,train,False,False
medqa::0177,medqa,0177,cluster_1171,1,train,False,False
medqa::0178,medqa,0178,cluster_1172,1,train,False,False
medqa::0179,medqa,0179,cluster_1173,1,train,False,False
medqa::0180,medqa,0180,cluster_1174,1,final_test,False,False
medqa::0181,medqa,0181,cluster_1175,1,train,False,False
medqa::0182,medqa,0182,cluster_1176,1,diagnostic,True,False
medqa::0183,medqa,0183,cluster_1177,1,final_test,False,False
medqa::0184,medqa,0184,cluster_1178,1,train,False,False
medqa::0185,medqa,0185,cluster_1179,1,train,False,False
medqa::0186,medqa,0186,cluster_1180,1,train,False,False
medqa::0187,medqa,0187,cluster_1181,1,val,False,False
medqa::0188,medqa,0188,cluster_1182,1,train,False,False
medqa::0189,medqa,0189,cluster_1183,1,train,False,False
medqa::0190,medqa,0190,cluster_1184,1,train,False,False
medqa::0191,medqa,0191,cluster_1185,1,final_test,False,False
medqa::0192,medqa,0192,cluster_1186,1,train,False,False
medqa::0193,medqa,0193,cluster_1187,1,diagnostic,True,False
medqa::0194,medqa,0194,cluster_1188,1,train,False,False
medqa::0195,medqa,0195,cluster_1189,1,diagnostic,True,False
medqa::0196,medqa,0196,cluster_1190,1,train,False,False
medqa::0197,medqa,0197,cluster_1191,1,train,False,False
medqa::0198,medqa,0198,cluster_1192,1,val,False,False
medqa::0199,medqa,0199,cluster_1193,1,final_test,False,False
medqa::0200,medqa,0200,cluster_1194,1,train,False,False
medqa::0201,medqa,0201,cluster_1195,1,train,False,False
medqa::0202,medqa,0202,cluster_1196,1,diagnostic,True,False
medqa::0203,medqa,0203,cluster_1197,1,train,False,False
medqa::0204,medqa,0204,cluster_1198,1,val,False,False
medqa::0206,medqa,0206,cluster_1199,1,train,False,False
medqa::0207,medqa,0207,cluster_1200,1,final_test,False,False
medqa::0208,medqa,0208,cluster_1201,1,final_test,False,False
medqa::0209,medqa,0209,cluster_1202,1,train,False,False
medqa::0210,medqa,0210,cluster_1203,1,train,False,False
medqa::0211,medqa,0211,cluster_1204,1,diagnostic,True,False
medqa::0212,medqa,0212,cluster_1205,1,final_test,False,False
medqa::0213,medqa,0213,cluster_1206,1,train,False,False
medqa::0214,medqa,0214,cluster_1207,1,diagnostic,True,True
medqa::0215,medqa,0215,cluster_1208,1,train,False,False
medqa::0216,medqa,0216,cluster_1209,1,val,False,False
medqa::0217,medqa,0217,cluster_1210,1,train,False,False
medqa::0218,medqa,0218,cluster_1211,1,train,False,False
medqa::0219,medqa,0219,cluster_1212,1,train,False,False
medqa::0220,medqa,0220,cluster_1213,1,train,False,False
medqa::0221,medqa,0221,cluster_1214,1,train,False,False
medqa::0222,medqa,0222,cluster_1215,1,train,False,False
medqa::0223,medqa,0223,cluster_1216,1,train,False,False
medqa::0224,medqa,0224,cluster_1217,1,train,False,False
medqa::0225,medqa,0225,cluster_1218,1,train,False,False
medqa::0226,medqa,0226,cluster_1219,1,final_test,False,False
medqa::0227,medqa,0227,cluster_1220,1,train,False,False
medqa::0228,medqa,0228,cluster_1221,1,train,False,False
medqa::0229,medqa,0229,cluster_1222,1,train,False,False
medqa::0230,medqa,0230,cluster_1223,1,train,False,False
medqa::0231,medqa,0231,cluster_1224,1,train,False,False
medqa::0232,medqa,0232,cluster_1225,1,train,False,False
medqa::0233,medqa,0233,cluster_1226,1,diagnostic,True,False
medqa::0234,medqa,0234,cluster_1227,1,train,False,False
medqa::0235,medqa,0235,cluster_1228,1,train,False,False
medqa::0236,medqa,0236,cluster_1229,1,train,False,False
medqa::0237,medqa,0237,cluster_1230,1,train,False,False
medqa::0238,medqa,0238,cluster_1231,1,final_test,False,False
medqa::0239,medqa,0239,cluster_1232,1,train,False,False
medqa::0240,medqa,0240,cluster_1233,1,train,False,False
medqa::0241,medqa,0241,cluster_1234,1,train,False,False
medqa::0242,medqa,0242,cluster_1235,1,train,False,False
medqa::0243,medqa,0243,cluster_1236,1,train,False,False
medqa::0244,medqa,0244,cluster_1237,1,train,False,False
medqa::0245,medqa,0245,cluster_1238,1,train,False,False
medqa::0246,medqa,0246,cluster_1239,1,train,False,False
medqa::0247,medqa,0247,cluster_1240,1,train,False,False
medqa::0248,medqa,0248,cluster_1241,1,train,False,False
medqa::0249,medqa,0249,cluster_1242,1,train,False,False
medqa::0250,medqa,0250,cluster_1243,1,train,False,False
medqa::0251,medqa,0251,cluster_1244,1,train,False,False
medqa::0252,medqa,0252,cluster_1245,1,train,False,False
medqa::0253,medqa,0253,cluster_1246,1,train,False,False
medqa::0254,medqa,0254,cluster_1247,1,train,False,False
medqa::0255,medqa,0255,cluster_1248,1,train,False,False
medqa::0256,medqa,0256,cluster_1249,1,final_test,False,False
medqa::0257,medqa,0257,cluster_1250,1,train,False,False
medqa::0258,medqa,0258,cluster_1251,1,train,False,False
medqa::0259,medqa,0259,cluster_1252,1,final_test,False,False
medqa::0260,medqa,0260,cluster_1253,1,diagnostic,True,False
medqa::0261,medqa,0261,cluster_1254,1,train,False,False
medqa::0262,medqa,0262,cluster_1255,1,final_test,False,False
medqa::0263,medqa,0263,cluster_1256,1,train,False,False
medqa::0264,medqa,0264,cluster_1257,1,val,False,False
medqa::0265,medqa,0265,cluster_1258,1,final_test,False,False
medqa::0266,medqa,0266,cluster_1259,1,train,False,False
medqa::0267,medqa,0267,cluster_1260,1,final_test,False,False
medqa::0268,medqa,0268,cluster_1261,1,train,False,False
medqa::0269,medqa,0269,cluster_1262,1,val,False,False
medqa::0270,medqa,0270,cluster_1263,1,train,False,False
medqa::0271,medqa,0271,cluster_1264,1,val,False,False
medqa::0272,medqa,0272,cluster_1265,1,train,False,False
medqa::0273,medqa,0273,cluster_1266,1,final_test,False,False
medqa::0274,medqa,0274,cluster_1267,1,train,False,False
medqa::0275,medqa,0275,cluster_1268,1,val,False,False
medqa::0276,medqa,0276,cluster_1269,1,train,False,False
medqa::0277,medqa,0277,cluster_1270,1,train,False,False
medqa::0278,medqa,0278,cluster_1271,1,train,False,False
medqa::0279,medqa,0279,cluster_1272,1,final_test,False,False
medqa::0280,medqa,0280,cluster_1273,1,train,False,False
medqa::0281,medqa,0281,cluster_1274,1,train,False,False
medqa::0282,medqa,0282,cluster_1275,1,train,False,False
medqa::0283,medqa,0283,cluster_1276,1,train,False,False
medqa::0284,medqa,0284,cluster_1277,1,train,False,False
medqa::0285,medqa,0285,cluster_1278,1,train,False,False
medqa::0286,medqa,0286,cluster_1279,1,train,False,False
medqa::0287,medqa,0287,cluster_1280,1,train,False,False
medqa::0288,medqa,0288,cluster_1281,1,train,False,False
medqa::0289,medqa,0289,cluster_1282,1,train,False,False
medqa::0290,medqa,0290,cluster_1283,1,diagnostic,True,True
medqa::0291,medqa,0291,cluster_1284,1,train,False,False
medqa::0292,medqa,0292,cluster_1285,1,train,False,False
medqa::0293,medqa,0293,cluster_1286,1,train,False,False
medqa::0294,medqa,0294,cluster_1287,1,final_test,False,False
medqa::0295,medqa,0295,cluster_1288,1,train,False,False
medqa::0296,medqa,0296,cluster_1289,1,train,False,False
medqa::0297,medqa,0297,cluster_1290,1,val,False,False
medqa::0298,medqa,0298,cluster_1291,1,train,False,False
medqa::0299,medqa,0299,cluster_1292,1,train,False,False
medqa::0300,medqa,0300,cluster_1293,1,train,False,False
medqa::0301,medqa,0301,cluster_1294,1,train,False,False
medqa::0302,medqa,0302,cluster_1295,1,train,False,False
medqa::0303,medqa,0303,cluster_1296,1,train,False,False
medqa::0304,medqa,0304,cluster_1297,1,train,False,False
medqa::0305,medqa,0305,cluster_1298,1,final_test,False,False
medqa::0306,medqa,0306,cluster_1299,1,train,False,False
medqa::0307,medqa,0307,cluster_1300,1,train,False,False
medqa::0308,medqa,0308,cluster_1301,1,train,False,False
medqa::0309,medqa,0309,cluster_1302,1,train,False,False
medqa::0310,medqa,0310,cluster_1303,1,train,False,False
medqa::0311,medqa,0311,cluster_1304,1,train,False,False
medqa::0312,medqa,0312,cluster_1305,1,train,False,False
medqa::0313,medqa,0313,cluster_1306,1,train,False,False
medqa::0314,medqa,0314,cluster_1307,1,train,False,False
medqa::0315,medqa,0315,cluster_1308,1,train,False,False
medqa::0317,medqa,0317,cluster_1309,1,train,False,False
medqa::0318,medqa,0318,cluster_1310,1,final_test,False,False
medqa::0319,medqa,0319,cluster_1311,1,train,False,False
medqa::0320,medqa,0320,cluster_1312,1,train,False,False
medqa::0321,medqa,0321,cluster_1313,1,val,False,False
medqa::0322,medqa,0322,cluster_1314,1,train,False,False
medqa::0323,medqa,0323,cluster_1315,1,final_test,False,False
medqa::0324,medqa,0324,cluster_1316,1,diagnostic,True,True
medqa::0325,medqa,0325,cluster_1317,1,train,False,False
medqa::0326,medqa,0326,cluster_1318,1,train,False,False
medqa::0327,medqa,0327,cluster_1319,1,train,False,False
medqa::0328,medqa,0328,cluster_1320,1,val,False,False
medqa::0329,medqa,0329,cluster_1321,1,train,False,False
medqa::0330,medqa,0330,cluster_1322,1,train,False,False
medqa::0331,medqa,0331,cluster_1323,1,train,False,False
medqa::0332,medqa,0332,cluster_1324,1,diagnostic,True,False
medqa::0333,medqa,0333,cluster_1325,1,train,False,False
medqa::0334,medqa,0334,cluster_1326,1,final_test,False,False
medqa::0335,medqa,0335,cluster_1327,1,val,False,False
medqa::0336,medqa,0336,cluster_1328,1,train,False,False
medqa::0337,medqa,0337,cluster_1329,1,train,False,False
medqa::0338,medqa,0338,cluster_1330,1,train,False,False
medqa::0339,medqa,0339,cluster_1331,1,diagnostic,True,False
medqa::0340,medqa,0340,cluster_1332,1,diagnostic,True,False
medqa::0341,medqa,0341,cluster_1333,1,final_test,False,False
medqa::0342,medqa,0342,cluster_1334,1,train,False,False
medqa::0343,medqa,0343,cluster_1335,1,train,False,False
medqa::0344,medqa,0344,cluster_1336,1,train,False,False
medqa::0345,medqa,0345,cluster_1337,1,train,False,False
medqa::0346,medqa,0346,cluster_1338,1,final_test,False,False
medqa::0347,medqa,0347,cluster_1339,1,train,False,False
medqa::0349,medqa,0349,cluster_1340,1,train,False,False
medqa::0350,medqa,0350,cluster_1341,1,train,False,False
medqa::0351,medqa,0351,cluster_1342,1,train,False,False
medqa::0352,medqa,0352,cluster_1343,1,final_test,False,False
medqa::0353,medqa,0353,cluster_1344,1,final_test,False,False
medqa::0354,medqa,0354,cluster_1345,1,train,False,False
medqa::0355,medqa,0355,cluster_1346,1,train,False,False
medqa::0356,medqa,0356,cluster_1347,1,final_test,False,False
medqa::0357,medqa,0357,cluster_1348,1,diagnostic,True,True
medqa::0358,medqa,0358,cluster_1349,1,val,False,False
medqa::0359,medqa,0359,cluster_1350,1,train,False,False
medqa::0360,medqa,0360,cluster_1351,1,train,False,False
medqa::0361,medqa,0361,cluster_1352,1,train,False,False
medqa::0362,medqa,0362,cluster_1353,1,final_test,False,False
medqa::0363,medqa,0363,cluster_1354,1,train,False,False
medqa::0364,medqa,0364,cluster_1355,1,train,False,False
medqa::0365,medqa,0365,cluster_1356,1,val,False,False
medqa::0366,medqa,0366,cluster_1357,1,train,False,False
medqa::0367,medqa,0367,cluster_1358,1,train,False,False
medqa::0368,medqa,0368,cluster_1359,1,train,False,False
medqa::0369,medqa,0369,cluster_1360,1,val,False,False
medqa::0370,medqa,0370,cluster_1361,1,train,False,False
medqa::0371,medqa,0371,cluster_1362,1,train,False,False
medqa::0372,medqa,0372,cluster_1363,1,final_test,False,False
medqa::0373,medqa,0373,cluster_1364,1,final_test,False,False
medqa::0374,medqa,0374,cluster_1365,1,train,False,False
medqa::0375,medqa,0375,cluster_1366,1,train,False,False
medqa::0376,medqa,0376,cluster_1367,1,train,False,False
medqa::0377,medqa,0377,cluster_1368,1,train,False,False
medqa::0378,medqa,0378,cluster_1369,1,train,False,False
medqa::0379,medqa,0379,cluster_1370,1,val,False,False
medqa::0380,medqa,0380,cluster_1371,1,train,False,False
medqa::0381,medqa,0381,cluster_1372,1,train,False,False
medqa::0383,medqa,0383,cluster_1373,1,train,False,False
medqa::0384,medqa,0384,cluster_1374,1,train,False,False
medqa::0385,medqa,0385,cluster_1375,1,train,False,False
medqa::0386,medqa,0386,cluster_1376,1,train,False,False
medqa::0387,medqa,0387,cluster_1377,1,final_test,False,False
medqa::0388,medqa,0388,cluster_1378,1,train,False,False
medqa::0389,medqa,0389,cluster_1379,1,final_test,False,False
medqa::0390,medqa,0390,cluster_1380,1,train,False,False
medqa::0391,medqa,0391,cluster_1381,1,train,False,False
medqa::0392,medqa,0392,cluster_1382,1,final_test,False,False
medqa::0393,medqa,0393,cluster_1383,1,train,False,False
medqa::0394,medqa,0394,cluster_1384,1,train,False,False
medqa::0395,medqa,0395,cluster_1385,1,train,False,False
medqa::0396,medqa,0396,cluster_1386,1,train,False,False
medqa::0397,medqa,0397,cluster_1387,1,train,False,False
medqa::0398,medqa,0398,cluster_1388,1,train,False,False
medqa::0399,medqa,0399,cluster_1389,1,train,False,False
medqa::0400,medqa,0400,cluster_1390,1,train,False,False
medqa::0401,medqa,0401,cluster_1391,1,diagnostic,True,False
medqa::0402,medqa,0402,cluster_1392,1,val,False,False
medqa::0403,medqa,0403,cluster_1393,1,train,False,False
medqa::0404,medqa,0404,cluster_1394,1,train,False,False
medqa::0405,medqa,0405,cluster_1395,1,train,False,False
medqa::0406,medqa,0406,cluster_1396,1,final_test,False,False
medqa::0407,medqa,0407,cluster_1397,1,train,False,False
medqa::0408,medqa,0408,cluster_1398,1,train,False,False
medqa::0409,medqa,0409,cluster_1399,1,train,False,False
medqa::0410,medqa,0410,cluster_1400,1,train,False,False
medqa::0411,medqa,0411,cluster_1401,1,train,False,False
medqa::0412,medqa,0412,cluster_1402,1,train,False,False
medqa::0413,medqa,0413,cluster_1403,1,train,False,False
medqa::0414,medqa,0414,cluster_1404,1,train,False,False
medqa::0415,medqa,0415,cluster_1405,1,diagnostic,True,True
medqa::0416,medqa,0416,cluster_1406,1,train,False,False
medqa::0417,medqa,0417,cluster_1407,1,train,False,False
medqa::0418,medqa,0418,cluster_1408,1,train,False,False
medqa::0419,medqa,0419,cluster_1409,1,val,False,False
medqa::0420,medqa,0420,cluster_1410,1,final_test,False,False
medqa::0422,medqa,0422,cluster_1411,1,train,False,False
medqa::0423,medqa,0423,cluster_1412,1,val,False,False
medqa::0424,medqa,0424,cluster_1413,1,train,False,False
medqa::0425,medqa,0425,cluster_1414,1,train,False,False
medqa::0426,medqa,0426,cluster_1415,1,val,False,False
medqa::0427,medqa,0427,cluster_1416,1,final_test,False,False
medqa::0428,medqa,0428,cluster_1417,1,val,False,False
medqa::0429,medqa,0429,cluster_1418,1,val,False,False
medqa::0430,medqa,0430,cluster_1419,1,train,False,False
medqa::0431,medqa,0431,cluster_1420,1,train,False,False
medqa::0432,medqa,0432,cluster_1421,1,val,False,False
medqa::0433,medqa,0433,cluster_1422,1,train,False,False
medqa::0434,medqa,0434,cluster_1423,1,train,False,False
medqa::0435,medqa,0435,cluster_1424,1,train,False,False
medqa::0436,medqa,0436,cluster_1425,1,train,False,False
medqa::0437,medqa,0437,cluster_1426,1,train,False,False
medqa::0438,medqa,0438,cluster_1427,1,diagnostic,True,True
medqa::0439,medqa,0439,cluster_1428,1,train,False,False
medqa::0440,medqa,0440,cluster_1429,1,train,False,False
medqa::0441,medqa,0441,cluster_1430,1,train,False,False
medqa::0442,medqa,0442,cluster_1431,1,train,False,False
medqa::0443,medqa,0443,cluster_1432,1,final_test,False,False
medqa::0444,medqa,0444,cluster_1433,1,train,False,False
medqa::0445,medqa,0445,cluster_1434,1,val,False,False
medqa::0446,medqa,0446,cluster_1435,1,train,False,False
medqa::0447,medqa,0447,cluster_1436,1,train,False,False
medqa::0448,medqa,0448,cluster_1437,1,train,False,False
medqa::0449,medqa,0449,cluster_1438,1,diagnostic,True,True
medqa::0450,medqa,0450,cluster_1439,1,train,False,False
medqa::0451,medqa,0451,cluster_1440,1,train,False,False
medqa::0452,medqa,0452,cluster_1441,1,train,False,False
medqa::0453,medqa,0453,cluster_1442,1,train,False,False
medqa::0454,medqa,0454,cluster_1443,1,train,False,False
medqa::0455,medqa,0455,cluster_1444,1,final_test,False,False
medqa::0456,medqa,0456,cluster_1445,1,diagnostic,True,False
medqa::0457,medqa,0457,cluster_1446,1,train,False,False
medqa::0458,medqa,0458,cluster_1447,1,diagnostic,True,False
medqa::0459,medqa,0459,cluster_1448,1,train,False,False
medqa::0460,medqa,0460,cluster_1449,1,diagnostic,True,False
medqa::0461,medqa,0461,cluster_1450,1,val,False,False
medqa::0462,medqa,0462,cluster_1451,1,val,False,False
medqa::0463,medqa,0463,cluster_1452,1,val,False,False
medqa::0464,medqa,0464,cluster_1453,1,train,False,False
medqa::0465,medqa,0465,cluster_1454,1,train,False,False
medqa::0466,medqa,0466,cluster_1455,1,diagnostic,True,False
medqa::0467,medqa,0467,cluster_1456,1,train,False,False
medqa::0468,medqa,0468,cluster_1457,1,final_test,False,False
medqa::0469,medqa,0469,cluster_1458,1,train,False,False
medqa::0470,medqa,0470,cluster_1459,1,train,False,False
medqa::0471,medqa,0471,cluster_1460,1,train,False,False
medqa::0472,medqa,0472,cluster_1461,1,train,False,False
medqa::0473,medqa,0473,cluster_1462,1,train,False,False
medqa::0474,medqa,0474,cluster_1463,1,train,False,False
medqa::0475,medqa,0475,cluster_1464,1,diagnostic,True,False
medqa::0476,medqa,0476,cluster_1465,1,final_test,False,False
medqa::0477,medqa,0477,cluster_1466,1,train,False,False
medqa::0478,medqa,0478,cluster_1467,1,diagnostic,True,True
medqa::0479,medqa,0479,cluster_1468,1,train,False,False
medqa::0480,medqa,0480,cluster_1469,1,train,False,False
medqa::0481,medqa,0481,cluster_1470,1,train,False,False
medqa::0482,medqa,0482,cluster_1471,1,train,False,False
medqa::0483,medqa,0483,cluster_1472,1,train,False,False
medqa::0484,medqa,0484,cluster_1473,1,train,False,False
medqa::0485,medqa,0485,cluster_1474,1,diagnostic,True,False
medqa::0486,medqa,0486,cluster_1475,1,train,False,False
medqa::0487,medqa,0487,cluster_1476,1,val,False,False
medqa::0488,medqa,0488,cluster_1477,1,train,False,False
medqa::0489,medqa,0489,cluster_1478,1,train,False,False
medqa::0490,medqa,0490,cluster_1479,1,val,False,False
medqa::0491,medqa,0491,cluster_1480,1,train,False,False
medqa::0492,medqa,0492,cluster_1481,1,train,False,False
medqa::0493,medqa,0493,cluster_1482,1,train,False,False
medqa::0494,medqa,0494,cluster_1483,1,train,False,False
medqa::0495,medqa,0495,cluster_1484,1,train,False,False
medqa::0496,medqa,0496,cluster_1485,1,val,False,False
medqa::0497,medqa,0497,cluster_1486,1,train,False,False
medqa::0498,medqa,0498,cluster_1487,1,train,False,False
medqa::0499,medqa,0499,cluster_1488,1,train,False,False
medqa::0500,medqa,0500,cluster_1489,1,val,False,False
medqa::0501,medqa,0501,cluster_1490,1,train,False,False
medqa::0502,medqa,0502,cluster_1491,1,train,False,False
medqa::0503,medqa,0503,cluster_1492,1,final_test,False,False
medqa::0504,medqa,0504,cluster_1493,1,train,False,False
medqa::0505,medqa,0505,cluster_1494,1,train,False,False
medqa::0506,medqa,0506,cluster_1495,1,final_test,False,False
medqa::0507,medqa,0507,cluster_1496,1,train,False,False
medqa::0508,medqa,0508,cluster_1497,1,final_test,False,False
medqa::0509,medqa,0509,cluster_1498,1,train,False,False
medqa::0511,medqa,0511,cluster_1499,1,diagnostic,True,False
medqa::0512,medqa,0512,cluster_1500,1,train,False,False
medqa::0513,medqa,0513,cluster_1501,1,train,False,False
medqa::0514,medqa,0514,cluster_1502,1,val,False,False
medqa::0515,medqa,0515,cluster_1503,1,val,False,False
medqa::0516,medqa,0516,cluster_1504,1,final_test,False,False
medqa::0517,medqa,0517,cluster_1505,1,train,False,False
medqa::0518,medqa,0518,cluster_1506,1,train,False,False
medqa::0519,medqa,0519,cluster_1507,1,train,False,False
medqa::0520,medqa,0520,cluster_1508,1,train,False,False
medqa::0521,medqa,0521,cluster_1509,1,train,False,False
medqa::0522,medqa,0522,cluster_1510,1,final_test,False,False
medqa::0523,medqa,0523,cluster_1511,1,train,False,False
medqa::0524,medqa,0524,cluster_1512,1,train,False,False
medqa::0525,medqa,0525,cluster_1513,1,train,False,False
medqa::0526,medqa,0526,cluster_1514,1,final_test,False,False
medqa::0527,medqa,0527,cluster_1515,1,train,False,False
medqa::0528,medqa,0528,cluster_1516,1,val,False,False
medqa::0529,medqa,0529,cluster_1517,1,train,False,False
medqa::0530,medqa,0530,cluster_1518,1,train,False,False
medqa::0531,medqa,0531,cluster_1519,1,train,False,False
medqa::0532,medqa,0532,cluster_1520,1,val,False,False
medqa::0533,medqa,0533,cluster_1521,1,train,False,False
medqa::0534,medqa,0534,cluster_1522,1,train,False,False
medqa::0535,medqa,0535,cluster_1523,1,train,False,False
medqa::0536,medqa,0536,cluster_1524,1,train,False,False
medqa::0537,medqa,0537,cluster_1525,1,train,False,False
medqa::0538,medqa,0538,cluster_1526,1,final_test,False,False
medqa::0539,medqa,0539,cluster_1527,1,final_test,False,False
medqa::0540,medqa,0540,cluster_1528,1,train,False,False
medqa::0541,medqa,0541,cluster_1529,1,train,False,False
medqa::0542,medqa,0542,cluster_1530,1,train,False,False
medqa::0543,medqa,0543,cluster_1531,1,final_test,False,False
medqa::0544,medqa,0544,cluster_1532,1,train,False,False
medqa::0545,medqa,0545,cluster_1533,1,train,False,False
medqa::0546,medqa,0546,cluster_1534,1,train,False,False
medqa::0547,medqa,0547,cluster_1535,1,final_test,False,False
medqa::0548,medqa,0548,cluster_1536,1,train,False,False
medqa::0549,medqa,0549,cluster_1537,1,final_test,False,False
medqa::0550,medqa,0550,cluster_1538,1,train,False,False
medqa::0551,medqa,0551,cluster_1539,1,diagnostic,True,False
medqa::0552,medqa,0552,cluster_1540,1,train,False,False
medqa::0553,medqa,0553,cluster_1541,1,train,False,False
medqa::0554,medqa,0554,cluster_1542,1,train,False,False
medqa::0555,medqa,0555,cluster_1543,1,train,False,False
medqa::0556,medqa,0556,cluster_1544,1,diagnostic,True,False
medqa::0557,medqa,0557,cluster_1545,1,val,False,False
medqa::0558,medqa,0558,cluster_1546,1,diagnostic,True,False
medqa::0559,medqa,0559,cluster_1547,1,final_test,False,False
medqa::0560,medqa,0560,cluster_1548,1,val,False,False
medqa::0561,medqa,0561,cluster_1549,1,train,False,False
medqa::0562,medqa,0562,cluster_1550,1,diagnostic,True,False
medqa::0563,medqa,0563,cluster_1551,1,train,False,False
medqa::0564,medqa,0564,cluster_1552,1,final_test,False,False
medqa::0565,medqa,0565,cluster_1553,1,train,False,False
medqa::0566,medqa,0566,cluster_1554,1,val,False,False
medqa::0567,medqa,0567,cluster_1555,1,train,False,False
medqa::0568,medqa,0568,cluster_1556,1,final_test,False,False
medqa::0569,medqa,0569,cluster_1557,1,train,False,False
medqa::0570,medqa,0570,cluster_1558,1,train,False,False
medqa::0571,medqa,0571,cluster_1559,1,train,False,False
medqa::0572,medqa,0572,cluster_1560,1,train,False,False
medqa::0573,medqa,0573,cluster_1561,1,diagnostic,True,False
medqa::0574,medqa,0574,cluster_1562,1,train,False,False
medqa::0575,medqa,0575,cluster_1563,1,train,False,False
medqa::0576,medqa,0576,cluster_1564,1,train,False,False
medqa::0577,medqa,0577,cluster_1565,1,train,False,False
medqa::0578,medqa,0578,cluster_1566,1,train,False,False
medqa::0579,medqa,0579,cluster_1567,1,diagnostic,True,False
medqa::0580,medqa,0580,cluster_1568,1,train,False,False
medqa::0581,medqa,0581,cluster_1569,1,train,False,False
medqa::0582,medqa,0582,cluster_1570,1,train,False,False
medqa::0583,medqa,0583,cluster_1571,1,train,False,False
medqa::0584,medqa,0584,cluster_1572,1,train,False,False
medqa::0585,medqa,0585,cluster_1573,1,train,False,False
medqa::0586,medqa,0586,cluster_1574,1,train,False,False
medqa::0587,medqa,0587,cluster_1575,1,train,False,False
medqa::0588,medqa,0588,cluster_1576,1,train,False,False
medqa::0589,medqa,0589,cluster_1577,1,train,False,False
medqa::0590,medqa,0590,cluster_1578,1,train,False,False
medqa::0591,medqa,0591,cluster_1579,1,train,False,False
medqa::0592,medqa,0592,cluster_1580,1,val,False,False
medqa::0593,medqa,0593,cluster_1581,1,train,False,False
medqa::0594,medqa,0594,cluster_1582,1,train,False,False
medqa::0595,medqa,0595,cluster_1583,1,final_test,False,False
medqa::0596,medqa,0596,cluster_1584,1,train,False,False
medqa::0597,medqa,0597,cluster_1585,1,val,False,False
medqa::0598,medqa,0598,cluster_1586,1,final_test,False,False
medqa::0599,medqa,0599,cluster_1587,1,train,False,False
medqa::0600,medqa,0600,cluster_1588,1,final_test,False,False
medqa::0601,medqa,0601,cluster_1589,1,final_test,False,False
medqa::0602,medqa,0602,cluster_1590,1,diagnostic,True,False
medqa::0603,medqa,0603,cluster_1591,1,train,False,False
medqa::0604,medqa,0604,cluster_1592,1,train,False,False
medqa::0605,medqa,0605,cluster_1593,1,train,False,False
medqa::0606,medqa,0606,cluster_1594,1,final_test,False,False
medqa::0607,medqa,0607,cluster_1595,1,train,False,False
medqa::0608,medqa,0608,cluster_1596,1,train,False,False
medqa::0609,medqa,0609,cluster_1597,1,val,False,False
medqa::0610,medqa,0610,cluster_1598,1,diagnostic,True,False
medqa::0611,medqa,0611,cluster_1599,1,train,False,False
medqa::0612,medqa,0612,cluster_1600,1,val,False,False
medqa::0613,medqa,0613,cluster_1601,1,final_test,False,False
medqa::0614,medqa,0614,cluster_1602,1,train,False,False
medqa::0615,medqa,0615,cluster_1603,1,final_test,False,False
medqa::0616,medqa,0616,cluster_1604,1,train,False,False
medqa::0617,medqa,0617,cluster_1605,1,train,False,False
medqa::0618,medqa,0618,cluster_1606,1,train,False,False
medqa::0619,medqa,0619,cluster_1607,1,train,False,False
medqa::0620,medqa,0620,cluster_1608,1,train,False,False
medqa::0621,medqa,0621,cluster_1609,1,final_test,False,False
medqa::0622,medqa,0622,cluster_1610,1,train,False,False
medqa::0623,medqa,0623,cluster_1611,1,train,False,False
medqa::0624,medqa,0624,cluster_1612,1,train,False,False
medqa::0625,medqa,0625,cluster_1613,1,final_test,False,False
medqa::0626,medqa,0626,cluster_1614,1,train,False,False
medqa::0627,medqa,0627,cluster_1615,1,train,False,False
medqa::0628,medqa,0628,cluster_1616,1,train,False,False
medqa::0629,medqa,0629,cluster_1617,1,train,False,False
medqa::0630,medqa,0630,cluster_1618,1,train,False,False
medqa::0631,medqa,0631,cluster_1619,1,train,False,False
medqa::0632,medqa,0632,cluster_1620,1,train,False,False
medqa::0633,medqa,0633,cluster_1621,1,train,False,False
medqa::0634,medqa,0634,cluster_1622,1,train,False,False
medqa::0635,medqa,0635,cluster_1623,1,final_test,False,False
medqa::0636,medqa,0636,cluster_1624,1,train,False,False
medqa::0637,medqa,0637,cluster_1625,1,train,False,False
medqa::0638,medqa,0638,cluster_1626,1,train,False,False
medqa::0639,medqa,0639,cluster_1627,1,train,False,False
medqa::0640,medqa,0640,cluster_1628,1,train,False,False
medqa::0641,medqa,0641,cluster_1629,1,val,False,False
medqa::0642,medqa,0642,cluster_1630,1,train,False,False
medqa::0643,medqa,0643,cluster_1631,1,train,False,False
medqa::0644,medqa,0644,cluster_1632,1,train,False,False
medqa::0645,medqa,0645,cluster_1633,1,final_test,False,False
medqa::0646,medqa,0646,cluster_1634,1,final_test,False,False
medqa::0647,medqa,0647,cluster_1635,1,final_test,False,False
medqa::0648,medqa,0648,cluster_1636,1,train,False,False
medqa::0649,medqa,0649,cluster_1637,1,final_test,False,False
medqa::0650,medqa,0650,cluster_1638,1,train,False,False
medqa::0651,medqa,0651,cluster_1639,1,train,False,False
medqa::0652,medqa,0652,cluster_1640,1,final_test,False,False
medqa::0653,medqa,0653,cluster_1641,1,final_test,False,False
medqa::0654,medqa,0654,cluster_1642,1,train,False,False
medqa::0655,medqa,0655,cluster_1643,1,train,False,False
medqa::0656,medqa,0656,cluster_1644,1,diagnostic,True,False
medqa::0657,medqa,0657,cluster_1645,1,train,False,False
medqa::0658,medqa,0658,cluster_1646,1,final_test,False,False
medqa::0659,medqa,0659,cluster_1647,1,train,False,False
medqa::0660,medqa,0660,cluster_1648,1,train,False,False
medqa::0661,medqa,0661,cluster_1649,1,val,False,False
medqa::0662,medqa,0662,cluster_1650,1,train,False,False
medqa::0663,medqa,0663,cluster_1651,1,train,False,False
medqa::0664,medqa,0664,cluster_1652,1,train,False,False
medqa::0665,medqa,0665,cluster_1653,1,final_test,False,False
medqa::0666,medqa,0666,cluster_1654,1,train,False,False
medqa::0667,medqa,0667,cluster_1655,1,train,False,False
medqa::0668,medqa,0668,cluster_1656,1,train,False,False
medqa::0669,medqa,0669,cluster_1657,1,train,False,False
medqa::0670,medqa,0670,cluster_1658,1,train,False,False
medqa::0671,medqa,0671,cluster_1659,1,train,False,False
medqa::0672,medqa,0672,cluster_1660,1,train,False,False
medqa::0673,medqa,0673,cluster_1661,1,train,False,False
medqa::0674,medqa,0674,cluster_1662,1,diagnostic,True,False
medqa::0675,medqa,0675,cluster_1663,1,train,False,False
medqa::0676,medqa,0676,cluster_1664,1,train,False,False
medqa::0677,medqa,0677,cluster_1665,1,train,False,False
medqa::0678,medqa,0678,cluster_1666,1,train,False,False
medqa::0679,medqa,0679,cluster_1667,1,train,False,False
medqa::0680,medqa,0680,cluster_1668,1,final_test,False,False
medqa::0681,medqa,0681,cluster_1669,1,train,False,False
medqa::0682,medqa,0682,cluster_1670,1,val,False,False
medqa::0683,medqa,0683,cluster_1671,1,final_test,False,False
medqa::0684,medqa,0684,cluster_1672,1,train,False,False
medqa::0685,medqa,0685,cluster_1673,1,train,False,False
medqa::0686,medqa,0686,cluster_1674,1,train,False,False
medqa::0687,medqa,0687,cluster_1675,1,final_test,False,False
medqa::0688,medqa,0688,cluster_1676,1,train,False,False
medqa::0689,medqa,0689,cluster_1677,1,train,False,False
medqa::0691,medqa,0691,cluster_1678,1,val,False,False
medqa::0692,medqa,0692,cluster_1679,1,train,False,False
medqa::0693,medqa,0693,cluster_1680,1,val,False,False
medqa::0694,medqa,0694,cluster_1681,1,train,False,False
medqa::0695,medqa,0695,cluster_1682,1,final_test,False,False
medqa::0696,medqa,0696,cluster_1683,1,train,False,False
medqa::0697,medqa,0697,cluster_1684,1,val,False,False
medqa::0698,medqa,0698,cluster_1685,1,train,False,False
medqa::0699,medqa,0699,cluster_1686,1,train,False,False
medqa::0700,medqa,0700,cluster_1687,1,diagnostic,True,False
medqa::0701,medqa,0701,cluster_1688,1,val,False,False
medqa::0702,medqa,0702,cluster_1689,1,train,False,False
medqa::0703,medqa,0703,cluster_1690,1,train,False,False
medqa::0704,medqa,0704,cluster_1691,1,final_test,False,False
medqa::0705,medqa,0705,cluster_1692,1,train,False,False
medqa::0706,medqa,0706,cluster_1693,1,val,False,False
medqa::0707,medqa,0707,cluster_1694,1,diagnostic,True,False
medqa::0708,medqa,0708,cluster_1695,1,train,False,False
medqa::0710,medqa,0710,cluster_1696,1,val,False,False
medqa::0711,medqa,0711,cluster_1697,1,train,False,False
medqa::0712,medqa,0712,cluster_1698,1,train,False,False
medqa::0713,medqa,0713,cluster_1699,1,train,False,False
medqa::0714,medqa,0714,cluster_1700,1,train,False,False
medqa::0715,medqa,0715,cluster_1701,1,train,False,False
medqa::0716,medqa,0716,cluster_1702,1,diagnostic,True,False
medqa::0717,medqa,0717,cluster_1703,1,train,False,False
medqa::0718,medqa,0718,cluster_1704,1,train,False,False
medqa::0719,medqa,0719,cluster_1705,1,train,False,False
medqa::0720,medqa,0720,cluster_1706,1,final_test,False,False
medqa::0721,medqa,0721,cluster_1707,1,train,False,False
medqa::0722,medqa,0722,cluster_1708,1,train,False,False
medqa::0723,medqa,0723,cluster_1709,1,final_test,False,False
medqa::0724,medqa,0724,cluster_1710,1,train,False,False
medqa::0725,medqa,0725,cluster_1711,1,final_test,False,False
medqa::0726,medqa,0726,cluster_1712,1,train,False,False
medqa::0727,medqa,0727,cluster_1713,1,train,False,False
medqa::0728,medqa,0728,cluster_1714,1,val,False,False
medqa::0729,medqa,0729,cluster_1715,1,train,False,False
medqa::0730,medqa,0730,cluster_1716,1,val,False,False
medqa::0731,medqa,0731,cluster_1717,1,train,False,False
medqa::0732,medqa,0732,cluster_1718,1,train,False,False
medqa::0733,medqa,0733,cluster_1719,1,val,False,False
medqa::0734,medqa,0734,cluster_1720,1,train,False,False
medqa::0735,medqa,0735,cluster_1721,1,train,False,False
medqa::0736,medqa,0736,cluster_1722,1,train,False,False
medqa::0737,medqa,0737,cluster_1723,1,train,False,False
medqa::0738,medqa,0738,cluster_1724,1,final_test,False,False
medqa::0739,medqa,0739,cluster_1725,1,diagnostic,True,False
medqa::0740,medqa,0740,cluster_1726,1,train,False,False
medqa::0741,medqa,0741,cluster_1727,1,train,False,False
medqa::0742,medqa,0742,cluster_1728,1,train,False,False
medqa::0743,medqa,0743,cluster_1729,1,val,False,False
medqa::0744,medqa,0744,cluster_1730,1,train,False,False
medqa::0745,medqa,0745,cluster_1731,1,train,False,False
medqa::0746,medqa,0746,cluster_1732,1,final_test,False,False
medqa::0747,medqa,0747,cluster_1733,1,diagnostic,True,False
medqa::0748,medqa,0748,cluster_1734,1,train,False,False
medqa::0749,medqa,0749,cluster_1735,1,train,False,False
medqa::0750,medqa,0750,cluster_1736,1,train,False,False
medqa::0751,medqa,0751,cluster_1737,1,train,False,False
medqa::0752,medqa,0752,cluster_1738,1,diagnostic,True,True
medqa::0753,medqa,0753,cluster_1739,1,train,False,False
medqa::0754,medqa,0754,cluster_1740,1,train,False,False
medqa::0755,medqa,0755,cluster_1741,1,train,False,False
medqa::0756,medqa,0756,cluster_1742,1,val,False,False
medqa::0757,medqa,0757,cluster_1743,1,train,False,False
medqa::0758,medqa,0758,cluster_1744,1,train,False,False
medqa::0759,medqa,0759,cluster_1745,1,diagnostic,True,True
medqa::0760,medqa,0760,cluster_1746,1,train,False,False
medqa::0761,medqa,0761,cluster_1747,1,train,False,False
medqa::0762,medqa,0762,cluster_1748,1,train,False,False
medqa::0763,medqa,0763,cluster_1749,1,final_test,False,False
medqa::0764,medqa,0764,cluster_1750,1,train,False,False
medqa::0765,medqa,0765,cluster_1751,1,val,False,False
medqa::0766,medqa,0766,cluster_1752,1,val,False,False
medqa::0767,medqa,0767,cluster_1753,1,val,False,False
medqa::0768,medqa,0768,cluster_1754,1,train,False,False
medqa::0769,medqa,0769,cluster_1755,1,train,False,False
medqa::0770,medqa,0770,cluster_1756,1,diagnostic,True,False
medqa::0771,medqa,0771,cluster_1757,1,train,False,False
medqa::0772,medqa,0772,cluster_1758,1,train,False,False
medqa::0773,medqa,0773,cluster_1759,1,train,False,False
medqa::0774,medqa,0774,cluster_1760,1,train,False,False
medqa::0775,medqa,0775,cluster_1761,1,train,False,False
medqa::0776,medqa,0776,cluster_1762,1,train,False,False
medqa::0777,medqa,0777,cluster_1763,1,val,False,False
medqa::0778,medqa,0778,cluster_1764,1,val,False,False
medqa::0779,medqa,0779,cluster_1765,1,train,False,False
medqa::0780,medqa,0780,cluster_1766,1,final_test,False,False
medqa::0781,medqa,0781,cluster_1767,1,train,False,False
medqa::0782,medqa,0782,cluster_1768,1,val,False,False
medqa::0783,medqa,0783,cluster_1769,1,train,False,False
medqa::0784,medqa,0784,cluster_1770,1,train,False,False
medqa::0785,medqa,0785,cluster_1771,1,train,False,False
medqa::0786,medqa,0786,cluster_1772,1,train,False,False
medqa::0787,medqa,0787,cluster_1773,1,diagnostic,True,False
medqa::0788,medqa,0788,cluster_1774,1,train,False,False
medqa::0789,medqa,0789,cluster_1775,1,diagnostic,True,True
medqa::0790,medqa,0790,cluster_1776,1,diagnostic,True,False
medqa::0791,medqa,0791,cluster_1777,1,val,False,False
medqa::0792,medqa,0792,cluster_1778,1,train,False,False
medqa::0793,medqa,0793,cluster_1779,1,val,False,False
medqa::0794,medqa,0794,cluster_1780,1,train,False,False
medqa::0795,medqa,0795,cluster_1781,1,train,False,False
medqa::0796,medqa,0796,cluster_1782,1,train,False,False
medqa::0797,medqa,0797,cluster_1783,1,train,False,False
medqa::0798,medqa,0798,cluster_1784,1,train,False,False
medqa::0799,medqa,0799,cluster_1785,1,train,False,False
medqa::0800,medqa,0800,cluster_1786,1,train,False,False
medqa::0801,medqa,0801,cluster_1787,1,train,False,False
medqa::0802,medqa,0802,cluster_1788,1,train,False,False
medqa::0803,medqa,0803,cluster_1789,1,train,False,False
medqa::0804,medqa,0804,cluster_1790,1,train,False,False
medqa::0805,medqa,0805,cluster_1791,1,train,False,False
medqa::0806,medqa,0806,cluster_1792,1,val,False,False
medqa::0807,medqa,0807,cluster_1793,1,train,False,False
medqa::0808,medqa,0808,cluster_1794,1,train,False,False
medqa::0809,medqa,0809,cluster_1795,1,train,False,False
medqa::0810,medqa,0810,cluster_1796,1,val,False,False
medqa::0811,medqa,0811,cluster_1797,1,final_test,False,False
medqa::0812,medqa,0812,cluster_1798,1,train,False,False
medqa::0813,medqa,0813,cluster_1799,1,train,False,False
medqa::0814,medqa,0814,cluster_1800,1,final_test,False,False
medqa::0815,medqa,0815,cluster_1801,1,train,False,False
medqa::0816,medqa,0816,cluster_1802,1,train,False,False
medqa::0817,medqa,0817,cluster_1803,1,train,False,False
medqa::0818,medqa,0818,cluster_1804,1,train,False,False
medqa::0819,medqa,0819,cluster_1805,1,train,False,False
medqa::0820,medqa,0820,cluster_1806,1,train,False,False
medqa::0821,medqa,0821,cluster_1807,1,train,False,False
medqa::0822,medqa,0822,cluster_1808,1,train,False,False
medqa::0823,medqa,0823,cluster_1809,1,train,False,False
medqa::0824,medqa,0824,cluster_1810,1,train,False,False
medqa::0825,medqa,0825,cluster_1811,1,train,False,False
medqa::0826,medqa,0826,cluster_1812,1,train,False,False
medqa::0827,medqa,0827,cluster_1813,1,train,False,False
medqa::0828,medqa,0828,cluster_1814,1,train,False,False
medqa::0829,medqa,0829,cluster_1815,1,train,False,False
medqa::0830,medqa,0830,cluster_1816,1,train,False,False
medqa::0831,medqa,0831,cluster_1817,1,train,False,False
medqa::0832,medqa,0832,cluster_1818,1,train,False,False
medqa::0833,medqa,0833,cluster_1819,1,diagnostic,True,False
medqa::0834,medqa,0834,cluster_1820,1,val,False,False
medqa::0835,medqa,0835,cluster_1821,1,train,False,False
medqa::0836,medqa,0836,cluster_1822,1,val,False,False
medqa::0837,medqa,0837,cluster_1823,1,train,False,False
medqa::0838,medqa,0838,cluster_1824,1,train,False,False
medqa::0839,medqa,0839,cluster_1825,1,train,False,False
medqa::0840,medqa,0840,cluster_1826,1,train,False,False
medqa::0841,medqa,0841,cluster_1827,1,train,False,False
medqa::0842,medqa,0842,cluster_1828,1,train,False,False
medqa::0843,medqa,0843,cluster_1829,1,train,False,False
medqa::0844,medqa,0844,cluster_1830,1,train,False,False
medqa::0845,medqa,0845,cluster_1831,1,train,False,False
medqa::0846,medqa,0846,cluster_1832,1,train,False,False
medqa::0847,medqa,0847,cluster_1833,1,train,False,False
medqa::0848,medqa,0848,cluster_1834,1,train,False,False
medqa::0849,medqa,0849,cluster_1835,1,val,False,False
medqa::0850,medqa,0850,cluster_1836,1,val,False,False
medqa::0851,medqa,0851,cluster_1837,1,final_test,False,False
medqa::0852,medqa,0852,cluster_1838,1,train,False,False
medqa::0853,medqa,0853,cluster_1839,1,final_test,False,False
medqa::0854,medqa,0854,cluster_1840,1,train,False,False
medqa::0855,medqa,0855,cluster_1841,1,train,False,False
medqa::0856,medqa,0856,cluster_1842,1,train,False,False
medqa::0857,medqa,0857,cluster_1843,1,final_test,False,False
medqa::0858,medqa,0858,cluster_1844,1,train,False,False
medqa::0859,medqa,0859,cluster_1845,1,train,False,False
medqa::0860,medqa,0860,cluster_1846,1,train,False,False
medqa::0861,medqa,0861,cluster_1847,1,train,False,False
medqa::0862,medqa,0862,cluster_1848,1,train,False,False
medqa::0863,medqa,0863,cluster_1849,1,train,False,False
medqa::0864,medqa,0864,cluster_1850,1,train,False,False
medqa::0865,medqa,0865,cluster_1851,1,train,False,False
medqa::0866,medqa,0866,cluster_1852,1,val,False,False
medqa::0867,medqa,0867,cluster_1853,1,train,False,False
medqa::0868,medqa,0868,cluster_1854,1,train,False,False
medqa::0869,medqa,0869,cluster_1855,1,train,False,False
medqa::0870,medqa,0870,cluster_1856,1,train,False,False
medqa::0871,medqa,0871,cluster_1857,1,diagnostic,True,False
medqa::0872,medqa,0872,cluster_1858,1,train,False,False
medqa::0873,medqa,0873,cluster_1859,1,val,False,False
medqa::0874,medqa,0874,cluster_1860,1,train,False,False
medqa::0875,medqa,0875,cluster_1861,1,train,False,False
medqa::0876,medqa,0876,cluster_1862,1,diagnostic,True,False
medqa::0877,medqa,0877,cluster_1863,1,diagnostic,True,False
medqa::0878,medqa,0878,cluster_1864,1,train,False,False
medqa::0879,medqa,0879,cluster_1865,1,train,False,False
medqa::0880,medqa,0880,cluster_1866,1,train,False,False
medqa::0881,medqa,0881,cluster_1867,1,train,False,False
medqa::0882,medqa,0882,cluster_1868,1,train,False,False
medqa::0883,medqa,0883,cluster_1869,1,train,False,False
medqa::0884,medqa,0884,cluster_1870,1,train,False,False
medqa::0885,medqa,0885,cluster_1871,1,train,False,False
medqa::0886,medqa,0886,cluster_1872,1,val,False,False
medqa::0887,medqa,0887,cluster_1873,1,train,False,False
medqa::0888,medqa,0888,cluster_1874,1,train,False,False
medqa::0889,medqa,0889,cluster_1875,1,train,False,False
medqa::0890,medqa,0890,cluster_1876,1,val,False,False
medqa::0891,medqa,0891,cluster_1877,1,train,False,False
medqa::0892,medqa,0892,cluster_1878,1,train,False,False
medqa::0893,medqa,0893,cluster_1879,1,train,False,False
medqa::0894,medqa,0894,cluster_1880,1,train,False,False
medqa::0895,medqa,0895,cluster_1881,1,final_test,False,False
medqa::0896,medqa,0896,cluster_1882,1,train,False,False
medqa::0897,medqa,0897,cluster_1883,1,train,False,False
medqa::0898,medqa,0898,cluster_1884,1,train,False,False
medqa::0899,medqa,0899,cluster_1885,1,final_test,False,False
medqa::0900,medqa,0900,cluster_1886,1,train,False,False
medqa::0901,medqa,0901,cluster_1887,1,train,False,False
medqa::0902,medqa,0902,cluster_1888,1,final_test,False,False
medqa::0903,medqa,0903,cluster_1889,1,train,False,False
medqa::0904,medqa,0904,cluster_1890,1,train,False,False
medqa::0905,medqa,0905,cluster_1891,1,val,False,False
medqa::0906,medqa,0906,cluster_1892,1,train,False,False
medqa::0907,medqa,0907,cluster_1893,1,train,False,False
medqa::0908,medqa,0908,cluster_1894,1,train,False,False
medqa::0909,medqa,0909,cluster_1895,1,train,False,False
medqa::0910,medqa,0910,cluster_1896,1,final_test,False,False
medqa::0911,medqa,0911,cluster_1897,1,final_test,False,False
medqa::0912,medqa,0912,cluster_1898,1,train,False,False
medqa::0913,medqa,0913,cluster_1899,1,train,False,False
medqa::0914,medqa,0914,cluster_1900,1,train,False,False
medqa::0915,medqa,0915,cluster_1901,1,val,False,False
medqa::0916,medqa,0916,cluster_1902,1,train,False,False
medqa::0917,medqa,0917,cluster_1903,1,train,False,False
medqa::0918,medqa,0918,cluster_1904,1,final_test,False,False
medqa::0919,medqa,0919,cluster_1905,1,train,False,False
medqa::0920,medqa,0920,cluster_1906,1,train,False,False
medqa::0921,medqa,0921,cluster_1907,1,final_test,False,False
medqa::0922,medqa,0922,cluster_1908,1,train,False,False
medqa::0923,medqa,0923,cluster_1909,1,train,False,False
medqa::0924,medqa,0924,cluster_1910,1,final_test,False,False
medqa::0925,medqa,0925,cluster_1911,1,final_test,False,False
medqa::0926,medqa,0926,cluster_1912,1,train,False,False
medqa::0927,medqa,0927,cluster_1913,1,final_test,False,False
medqa::0928,medqa,0928,cluster_1914,1,train,False,False
medqa::0929,medqa,0929,cluster_1915,1,train,False,False
medqa::0930,medqa,0930,cluster_1916,1,train,False,False
medqa::0931,medqa,0931,cluster_1917,1,diagnostic,True,False
medqa::0932,medqa,0932,cluster_1918,1,train,False,False
medqa::0933,medqa,0933,cluster_1919,1,final_test,False,False
medqa::0934,medqa,0934,cluster_1920,1,train,False,False
medqa::0935,medqa,0935,cluster_1921,1,train,False,False
medqa::0936,medqa,0936,cluster_1922,1,train,False,False
medqa::0937,medqa,0937,cluster_1923,1,train,False,False
medqa::0938,medqa,0938,cluster_1924,1,train,False,False
medqa::0939,medqa,0939,cluster_1925,1,train,False,False
medqa::0940,medqa,0940,cluster_1926,1,diagnostic,True,True
medqa::0941,medqa,0941,cluster_1927,1,train,False,False
medqa::0942,medqa,0942,cluster_1928,1,val,False,False
medqa::0943,medqa,0943,cluster_1929,1,train,False,False
medqa::0944,medqa,0944,cluster_1930,1,train,False,False
medqa::0945,medqa,0945,cluster_1931,1,train,False,False
medqa::0946,medqa,0946,cluster_1932,1,train,False,False
medqa::0947,medqa,0947,cluster_1933,1,final_test,False,False
medqa::0948,medqa,0948,cluster_1934,1,train,False,False
medqa::0949,medqa,0949,cluster_1935,1,val,False,False
medqa::0950,medqa,0950,cluster_1936,1,train,False,False
medqa::0951,medqa,0951,cluster_1937,1,train,False,False
medqa::0952,medqa,0952,cluster_1938,1,diagnostic,True,False
medqa::0953,medqa,0953,cluster_1939,1,train,False,False
medqa::0954,medqa,0954,cluster_1940,1,val,False,False
medqa::0955,medqa,0955,cluster_1941,1,train,False,False
medqa::0956,medqa,0956,cluster_1942,1,final_test,False,False
medqa::0957,medqa,0957,cluster_1943,1,val,False,False
medqa::0958,medqa,0958,cluster_1944,1,diagnostic,True,False
medqa::0959,medqa,0959,cluster_1945,1,train,False,False
medqa::0960,medqa,0960,cluster_1946,1,train,False,False
medqa::0961,medqa,0961,cluster_1947,1,train,False,False
medqa::0962,medqa,0962,cluster_1948,1,train,False,False
medqa::0963,medqa,0963,cluster_1949,1,final_test,False,False
medqa::0964,medqa,0964,cluster_1950,1,train,False,False
medqa::0965,medqa,0965,cluster_1951,1,final_test,False,False
medqa::0966,medqa,0966,cluster_1952,1,train,False,False
medqa::0967,medqa,0967,cluster_1953,1,train,False,False
medqa::0968,medqa,0968,cluster_1954,1,train,False,False
medqa::0969,medqa,0969,cluster_1955,1,val,False,False
medqa::0970,medqa,0970,cluster_1956,1,val,False,False
medqa::0971,medqa,0971,cluster_1957,1,final_test,False,False
medqa::0972,medqa,0972,cluster_1958,1,val,False,False
medqa::0973,medqa,0973,cluster_1959,1,train,False,False
medqa::0974,medqa,0974,cluster_1960,1,val,False,False
medqa::0975,medqa,0975,cluster_1961,1,final_test,False,False
medqa::0976,medqa,0976,cluster_1962,1,final_test,False,False
medqa::0977,medqa,0977,cluster_1963,1,train,False,False
medqa::0978,medqa,0978,cluster_1964,1,final_test,False,False
medqa::0979,medqa,0979,cluster_1965,1,train,False,False
medqa::0980,medqa,0980,cluster_1966,1,train,False,False
medqa::0981,medqa,0981,cluster_1967,1,train,False,False
medqa::0982,medqa,0982,cluster_1968,1,train,False,False
medqa::0983,medqa,0983,cluster_1969,1,train,False,False
medqa::0984,medqa,0984,cluster_1970,1,final_test,False,False
medqa::0985,medqa,0985,cluster_1971,1,final_test,False,False
medqa::0986,medqa,0986,cluster_1972,1,train,False,False
medqa::0987,medqa,0987,cluster_1973,1,val,False,False
medqa::0988,medqa,0988,cluster_1974,1,train,False,False
medqa::0989,medqa,0989,cluster_1975,1,train,False,False
medqa::0990,medqa,0990,cluster_1976,1,train,False,False
medqa::0991,medqa,0991,cluster_1977,1,train,False,False
medqa::0992,medqa,0992,cluster_1978,1,train,False,False
medqa::0993,medqa,0993,cluster_1979,1,train,False,False
medqa::0994,medqa,0994,cluster_1980,1,train,False,False
medqa::0995,medqa,0995,cluster_1981,1,train,False,False
medqa::0996,medqa,0996,cluster_1982,1,train,False,False
medqa::0997,medqa,0997,cluster_1983,1,train,False,False
medqa::0998,medqa,0998,cluster_1984,1,train,False,False
medqa::0999,medqa,0999,cluster_1985,1,train,False,False
medqa::1000,medqa,1000,cluster_1986,1,train,False,False
medqa::1001,medqa,1001,cluster_1987,1,final_test,False,False
medqa::1002,medqa,1002,cluster_1988,1,train,False,False
medqa::1003,medqa,1003,cluster_1989,1,train,False,False
medqa::1004,medqa,1004,cluster_1990,1,train,False,False
medqa::1005,medqa,1005,cluster_1991,1,train,False,False
medqa::1006,medqa,1006,cluster_1992,1,train,False,False
medqa::1007,medqa,1007,cluster_1993,1,train,False,False
medqa::1008,medqa,1008,cluster_1994,1,final_test,False,False
medqa::1009,medqa,1009,cluster_1995,1,train,False,False
medqa::1010,medqa,1010,cluster_1996,1,final_test,False,False
medqa::1011,medqa,1011,cluster_1997,1,val,False,False
medqa::1012,medqa,1012,cluster_1998,1,train,False,False
medqa::1013,medqa,1013,cluster_1999,1,train,False,False
medqa::1014,medqa,1014,cluster_2000,1,final_test,False,False
medqa::1015,medqa,1015,cluster_2001,1,train,False,False
medqa::1016,medqa,1016,cluster_2002,1,train,False,False
medqa::1017,medqa,1017,cluster_2003,1,train,False,False
medqa::1018,medqa,1018,cluster_2004,1,train,False,False
medqa::1019,medqa,1019,cluster_2005,1,train,False,False
medqa::1020,medqa,1020,cluster_2006,1,train,False,False
medqa::1021,medqa,1021,cluster_2007,1,train,False,False
medqa::1022,medqa,1022,cluster_2008,1,train,False,False
medqa::1023,medqa,1023,cluster_2009,1,train,False,False
medqa::1024,medqa,1024,cluster_2010,1,final_test,False,False
medqa::1025,medqa,1025,cluster_2011,1,final_test,False,False
medqa::1026,medqa,1026,cluster_2012,1,train,False,False
medqa::1027,medqa,1027,cluster_2013,1,train,False,False
medqa::1028,medqa,1028,cluster_2014,1,train,False,False
medqa::1029,medqa,1029,cluster_2015,1,train,False,False
medqa::1030,medqa,1030,cluster_2016,1,train,False,False
medqa::1031,medqa,1031,cluster_2017,1,train,False,False
medqa::1032,medqa,1032,cluster_2018,1,train,False,False
medqa::1033,medqa,1033,cluster_2019,1,train,False,False
medqa::1034,medqa,1034,cluster_2020,1,val,False,False
medqa::1035,medqa,1035,cluster_2021,1,train,False,False
medqa::1036,medqa,1036,cluster_2022,1,train,False,False
medqa::1037,medqa,1037,cluster_2023,1,train,False,False
medqa::1038,medqa,1038,cluster_2024,1,final_test,False,False
medqa::1039,medqa,1039,cluster_2025,1,train,False,False
medqa::1040,medqa,1040,cluster_2026,1,train,False,False
medqa::1041,medqa,1041,cluster_2027,1,final_test,False,False
medqa::1042,medqa,1042,cluster_2028,1,final_test,False,False
medqa::1043,medqa,1043,cluster_2029,1,val,False,False
medqa::1044,medqa,1044,cluster_2030,1,train,False,False
medqa::1045,medqa,1045,cluster_2031,1,val,False,False
medqa::1046,medqa,1046,cluster_2032,1,diagnostic,True,False
medqa::1047,medqa,1047,cluster_2033,1,final_test,False,False
medqa::1048,medqa,1048,cluster_2034,1,train,False,False
medqa::1049,medqa,1049,cluster_2035,1,train,False,False
medqa::1050,medqa,1050,cluster_2036,1,val,False,False
medqa::1051,medqa,1051,cluster_2037,1,train,False,False
medqa::1052,medqa,1052,cluster_2038,1,train,False,False
medqa::1053,medqa,1053,cluster_2039,1,train,False,False
medqa::1054,medqa,1054,cluster_2040,1,train,False,False
medqa::1055,medqa,1055,cluster_2041,1,train,False,False
medqa::1056,medqa,1056,cluster_2042,1,train,False,False
medqa::1057,medqa,1057,cluster_2043,1,train,False,False
medqa::1058,medqa,1058,cluster_2044,1,train,False,False
medqa::1059,medqa,1059,cluster_2045,1,train,False,False
medqa::1060,medqa,1060,cluster_2046,1,train,False,False
medqa::1062,medqa,1062,cluster_2047,1,val,False,False
medqa::1063,medqa,1063,cluster_2048,1,train,False,False
medqa::1064,medqa,1064,cluster_2049,1,train,False,False
medqa::1065,medqa,1065,cluster_2050,1,train,False,False
medqa::1066,medqa,1066,cluster_2051,1,train,False,False
medqa::1067,medqa,1067,cluster_2052,1,train,False,False
medqa::1068,medqa,1068,cluster_2053,1,train,False,False
medqa::1069,medqa,1069,cluster_2054,1,final_test,False,False
medqa::1070,medqa,1070,cluster_2055,1,train,False,False
medqa::1071,medqa,1071,cluster_2056,1,train,False,False
medqa::1072,medqa,1072,cluster_2057,1,train,False,False
medqa::1073,medqa,1073,cluster_2058,1,final_test,False,False
medqa::1074,medqa,1074,cluster_2059,1,train,False,False
medqa::1075,medqa,1075,cluster_2060,1,train,False,False
medqa::1076,medqa,1076,cluster_2061,1,train,False,False
medqa::1077,medqa,1077,cluster_2062,1,train,False,False
medqa::1078,medqa,1078,cluster_2063,1,train,False,False
medqa::1079,medqa,1079,cluster_2064,1,train,False,False
medqa::1080,medqa,1080,cluster_2065,1,train,False,False
medqa::1081,medqa,1081,cluster_2066,1,train,False,False
medqa::1082,medqa,1082,cluster_2067,1,val,False,False
medqa::1083,medqa,1083,cluster_2068,1,train,False,False
medqa::1084,medqa,1084,cluster_2069,1,train,False,False
medqa::1085,medqa,1085,cluster_2070,1,train,False,False
medqa::1086,medqa,1086,cluster_2071,1,train,False,False
medqa::1087,medqa,1087,cluster_2072,1,train,False,False
medqa::1088,medqa,1088,cluster_2073,1,final_test,False,False
medqa::1089,medqa,1089,cluster_2074,1,train,False,False
medqa::1090,medqa,1090,cluster_2075,1,train,False,False
medqa::1091,medqa,1091,cluster_2076,1,train,False,False
medqa::1092,medqa,1092,cluster_2077,1,final_test,False,False
medqa::1093,medqa,1093,cluster_2078,1,train,False,False
medqa::1094,medqa,1094,cluster_2079,1,train,False,False
medqa::1095,medqa,1095,cluster_2080,1,final_test,False,False
medqa::1096,medqa,1096,cluster_2081,1,train,False,False
medqa::1097,medqa,1097,cluster_2082,1,train,False,False
medqa::1098,medqa,1098,cluster_2083,1,train,False,False
medqa::1099,medqa,1099,cluster_2084,1,train,False,False
medqa::1100,medqa,1100,cluster_2085,1,train,False,False
medqa::1101,medqa,1101,cluster_2086,1,final_test,False,False
medqa::1102,medqa,1102,cluster_2087,1,train,False,False
medqa::1103,medqa,1103,cluster_2088,1,train,False,False
medqa::1104,medqa,1104,cluster_2089,1,val,False,False
medqa::1105,medqa,1105,cluster_2090,1,final_test,False,False
medqa::1106,medqa,1106,cluster_2091,1,diagnostic,True,False
medqa::1108,medqa,1108,cluster_2092,1,train,False,False
medqa::1109,medqa,1109,cluster_2093,1,train,False,False
medqa::1110,medqa,1110,cluster_2094,1,train,False,False
medqa::1111,medqa,1111,cluster_2095,1,final_test,False,False
medqa::1112,medqa,1112,cluster_2096,1,diagnostic,True,True
medqa::1113,medqa,1113,cluster_2097,1,train,False,False
medqa::1114,medqa,1114,cluster_2098,1,train,False,False
medqa::1115,medqa,1115,cluster_2099,1,val,False,False
medqa::1116,medqa,1116,cluster_2100,1,train,False,False
medqa::1117,medqa,1117,cluster_2101,1,train,False,False
medqa::1118,medqa,1118,cluster_2102,1,val,False,False
medqa::1119,medqa,1119,cluster_2103,1,val,False,False
medqa::1120,medqa,1120,cluster_2104,1,train,False,False
medqa::1121,medqa,1121,cluster_2105,1,train,False,False
medqa::1122,medqa,1122,cluster_2106,1,train,False,False
medqa::1123,medqa,1123,cluster_2107,1,train,False,False
medqa::1124,medqa,1124,cluster_2108,1,val,False,False
medqa::1125,medqa,1125,cluster_2109,1,train,False,False
medqa::1126,medqa,1126,cluster_2110,1,train,False,False
medqa::1127,medqa,1127,cluster_2111,1,val,False,False
medqa::1128,medqa,1128,cluster_2112,1,val,False,False
medqa::1129,medqa,1129,cluster_2113,1,val,False,False
medqa::1130,medqa,1130,cluster_2114,1,diagnostic,True,False
medqa::1131,medqa,1131,cluster_2115,1,train,False,False
medqa::1132,medqa,1132,cluster_2116,1,train,False,False
medqa::1133,medqa,1133,cluster_2117,1,train,False,False
medqa::1134,medqa,1134,cluster_2118,1,train,False,False
medqa::1135,medqa,1135,cluster_2119,1,train,False,False
medqa::1136,medqa,1136,cluster_2120,1,val,False,False
medqa::1137,medqa,1137,cluster_2121,1,train,False,False
medqa::1138,medqa,1138,cluster_2122,1,final_test,False,False
medqa::1139,medqa,1139,cluster_2123,1,train,False,False
medqa::1140,medqa,1140,cluster_2124,1,train,False,False
medqa::1141,medqa,1141,cluster_2125,1,train,False,False
medqa::1142,medqa,1142,cluster_2126,1,train,False,False
medqa::1143,medqa,1143,cluster_2127,1,train,False,False
medqa::1144,medqa,1144,cluster_2128,1,diagnostic,True,True
medqa::1145,medqa,1145,cluster_2129,1,val,False,False
medqa::1146,medqa,1146,cluster_2130,1,train,False,False
medqa::1147,medqa,1147,cluster_2131,1,final_test,False,False
medqa::1148,medqa,1148,cluster_2132,1,final_test,False,False
medqa::1149,medqa,1149,cluster_2133,1,final_test,False,False
medqa::1150,medqa,1150,cluster_2134,1,train,False,False
medqa::1151,medqa,1151,cluster_2135,1,train,False,False
medqa::1152,medqa,1152,cluster_2136,1,train,False,False
medqa::1153,medqa,1153,cluster_2137,1,train,False,False
medqa::1154,medqa,1154,cluster_2138,1,diagnostic,True,False
medqa::1155,medqa,1155,cluster_2139,1,train,False,False
medqa::1156,medqa,1156,cluster_2140,1,train,False,False
medqa::1157,medqa,1157,cluster_2141,1,final_test,False,False
medqa::1158,medqa,1158,cluster_2142,1,train,False,False
medqa::1159,medqa,1159,cluster_2143,1,train,False,False
medqa::1160,medqa,1160,cluster_2144,1,val,False,False
medqa::1161,medqa,1161,cluster_2145,1,train,False,False
medqa::1162,medqa,1162,cluster_2146,1,train,False,False
medqa::1163,medqa,1163,cluster_2147,1,diagnostic,True,False
medqa::1164,medqa,1164,cluster_2148,1,train,False,False
medqa::1165,medqa,1165,cluster_2149,1,train,False,False
medqa::1166,medqa,1166,cluster_2150,1,train,False,False
medqa::1167,medqa,1167,cluster_2151,1,train,False,False
medqa::1168,medqa,1168,cluster_2152,1,train,False,False
medqa::1169,medqa,1169,cluster_2153,1,train,False,False
medqa::1170,medqa,1170,cluster_2154,1,train,False,False
medqa::1171,medqa,1171,cluster_2155,1,train,False,False
medqa::1172,medqa,1172,cluster_2156,1,final_test,False,False
medqa::1173,medqa,1173,cluster_2157,1,val,False,False
medqa::1174,medqa,1174,cluster_2158,1,train,False,False
medqa::1175,medqa,1175,cluster_2159,1,train,False,False
medqa::1176,medqa,1176,cluster_2160,1,train,False,False
medqa::1177,medqa,1177,cluster_2161,1,train,False,False
medqa::1178,medqa,1178,cluster_2162,1,train,False,False
medqa::1179,medqa,1179,cluster_2163,1,train,False,False
medqa::1180,medqa,1180,cluster_2164,1,train,False,False
medqa::1181,medqa,1181,cluster_2165,1,train,False,False
medqa::1182,medqa,1182,cluster_2166,1,train,False,False
medqa::1183,medqa,1183,cluster_2167,1,train,False,False
medqa::1184,medqa,1184,cluster_2168,1,train,False,False
medqa::1185,medqa,1185,cluster_2169,1,final_test,False,False
medqa::1186,medqa,1186,cluster_2170,1,train,False,False
medqa::1187,medqa,1187,cluster_2171,1,train,False,False
medqa::1188,medqa,1188,cluster_2172,1,train,False,False
medqa::1189,medqa,1189,cluster_2173,1,val,False,False
medqa::1190,medqa,1190,cluster_2174,1,final_test,False,False
medqa::1191,medqa,1191,cluster_2175,1,train,False,False
medqa::1192,medqa,1192,cluster_2176,1,train,False,False
medqa::1193,medqa,1193,cluster_2177,1,final_test,False,False
medqa::1194,medqa,1194,cluster_2178,1,train,False,False
medqa::1195,medqa,1195,cluster_2179,1,train,False,False
medqa::1196,medqa,1196,cluster_2180,1,diagnostic,True,False
medqa::1197,medqa,1197,cluster_2181,1,train,False,False
medqa::1198,medqa,1198,cluster_2182,1,train,False,False
medqa::1199,medqa,1199,cluster_2183,1,train,False,False
medqa::1200,medqa,1200,cluster_2184,1,train,False,False
medqa::1201,medqa,1201,cluster_2185,1,train,False,False
medqa::1202,medqa,1202,cluster_2186,1,train,False,False
medqa::1203,medqa,1203,cluster_2187,1,train,False,False
medqa::1204,medqa,1204,cluster_2188,1,final_test,False,False
medqa::1205,medqa,1205,cluster_2189,1,train,False,False
medqa::1206,medqa,1206,cluster_2190,1,train,False,False
medqa::1207,medqa,1207,cluster_2191,1,train,False,False
medqa::1208,medqa,1208,cluster_2192,1,train,False,False
medqa::1209,medqa,1209,cluster_2193,1,train,False,False
medqa::1210,medqa,1210,cluster_2194,1,train,False,False
medqa::1211,medqa,1211,cluster_2195,1,train,False,False
medqa::1212,medqa,1212,cluster_2196,1,train,False,False
medqa::1213,medqa,1213,cluster_2197,1,val,False,False
medqa::1214,medqa,1214,cluster_2198,1,train,False,False
medqa::1215,medqa,1215,cluster_2199,1,val,False,False
medqa::1216,medqa,1216,cluster_2200,1,train,False,False
medqa::1217,medqa,1217,cluster_2201,1,train,False,False
medqa::1218,medqa,1218,cluster_2202,1,final_test,False,False
medqa::1219,medqa,1219,cluster_2203,1,final_test,False,False
medqa::1220,medqa,1220,cluster_2204,1,diagnostic,True,False
medqa::1221,medqa,1221,cluster_2205,1,train,False,False
medqa::1222,medqa,1222,cluster_2206,1,train,False,False
medqa::1223,medqa,1223,cluster_2207,1,diagnostic,True,False
medqa::1224,medqa,1224,cluster_2208,1,train,False,False
medqa::1225,medqa,1225,cluster_2209,1,train,False,False
medqa::1226,medqa,1226,cluster_2210,1,train,False,False
medqa::1227,medqa,1227,cluster_2211,1,train,False,False
medqa::1228,medqa,1228,cluster_2212,1,train,False,False
medqa::1229,medqa,1229,cluster_2213,1,train,False,False
medqa::1230,medqa,1230,cluster_2214,1,final_test,False,False
medqa::1231,medqa,1231,cluster_2215,1,final_test,False,False
medqa::1232,medqa,1232,cluster_2216,1,train,False,False
medqa::1233,medqa,1233,cluster_2217,1,final_test,False,False
medqa::1234,medqa,1234,cluster_2218,1,train,False,False
medqa::1235,medqa,1235,cluster_2219,1,final_test,False,False
medqa::1236,medqa,1236,cluster_2220,1,train,False,False
medqa::1237,medqa,1237,cluster_2221,1,final_test,False,False
medqa::1238,medqa,1238,cluster_2222,1,final_test,False,False
medqa::1239,medqa,1239,cluster_2223,1,train,False,False
medqa::1240,medqa,1240,cluster_2224,1,train,False,False
medqa::1241,medqa,1241,cluster_2225,1,final_test,False,False
medqa::1242,medqa,1242,cluster_2226,1,train,False,False
medqa::1243,medqa,1243,cluster_2227,1,final_test,False,False
medqa::1244,medqa,1244,cluster_2228,1,train,False,False
medqa::1245,medqa,1245,cluster_2229,1,train,False,False
medqa::1246,medqa,1246,cluster_2230,1,diagnostic,True,False
medqa::1247,medqa,1247,cluster_2231,1,final_test,False,False
medqa::1248,medqa,1248,cluster_2232,1,train,False,False
medqa::1249,medqa,1249,cluster_2233,1,train,False,False
medqa::1250,medqa,1250,cluster_2234,1,diagnostic,True,True
medqa::1251,medqa,1251,cluster_2235,1,train,False,False
medqa::1252,medqa,1252,cluster_2236,1,train,False,False
medqa::1253,medqa,1253,cluster_2237,1,train,False,False
medqa::1254,medqa,1254,cluster_2238,1,train,False,False
medqa::1255,medqa,1255,cluster_2239,1,train,False,False
medqa::1256,medqa,1256,cluster_2240,1,train,False,False
medqa::1257,medqa,1257,cluster_2241,1,final_test,False,False
medqa::1258,medqa,1258,cluster_2242,1,train,False,False
medqa::1259,medqa,1259,cluster_2243,1,train,False,False
medqa::1260,medqa,1260,cluster_2244,1,train,False,False
medqa::1261,medqa,1261,cluster_2245,1,diagnostic,True,False
medqa::1262,medqa,1262,cluster_2246,1,train,False,False
medqa::1263,medqa,1263,cluster_2247,1,train,False,False
medqa::1264,medqa,1264,cluster_2248,1,train,False,False
medqa::1265,medqa,1265,cluster_2249,1,train,False,False
medqa::1266,medqa,1266,cluster_2250,1,val,False,False
medqa::1267,medqa,1267,cluster_2251,1,final_test,False,False
medqa::1268,medqa,1268,cluster_2252,1,train,False,False
medqa::1269,medqa,1269,cluster_2253,1,final_test,False,False
medqa::1270,medqa,1270,cluster_2254,1,train,False,False
medqa::1271,medqa,1271,cluster_2255,1,train,False,False
medqa::1272,medqa,1272,cluster_2256,1,train,False,False
mmlu::anatomy-000,mmlu,anatomy-000,cluster_2257,1,diagnostic,True,False
mmlu::anatomy-001,mmlu,anatomy-001,cluster_2258,1,train,False,False
mmlu::anatomy-002,mmlu,anatomy-002,cluster_2259,1,train,False,False
mmlu::anatomy-003,mmlu,anatomy-003,cluster_2260,1,diagnostic,True,False
mmlu::anatomy-004,mmlu,anatomy-004,cluster_2261,1,train,False,False
mmlu::anatomy-005,mmlu,anatomy-005,cluster_2262,1,train,False,False
mmlu::anatomy-006,mmlu,anatomy-006,cluster_2263,1,train,False,False
mmlu::anatomy-008,mmlu,anatomy-008,cluster_2264,1,train,False,False
mmlu::anatomy-009,mmlu,anatomy-009,cluster_2265,1,train,False,False
mmlu::anatomy-010,mmlu,anatomy-010,cluster_2266,1,train,False,False
mmlu::anatomy-011,mmlu,anatomy-011,cluster_2267,1,train,False,False
mmlu::anatomy-013,mmlu,anatomy-013,cluster_2268,1,train,False,False
mmlu::anatomy-016,mmlu,anatomy-016,cluster_2269,1,train,False,False
mmlu::anatomy-017,mmlu,anatomy-017,cluster_2270,1,train,False,False
mmlu::anatomy-018,mmlu,anatomy-018,cluster_2271,1,train,False,False
mmlu::anatomy-019,mmlu,anatomy-019,cluster_2272,1,train,False,False
mmlu::anatomy-020,mmlu,anatomy-020,cluster_2273,1,train,False,False
mmlu::anatomy-021,mmlu,anatomy-021,cluster_2274,1,train,False,False
mmlu::anatomy-022,mmlu,anatomy-022,cluster_2275,1,train,False,False
mmlu::anatomy-023,mmlu,anatomy-023,cluster_2276,1,diagnostic,True,True
mmlu::anatomy-024,mmlu,anatomy-024,cluster_2277,1,train,False,False
mmlu::anatomy-025,mmlu,anatomy-025,cluster_2278,1,train,False,False
mmlu::anatomy-026,mmlu,anatomy-026,cluster_2279,1,train,False,False
mmlu::anatomy-027,mmlu,anatomy-027,cluster_2280,1,train,False,False
mmlu::anatomy-028,mmlu,anatomy-028,cluster_2281,1,train,False,False
mmlu::anatomy-029,mmlu,anatomy-029,cluster_2282,1,train,False,False
mmlu::anatomy-030,mmlu,anatomy-030,cluster_2283,1,train,False,False
mmlu::anatomy-031,mmlu,anatomy-031,cluster_2284,1,train,False,False
mmlu::anatomy-032,mmlu,anatomy-032,cluster_2285,1,train,False,False
mmlu::anatomy-033,mmlu,anatomy-033,cluster_2286,1,final_test,False,False
mmlu::anatomy-034,mmlu,anatomy-034,cluster_2287,1,train,False,False
mmlu::anatomy-036,mmlu,anatomy-036,cluster_2288,1,train,False,False
mmlu::anatomy-037,mmlu,anatomy-037,cluster_2289,1,val,False,False
mmlu::anatomy-038,mmlu,anatomy-038,cluster_2290,1,train,False,False
mmlu::anatomy-039,mmlu,anatomy-039,cluster_2291,1,val,False,False
mmlu::anatomy-040,mmlu,anatomy-040,cluster_2292,1,train,False,False
mmlu::anatomy-041,mmlu,anatomy-041,cluster_2293,1,train,False,False
mmlu::anatomy-042,mmlu,anatomy-042,cluster_2294,1,train,False,False
mmlu::anatomy-043,mmlu,anatomy-043,cluster_2295,1,train,False,False
mmlu::anatomy-044,mmlu,anatomy-044,cluster_2296,1,train,False,False
mmlu::anatomy-045,mmlu,anatomy-045,cluster_2297,1,train,False,False
mmlu::anatomy-046,mmlu,anatomy-046,cluster_2298,1,train,False,False
mmlu::anatomy-047,mmlu,anatomy-047,cluster_2299,1,train,False,False
mmlu::anatomy-048,mmlu,anatomy-048,cluster_2300,1,train,False,False
mmlu::anatomy-049,mmlu,anatomy-049,cluster_2301,1,train,False,False
mmlu::anatomy-051,mmlu,anatomy-051,cluster_2302,1,val,False,False
mmlu::anatomy-052,mmlu,anatomy-052,cluster_2303,1,train,False,False
mmlu::anatomy-053,mmlu,anatomy-053,cluster_2304,1,train,False,False
mmlu::anatomy-054,mmlu,anatomy-054,cluster_2305,1,train,False,False
mmlu::anatomy-055,mmlu,anatomy-055,cluster_2306,1,val,False,False
mmlu::anatomy-056,mmlu,anatomy-056,cluster_2307,1,train,False,False
mmlu::anatomy-057,mmlu,anatomy-057,cluster_2308,1,train,False,False
mmlu::anatomy-058,mmlu,anatomy-058,cluster_2309,1,train,False,False
mmlu::anatomy-059,mmlu,anatomy-059,cluster_2310,1,train,False,False
mmlu::anatomy-060,mmlu,anatomy-060,cluster_2311,1,val,False,False
mmlu::anatomy-061,mmlu,anatomy-061,cluster_2312,1,train,False,False
mmlu::anatomy-062,mmlu,anatomy-062,cluster_2313,1,train,False,False
mmlu::anatomy-063,mmlu,anatomy-063,cluster_2314,1,train,False,False
mmlu::anatomy-064,mmlu,anatomy-064,cluster_2315,1,train,False,False
mmlu::anatomy-065,mmlu,anatomy-065,cluster_2316,1,diagnostic,True,False
mmlu::anatomy-066,mmlu,anatomy-066,cluster_2317,1,final_test,False,False
mmlu::anatomy-067,mmlu,anatomy-067,cluster_2318,1,train,False,False
mmlu::anatomy-068,mmlu,anatomy-068,cluster_2319,1,train,False,False
mmlu::anatomy-069,mmlu,anatomy-069,cluster_2320,1,train,False,False
mmlu::anatomy-070,mmlu,anatomy-070,cluster_2321,1,train,False,False
mmlu::anatomy-071,mmlu,anatomy-071,cluster_2322,1,val,False,False
mmlu::anatomy-072,mmlu,anatomy-072,cluster_2323,1,train,False,False
mmlu::anatomy-073,mmlu,anatomy-073,cluster_2324,1,train,False,False
mmlu::anatomy-074,mmlu,anatomy-074,cluster_2325,1,train,False,False
mmlu::anatomy-075,mmlu,anatomy-075,cluster_2326,1,train,False,False
mmlu::anatomy-076,mmlu,anatomy-076,cluster_2327,1,diagnostic,True,False
mmlu::anatomy-077,mmlu,anatomy-077,cluster_2328,1,final_test,False,False
mmlu::anatomy-078,mmlu,anatomy-078,cluster_2329,1,final_test,False,False
mmlu::anatomy-079,mmlu,anatomy-079,cluster_2330,1,train,False,False
mmlu::anatomy-080,mmlu,anatomy-080,cluster_2331,1,train,False,False
mmlu::anatomy-081,mmlu,anatomy-081,cluster_2332,1,train,False,False
mmlu::anatomy-082,mmlu,anatomy-082,cluster_2333,1,train,False,False
mmlu::anatomy-083,mmlu,anatomy-083,cluster_2334,1,train,False,False
mmlu::anatomy-084,mmlu,anatomy-084,cluster_2335,1,train,False,False
mmlu::anatomy-085,mmlu,anatomy-085,cluster_2336,1,val,False,False
mmlu::anatomy-087,mmlu,anatomy-087,cluster_2337,1,diagnostic,True,True
mmlu::anatomy-088,mmlu,anatomy-088,cluster_2338,1,final_test,False,False
mmlu::anatomy-089,mmlu,anatomy-089,cluster_2339,1,train,False,False
mmlu::anatomy-090,mmlu,anatomy-090,cluster_2340,1,train,False,False
mmlu::anatomy-091,mmlu,anatomy-091,cluster_2341,1,final_test,False,False
mmlu::anatomy-092,mmlu,anatomy-092,cluster_2342,1,train,False,False
mmlu::anatomy-093,mmlu,anatomy-093,cluster_2343,1,val,False,False
mmlu::anatomy-094,mmlu,anatomy-094,cluster_2344,1,diagnostic,True,True
mmlu::anatomy-095,mmlu,anatomy-095,cluster_2345,1,train,False,False
mmlu::anatomy-096,mmlu,anatomy-096,cluster_2346,1,train,False,False
mmlu::anatomy-097,mmlu,anatomy-097,cluster_2347,1,val,False,False
mmlu::anatomy-098,mmlu,anatomy-098,cluster_2348,1,train,False,False
mmlu::anatomy-099,mmlu,anatomy-099,cluster_2349,1,train,False,False
mmlu::anatomy-100,mmlu,anatomy-100,cluster_2350,1,train,False,False
mmlu::anatomy-101,mmlu,anatomy-101,cluster_2351,1,train,False,False
mmlu::anatomy-102,mmlu,anatomy-102,cluster_2352,1,final_test,False,False
mmlu::anatomy-104,mmlu,anatomy-104,cluster_2353,1,final_test,False,False
mmlu::anatomy-105,mmlu,anatomy-105,cluster_2354,1,train,False,False
mmlu::anatomy-106,mmlu,anatomy-106,cluster_2355,1,train,False,False
mmlu::anatomy-107,mmlu,anatomy-107,cluster_2356,1,train,False,False
mmlu::anatomy-108,mmlu,anatomy-108,cluster_2357,1,train,False,False
mmlu::anatomy-109,mmlu,anatomy-109,cluster_2358,1,train,False,False
mmlu::anatomy-110,mmlu,anatomy-110,cluster_2359,1,val,False,False
mmlu::anatomy-111,mmlu,anatomy-111,cluster_2360,1,train,False,False
mmlu::anatomy-112,mmlu,anatomy-112,cluster_2361,1,train,False,False
mmlu::anatomy-113,mmlu,anatomy-113,cluster_2362,1,train,False,False
mmlu::anatomy-114,mmlu,anatomy-114,cluster_2363,1,val,False,False
mmlu::anatomy-115,mmlu,anatomy-115,cluster_2364,1,train,False,False
mmlu::anatomy-116,mmlu,anatomy-116,cluster_2365,1,diagnostic,True,False
mmlu::anatomy-117,mmlu,anatomy-117,cluster_2366,1,train,False,False
mmlu::anatomy-119,mmlu,anatomy-119,cluster_2367,1,train,False,False
mmlu::anatomy-120,mmlu,anatomy-120,cluster_2368,1,train,False,False
mmlu::anatomy-121,mmlu,anatomy-121,cluster_2369,1,train,False,False
mmlu::anatomy-122,mmlu,anatomy-122,cluster_2370,1,train,False,False
mmlu::anatomy-123,mmlu,anatomy-123,cluster_2371,1,diagnostic,True,False
mmlu::anatomy-124,mmlu,anatomy-124,cluster_2372,1,train,False,False
mmlu::anatomy-125,mmlu,anatomy-125,cluster_2373,1,train,False,False
mmlu::anatomy-126,mmlu,anatomy-126,cluster_2374,1,val,False,False
mmlu::anatomy-127,mmlu,anatomy-127,cluster_2375,1,train,False,False
mmlu::anatomy-128,mmlu,anatomy-128,cluster_2376,1,train,False,False
mmlu::anatomy-129,mmlu,anatomy-129,cluster_2377,1,train,False,False
mmlu::anatomy-130,mmlu,anatomy-130,cluster_2378,1,train,False,False
mmlu::anatomy-131,mmlu,anatomy-131,cluster_2379,1,train,False,False
mmlu::anatomy-132,mmlu,anatomy-132,cluster_2380,1,train,False,False
mmlu::anatomy-133,mmlu,anatomy-133,cluster_2381,1,train,False,False
mmlu::clinical_knowledge-000,mmlu,clinical_knowledge-000,cluster_2382,1,final_test,False,False
mmlu::clinical_knowledge-001,mmlu,clinical_knowledge-001,cluster_2383,2,train,False,False
mmlu::clinical_knowledge-002,mmlu,clinical_knowledge-002,cluster_2384,1,train,False,False
mmlu::clinical_knowledge-004,mmlu,clinical_knowledge-004,cluster_2385,1,diagnostic,True,False
mmlu::clinical_knowledge-005,mmlu,clinical_knowledge-005,cluster_2386,2,train,False,False
mmlu::clinical_knowledge-007,mmlu,clinical_knowledge-007,cluster_2387,2,final_test,False,False
mmlu::clinical_knowledge-008,mmlu,clinical_knowledge-008,cluster_2388,2,diagnostic,True,False
mmlu::clinical_knowledge-009,mmlu,clinical_knowledge-009,cluster_2389,2,train,False,False
mmlu::clinical_knowledge-010,mmlu,clinical_knowledge-010,cluster_2390,1,train,False,False
mmlu::clinical_knowledge-013,mmlu,clinical_knowledge-013,cluster_2391,2,train,False,False
mmlu::clinical_knowledge-014,mmlu,clinical_knowledge-014,cluster_2392,1,final_test,False,False
mmlu::clinical_knowledge-020,mmlu,clinical_knowledge-020,cluster_2393,1,final_test,False,False
mmlu::clinical_knowledge-021,mmlu,clinical_knowledge-021,cluster_2394,1,train,False,False
mmlu::clinical_knowledge-022,mmlu,clinical_knowledge-022,cluster_2395,1,final_test,False,False
mmlu::clinical_knowledge-025,mmlu,clinical_knowledge-025,cluster_2396,1,final_test,False,False
mmlu::clinical_knowledge-026,mmlu,clinical_knowledge-026,cluster_2397,1,train,False,False
mmlu::clinical_knowledge-027,mmlu,clinical_knowledge-027,cluster_2398,1,train,False,False
mmlu::clinical_knowledge-028,mmlu,clinical_knowledge-028,cluster_2399,2,final_test,False,False
mmlu::clinical_knowledge-029,mmlu,clinical_knowledge-029,cluster_2400,2,final_test,False,False
mmlu::clinical_knowledge-034,mmlu,clinical_knowledge-034,cluster_2401,2,val,False,False
mmlu::clinical_knowledge-035,mmlu,clinical_knowledge-035,cluster_2402,1,train,False,False
mmlu::clinical_knowledge-036,mmlu,clinical_knowledge-036,cluster_2403,1,train,False,False
mmlu::clinical_knowledge-037,mmlu,clinical_knowledge-037,cluster_2404,2,train,False,False
mmlu::clinical_knowledge-038,mmlu,clinical_knowledge-038,cluster_2405,2,train,False,False
mmlu::clinical_knowledge-039,mmlu,clinical_knowledge-039,cluster_2406,2,final_test,False,False
mmlu::clinical_knowledge-040,mmlu,clinical_knowledge-040,cluster_2407,1,train,False,False
mmlu::clinical_knowledge-043,mmlu,clinical_knowledge-043,cluster_2408,1,final_test,False,False
mmlu::clinical_knowledge-046,mmlu,clinical_knowledge-046,cluster_2409,2,train,False,False
mmlu::clinical_knowledge-047,mmlu,clinical_knowledge-047,cluster_2410,2,final_test,False,False
mmlu::clinical_knowledge-048,mmlu,clinical_knowledge-048,cluster_2411,2,train,False,False
mmlu::clinical_knowledge-049,mmlu,clinical_knowledge-049,cluster_2412,2,val,False,False
mmlu::clinical_knowledge-050,mmlu,clinical_knowledge-050,cluster_2413,1,diagnostic,True,False
mmlu::clinical_knowledge-051,mmlu,clinical_knowledge-051,cluster_2414,2,train,False,False
mmlu::clinical_knowledge-052,mmlu,clinical_knowledge-052,cluster_2415,1,train,False,False
mmlu::clinical_knowledge-054,mmlu,clinical_knowledge-054,cluster_2416,1,val,False,False
mmlu::clinical_knowledge-055,mmlu,clinical_knowledge-055,cluster_2417,1,train,False,False
mmlu::clinical_knowledge-056,mmlu,clinical_knowledge-056,cluster_2418,1,diagnostic,True,False
mmlu::clinical_knowledge-057,mmlu,clinical_knowledge-057,cluster_2419,1,train,False,False
mmlu::clinical_knowledge-059,mmlu,clinical_knowledge-059,cluster_2420,1,train,False,False
mmlu::clinical_knowledge-060,mmlu,clinical_knowledge-060,cluster_2421,2,train,False,False
mmlu::clinical_knowledge-062,mmlu,clinical_knowledge-062,cluster_2422,1,diagnostic,True,True
mmlu::clinical_knowledge-064,mmlu,clinical_knowledge-064,cluster_2423,1,train,False,False
mmlu::clinical_knowledge-065,mmlu,clinical_knowledge-065,cluster_2424,1,train,False,False
mmlu::clinical_knowledge-068,mmlu,clinical_knowledge-068,cluster_2425,1,train,False,False
mmlu::clinical_knowledge-069,mmlu,clinical_knowledge-069,cluster_2426,1,train,False,False
mmlu::clinical_knowledge-070,mmlu,clinical_knowledge-070,cluster_2427,1,final_test,False,False
mmlu::clinical_knowledge-071,mmlu,clinical_knowledge-071,cluster_2428,1,final_test,False,False
mmlu::clinical_knowledge-073,mmlu,clinical_knowledge-073,cluster_2429,1,train,False,False
mmlu::clinical_knowledge-074,mmlu,clinical_knowledge-074,cluster_2430,2,train,False,False
mmlu::clinical_knowledge-075,mmlu,clinical_knowledge-075,cluster_2431,1,train,False,False
mmlu::clinical_knowledge-076,mmlu,clinical_knowledge-076,cluster_2432,1,final_test,False,False
mmlu::clinical_knowledge-077,mmlu,clinical_knowledge-077,cluster_2433,1,train,False,False
mmlu::clinical_knowledge-078,mmlu,clinical_knowledge-078,cluster_2434,2,val,False,False
mmlu::clinical_knowledge-079,mmlu,clinical_knowledge-079,cluster_2435,1,train,False,False
mmlu::clinical_knowledge-081,mmlu,clinical_knowledge-081,cluster_2436,2,val,False,False
mmlu::clinical_knowledge-083,mmlu,clinical_knowledge-083,cluster_2437,1,train,False,False
mmlu::clinical_knowledge-085,mmlu,clinical_knowledge-085,cluster_2438,1,train,False,False
mmlu::clinical_knowledge-086,mmlu,clinical_knowledge-086,cluster_2439,1,diagnostic,True,False
mmlu::clinical_knowledge-087,mmlu,clinical_knowledge-087,cluster_2440,2,val,False,False
mmlu::clinical_knowledge-088,mmlu,clinical_knowledge-088,cluster_2441,1,train,False,False
mmlu::clinical_knowledge-089,mmlu,clinical_knowledge-089,cluster_2442,1,train,False,False
mmlu::clinical_knowledge-091,mmlu,clinical_knowledge-091,cluster_2443,1,train,False,False
mmlu::clinical_knowledge-092,mmlu,clinical_knowledge-092,cluster_2444,1,val,False,False
mmlu::clinical_knowledge-094,mmlu,clinical_knowledge-094,cluster_2445,1,train,False,False
mmlu::clinical_knowledge-095,mmlu,clinical_knowledge-095,cluster_2446,1,train,False,False
mmlu::clinical_knowledge-096,mmlu,clinical_knowledge-096,cluster_2447,1,val,False,False
mmlu::clinical_knowledge-098,mmlu,clinical_knowledge-098,cluster_2448,2,final_test,False,False
mmlu::clinical_knowledge-099,mmlu,clinical_knowledge-099,cluster_2449,1,train,False,False
mmlu::clinical_knowledge-100,mmlu,clinical_knowledge-100,cluster_2450,1,final_test,False,False
mmlu::clinical_knowledge-101,mmlu,clinical_knowledge-101,cluster_2451,1,train,False,False
mmlu::clinical_knowledge-102,mmlu,clinical_knowledge-102,cluster_2452,1,train,False,False
mmlu::clinical_knowledge-103,mmlu,clinical_knowledge-103,cluster_2453,1,train,False,False
mmlu::clinical_knowledge-105,mmlu,clinical_knowledge-105,cluster_2454,1,train,False,False
mmlu::clinical_knowledge-106,mmlu,clinical_knowledge-106,cluster_2455,2,train,False,False
mmlu::clinical_knowledge-108,mmlu,clinical_knowledge-108,cluster_2456,2,train,False,False
mmlu::clinical_knowledge-109,mmlu,clinical_knowledge-109,cluster_2457,1,train,False,False
mmlu::clinical_knowledge-110,mmlu,clinical_knowledge-110,cluster_2458,1,final_test,False,False
mmlu::clinical_knowledge-111,mmlu,clinical_knowledge-111,cluster_2459,1,train,False,False
mmlu::clinical_knowledge-112,mmlu,clinical_knowledge-112,cluster_2460,1,diagnostic,True,False
mmlu::clinical_knowledge-113,mmlu,clinical_knowledge-113,cluster_2461,1,train,False,False
mmlu::clinical_knowledge-114,mmlu,clinical_knowledge-114,cluster_2462,1,train,False,False
mmlu::clinical_knowledge-115,mmlu,clinical_knowledge-115,cluster_2463,1,final_test,False,False
mmlu::clinical_knowledge-117,mmlu,clinical_knowledge-117,cluster_2464,2,train,False,False
mmlu::clinical_knowledge-118,mmlu,clinical_knowledge-118,cluster_2465,1,train,False,False
mmlu::clinical_knowledge-120,mmlu,clinical_knowledge-120,cluster_2466,1,train,False,False
mmlu::clinical_knowledge-121,mmlu,clinical_knowledge-121,cluster_2467,1,train,False,False
mmlu::clinical_knowledge-123,mmlu,clinical_knowledge-123,cluster_2468,1,train,False,False
mmlu::clinical_knowledge-124,mmlu,clinical_knowledge-124,cluster_2469,1,train,False,False
mmlu::clinical_knowledge-125,mmlu,clinical_knowledge-125,cluster_2470,2,train,False,False
mmlu::clinical_knowledge-126,mmlu,clinical_knowledge-126,cluster_2471,2,train,False,False
mmlu::clinical_knowledge-128,mmlu,clinical_knowledge-128,cluster_2472,1,train,False,False
mmlu::clinical_knowledge-129,mmlu,clinical_knowledge-129,cluster_2473,2,train,False,False
mmlu::clinical_knowledge-130,mmlu,clinical_knowledge-130,cluster_2474,2,val,False,False
mmlu::clinical_knowledge-131,mmlu,clinical_knowledge-131,cluster_2475,1,train,False,False
mmlu::clinical_knowledge-132,mmlu,clinical_knowledge-132,cluster_2476,1,train,False,False
mmlu::clinical_knowledge-133,mmlu,clinical_knowledge-133,cluster_2477,2,final_test,False,False
mmlu::clinical_knowledge-135,mmlu,clinical_knowledge-135,cluster_2478,1,final_test,False,False
mmlu::clinical_knowledge-137,mmlu,clinical_knowledge-137,cluster_2479,1,train,False,False
mmlu::clinical_knowledge-138,mmlu,clinical_knowledge-138,cluster_2480,1,train,False,False
mmlu::clinical_knowledge-139,mmlu,clinical_knowledge-139,cluster_2481,1,val,False,False
mmlu::clinical_knowledge-141,mmlu,clinical_knowledge-141,cluster_2482,2,train,False,False
mmlu::clinical_knowledge-142,mmlu,clinical_knowledge-142,cluster_2483,2,train,False,False
mmlu::clinical_knowledge-144,mmlu,clinical_knowledge-144,cluster_2484,2,train,False,False
mmlu::clinical_knowledge-145,mmlu,clinical_knowledge-145,cluster_2485,2,train,False,False
mmlu::clinical_knowledge-149,mmlu,clinical_knowledge-149,cluster_2486,1,train,False,False
mmlu::clinical_knowledge-151,mmlu,clinical_knowledge-151,cluster_2487,1,train,False,False
mmlu::clinical_knowledge-152,mmlu,clinical_knowledge-152,cluster_2488,2,diagnostic,False,False
mmlu::clinical_knowledge-153,mmlu,clinical_knowledge-153,cluster_2489,1,val,False,False
mmlu::clinical_knowledge-154,mmlu,clinical_knowledge-154,cluster_2490,1,train,False,False
mmlu::clinical_knowledge-155,mmlu,clinical_knowledge-155,cluster_2491,1,train,False,False
mmlu::clinical_knowledge-159,mmlu,clinical_knowledge-159,cluster_2492,1,train,False,False
mmlu::clinical_knowledge-160,mmlu,clinical_knowledge-160,cluster_2493,2,final_test,False,False
mmlu::clinical_knowledge-161,mmlu,clinical_knowledge-161,cluster_2494,2,train,False,False
mmlu::clinical_knowledge-163,mmlu,clinical_knowledge-163,cluster_2495,2,train,False,False
mmlu::clinical_knowledge-164,mmlu,clinical_knowledge-164,cluster_2496,1,train,False,False
mmlu::clinical_knowledge-165,mmlu,clinical_knowledge-165,cluster_2497,1,train,False,False
mmlu::clinical_knowledge-170,mmlu,clinical_knowledge-170,cluster_2498,1,train,False,False
mmlu::clinical_knowledge-171,mmlu,clinical_knowledge-171,cluster_2499,1,train,False,False
mmlu::clinical_knowledge-172,mmlu,clinical_knowledge-172,cluster_2500,1,train,False,False
mmlu::clinical_knowledge-173,mmlu,clinical_knowledge-173,cluster_2501,1,train,False,False
mmlu::clinical_knowledge-174,mmlu,clinical_knowledge-174,cluster_2502,2,diagnostic,True,True
mmlu::clinical_knowledge-175,mmlu,clinical_knowledge-175,cluster_2503,1,diagnostic,True,False
mmlu::clinical_knowledge-176,mmlu,clinical_knowledge-176,cluster_2504,1,train,False,False
mmlu::clinical_knowledge-179,mmlu,clinical_knowledge-179,cluster_2505,2,final_test,False,False
mmlu::clinical_knowledge-180,mmlu,clinical_knowledge-180,cluster_2506,1,val,False,False
mmlu::clinical_knowledge-181,mmlu,clinical_knowledge-181,cluster_2507,1,train,False,False
mmlu::clinical_knowledge-182,mmlu,clinical_knowledge-182,cluster_2508,1,train,False,False
mmlu::clinical_knowledge-183,mmlu,clinical_knowledge-183,cluster_2509,1,train,False,False
mmlu::clinical_knowledge-184,mmlu,clinical_knowledge-184,cluster_2510,2,train,False,False
mmlu::clinical_knowledge-185,mmlu,clinical_knowledge-185,cluster_2511,1,train,False,False
mmlu::clinical_knowledge-186,mmlu,clinical_knowledge-186,cluster_2512,1,train,False,False
mmlu::clinical_knowledge-188,mmlu,clinical_knowledge-188,cluster_2513,2,train,False,False
mmlu::clinical_knowledge-190,mmlu,clinical_knowledge-190,cluster_2514,2,train,False,False
mmlu::clinical_knowledge-191,mmlu,clinical_knowledge-191,cluster_2515,2,train,False,False
mmlu::clinical_knowledge-192,mmlu,clinical_knowledge-192,cluster_2516,2,train,False,False
mmlu::clinical_knowledge-193,mmlu,clinical_knowledge-193,cluster_2517,1,train,False,False
mmlu::clinical_knowledge-194,mmlu,clinical_knowledge-194,cluster_2518,2,final_test,False,False
mmlu::clinical_knowledge-195,mmlu,clinical_knowledge-195,cluster_2519,1,train,False,False
mmlu::clinical_knowledge-196,mmlu,clinical_knowledge-196,cluster_2520,1,train,False,False
mmlu::clinical_knowledge-198,mmlu,clinical_knowledge-198,cluster_2521,2,train,False,False
mmlu::clinical_knowledge-199,mmlu,clinical_knowledge-199,cluster_2522,2,train,False,False
mmlu::clinical_knowledge-200,mmlu,clinical_knowledge-200,cluster_2523,2,val,False,False
mmlu::clinical_knowledge-201,mmlu,clinical_knowledge-201,cluster_2524,2,train,False,False
mmlu::clinical_knowledge-202,mmlu,clinical_knowledge-202,cluster_2525,2,train,False,False
mmlu::clinical_knowledge-203,mmlu,clinical_knowledge-203,cluster_2526,2,diagnostic,True,False
mmlu::clinical_knowledge-208,mmlu,clinical_knowledge-208,cluster_2527,1,val,False,False
mmlu::clinical_knowledge-209,mmlu,clinical_knowledge-209,cluster_2528,1,train,False,False
mmlu::clinical_knowledge-210,mmlu,clinical_knowledge-210,cluster_2529,1,train,False,False
mmlu::clinical_knowledge-213,mmlu,clinical_knowledge-213,cluster_2530,1,val,False,False
mmlu::clinical_knowledge-214,mmlu,clinical_knowledge-214,cluster_2531,1,val,False,False
mmlu::clinical_knowledge-216,mmlu,clinical_knowledge-216,cluster_2532,1,final_test,False,False
mmlu::clinical_knowledge-217,mmlu,clinical_knowledge-217,cluster_2533,2,val,False,False
mmlu::clinical_knowledge-218,mmlu,clinical_knowledge-218,cluster_2534,2,diagnostic,False,False
mmlu::clinical_knowledge-219,mmlu,clinical_knowledge-219,cluster_2535,1,train,False,False
mmlu::clinical_knowledge-220,mmlu,clinical_knowledge-220,cluster_2536,1,train,False,False
mmlu::clinical_knowledge-221,mmlu,clinical_knowledge-221,cluster_2537,1,train,False,False
mmlu::clinical_knowledge-224,mmlu,clinical_knowledge-224,cluster_2538,1,train,False,False
mmlu::clinical_knowledge-226,mmlu,clinical_knowledge-226,cluster_2539,2,train,False,False
mmlu::clinical_knowledge-227,mmlu,clinical_knowledge-227,cluster_2540,1,train,False,False
mmlu::clinical_knowledge-228,mmlu,clinical_knowledge-228,cluster_2541,1,train,False,False
mmlu::clinical_knowledge-229,mmlu,clinical_knowledge-229,cluster_2542,2,train,False,False
mmlu::clinical_knowledge-230,mmlu,clinical_knowledge-230,cluster_2543,2,train,False,False
mmlu::clinical_knowledge-231,mmlu,clinical_knowledge-231,cluster_2544,1,final_test,False,False
mmlu::clinical_knowledge-232,mmlu,clinical_knowledge-232,cluster_2545,2,train,False,False
mmlu::clinical_knowledge-233,mmlu,clinical_knowledge-233,cluster_2546,2,final_test,False,False
mmlu::clinical_knowledge-235,mmlu,clinical_knowledge-235,cluster_2547,2,train,False,False
mmlu::clinical_knowledge-236,mmlu,clinical_knowledge-236,cluster_2548,1,train,False,False
mmlu::clinical_knowledge-237,mmlu,clinical_knowledge-237,cluster_2549,1,val,False,False
mmlu::clinical_knowledge-238,mmlu,clinical_knowledge-238,cluster_2550,1,train,False,False
mmlu::clinical_knowledge-239,mmlu,clinical_knowledge-239,cluster_2551,2,val,False,False
mmlu::clinical_knowledge-240,mmlu,clinical_knowledge-240,cluster_2552,2,train,False,False
mmlu::clinical_knowledge-241,mmlu,clinical_knowledge-241,cluster_2553,1,train,False,False
mmlu::clinical_knowledge-242,mmlu,clinical_knowledge-242,cluster_2554,1,train,False,False
mmlu::clinical_knowledge-244,mmlu,clinical_knowledge-244,cluster_2555,1,train,False,False
mmlu::clinical_knowledge-245,mmlu,clinical_knowledge-245,cluster_2556,1,train,False,False
mmlu::clinical_knowledge-246,mmlu,clinical_knowledge-246,cluster_2557,2,diagnostic,True,False
mmlu::clinical_knowledge-247,mmlu,clinical_knowledge-247,cluster_2558,2,train,False,False
mmlu::clinical_knowledge-248,mmlu,clinical_knowledge-248,cluster_2559,2,train,False,False
mmlu::clinical_knowledge-249,mmlu,clinical_knowledge-249,cluster_2560,1,val,False,False
mmlu::clinical_knowledge-250,mmlu,clinical_knowledge-250,cluster_2561,1,train,False,False
mmlu::clinical_knowledge-251,mmlu,clinical_knowledge-251,cluster_2562,1,diagnostic,True,False
mmlu::clinical_knowledge-252,mmlu,clinical_knowledge-252,cluster_2563,1,train,False,False
mmlu::clinical_knowledge-253,mmlu,clinical_knowledge-253,cluster_2564,2,train,False,False
mmlu::clinical_knowledge-254,mmlu,clinical_knowledge-254,cluster_2565,1,final_test,False,False
mmlu::clinical_knowledge-256,mmlu,clinical_knowledge-256,cluster_2566,1,train,False,False
mmlu::clinical_knowledge-257,mmlu,clinical_knowledge-257,cluster_2567,1,train,False,False
mmlu::clinical_knowledge-258,mmlu,clinical_knowledge-258,cluster_2568,1,train,False,False
mmlu::clinical_knowledge-259,mmlu,clinical_knowledge-259,cluster_2569,1,train,False,False
mmlu::clinical_knowledge-260,mmlu,clinical_knowledge-260,cluster_2570,1,val,False,False
mmlu::clinical_knowledge-261,mmlu,clinical_knowledge-261,cluster_2571,1,diagnostic,True,True
mmlu::clinical_knowledge-262,mmlu,clinical_knowledge-262,cluster_2572,1,train,False,False
mmlu::clinical_knowledge-263,mmlu,clinical_knowledge-263,cluster_2573,2,diagnostic,False,False
mmlu::clinical_knowledge-264,mmlu,clinical_knowledge-264,cluster_2574,1,final_test,False,False
mmlu::college_biology-000,mmlu,college_biology-000,cluster_2575,1,train,False,False
mmlu::college_biology-001,mmlu,college_biology-001,cluster_2576,1,train,False,False
mmlu::college_biology-002,mmlu,college_biology-002,cluster_2577,1,train,False,False
mmlu::college_biology-003,mmlu,college_biology-003,cluster_2578,1,val,False,False
mmlu::college_biology-004,mmlu,college_biology-004,cluster_2579,1,final_test,False,False
mmlu::college_biology-006,mmlu,college_biology-006,cluster_2580,1,train,False,False
mmlu::college_biology-008,mmlu,college_biology-008,cluster_2581,1,train,False,False
mmlu::college_biology-009,mmlu,college_biology-009,cluster_2582,1,train,False,False
mmlu::college_biology-010,mmlu,college_biology-010,cluster_2583,1,train,False,False
mmlu::college_biology-011,mmlu,college_biology-011,cluster_2584,1,train,False,False
mmlu::college_biology-012,mmlu,college_biology-012,cluster_2585,1,train,False,False
mmlu::college_biology-013,mmlu,college_biology-013,cluster_2586,1,val,False,False
mmlu::college_biology-014,mmlu,college_biology-014,cluster_2587,1,train,False,False
mmlu::college_biology-015,mmlu,college_biology-015,cluster_2588,1,diagnostic,True,True
mmlu::college_biology-016,mmlu,college_biology-016,cluster_2589,1,train,False,False
mmlu::college_biology-017,mmlu,college_biology-017,cluster_2590,1,final_test,False,False
mmlu::college_biology-018,mmlu,college_biology-018,cluster_2591,1,train,False,False
mmlu::college_biology-019,mmlu,college_biology-019,cluster_2592,1,val,False,False
mmlu::college_biology-020,mmlu,college_biology-020,cluster_2593,1,val,False,False
mmlu::college_biology-021,mmlu,college_biology-021,cluster_2594,1,final_test,False,False
mmlu::college_biology-022,mmlu,college_biology-022,cluster_2595,1,train,False,False
mmlu::college_biology-023,mmlu,college_biology-023,cluster_2596,1,train,False,False
mmlu::college_biology-024,mmlu,college_biology-024,cluster_2597,1,train,False,False
mmlu::college_biology-025,mmlu,college_biology-025,cluster_2598,1,train,False,False
mmlu::college_biology-026,mmlu,college_biology-026,cluster_2599,1,final_test,False,False
mmlu::college_biology-028,mmlu,college_biology-028,cluster_2600,1,train,False,False
mmlu::college_biology-029,mmlu,college_biology-029,cluster_2601,1,train,False,False
mmlu::college_biology-032,mmlu,college_biology-032,cluster_2602,1,train,False,False
mmlu::college_biology-034,mmlu,college_biology-034,cluster_2603,1,val,False,False
mmlu::college_biology-035,mmlu,college_biology-035,cluster_2604,1,final_test,False,False
mmlu::college_biology-036,mmlu,college_biology-036,cluster_2605,1,diagnostic,True,False
mmlu::college_biology-038,mmlu,college_biology-038,cluster_2606,1,train,False,False
mmlu::college_biology-039,mmlu,college_biology-039,cluster_2607,1,train,False,False
mmlu::college_biology-040,mmlu,college_biology-040,cluster_2608,1,final_test,False,False
mmlu::college_biology-042,mmlu,college_biology-042,cluster_2609,1,train,False,False
mmlu::college_biology-043,mmlu,college_biology-043,cluster_2610,1,val,False,False
mmlu::college_biology-046,mmlu,college_biology-046,cluster_2611,1,final_test,False,False
mmlu::college_biology-048,mmlu,college_biology-048,cluster_2612,1,train,False,False
mmlu::college_biology-049,mmlu,college_biology-049,cluster_2613,1,train,False,False
mmlu::college_biology-050,mmlu,college_biology-050,cluster_2614,1,val,False,False
mmlu::college_biology-055,mmlu,college_biology-055,cluster_2615,1,train,False,False
mmlu::college_biology-056,mmlu,college_biology-056,cluster_2616,1,train,False,False
mmlu::college_biology-057,mmlu,college_biology-057,cluster_2617,1,train,False,False
mmlu::college_biology-058,mmlu,college_biology-058,cluster_2618,1,train,False,False
mmlu::college_biology-059,mmlu,college_biology-059,cluster_2619,1,train,False,False
mmlu::college_biology-060,mmlu,college_biology-060,cluster_2620,1,train,False,False
mmlu::college_biology-063,mmlu,college_biology-063,cluster_2621,1,train,False,False
mmlu::college_biology-064,mmlu,college_biology-064,cluster_2622,1,train,False,False
mmlu::college_biology-066,mmlu,college_biology-066,cluster_2623,1,train,False,False
mmlu::college_biology-067,mmlu,college_biology-067,cluster_2624,1,train,False,False
mmlu::college_biology-068,mmlu,college_biology-068,cluster_2625,1,train,False,False
mmlu::college_biology-069,mmlu,college_biology-069,cluster_2626,1,train,False,False
mmlu::college_biology-070,mmlu,college_biology-070,cluster_2627,1,train,False,False
mmlu::college_biology-071,mmlu,college_biology-071,cluster_2628,1,diagnostic,True,True
mmlu::college_biology-072,mmlu,college_biology-072,cluster_2629,1,train,False,False
mmlu::college_biology-073,mmlu,college_biology-073,cluster_2630,1,val,False,False
mmlu::college_biology-075,mmlu,college_biology-075,cluster_2631,1,train,False,False
mmlu::college_biology-076,mmlu,college_biology-076,cluster_2632,1,train,False,False
mmlu::college_biology-077,mmlu,college_biology-077,cluster_2633,1,val,False,False
mmlu::college_biology-078,mmlu,college_biology-078,cluster_2634,1,train,False,False
mmlu::college_biology-079,mmlu,college_biology-079,cluster_2635,1,train,False,False
mmlu::college_biology-080,mmlu,college_biology-080,cluster_2636,1,train,False,False
mmlu::college_biology-081,mmlu,college_biology-081,cluster_2637,1,final_test,False,False
mmlu::college_biology-082,mmlu,college_biology-082,cluster_2638,1,val,False,False
mmlu::college_biology-083,mmlu,college_biology-083,cluster_2639,1,diagnostic,True,False
mmlu::college_biology-084,mmlu,college_biology-084,cluster_2640,1,val,False,False
mmlu::college_biology-086,mmlu,college_biology-086,cluster_2641,1,final_test,False,False
mmlu::college_biology-087,mmlu,college_biology-087,cluster_2642,1,train,False,False
mmlu::college_biology-088,mmlu,college_biology-088,cluster_2643,1,train,False,False
mmlu::college_biology-090,mmlu,college_biology-090,cluster_2644,1,train,False,False
mmlu::college_biology-091,mmlu,college_biology-091,cluster_2645,1,train,False,False
mmlu::college_biology-094,mmlu,college_biology-094,cluster_2646,1,train,False,False
mmlu::college_biology-098,mmlu,college_biology-098,cluster_2647,1,train,False,False
mmlu::college_biology-099,mmlu,college_biology-099,cluster_2648,1,train,False,False
mmlu::college_biology-100,mmlu,college_biology-100,cluster_2649,1,train,False,False
mmlu::college_biology-101,mmlu,college_biology-101,cluster_2650,1,train,False,False
mmlu::college_biology-102,mmlu,college_biology-102,cluster_2651,1,train,False,False
mmlu::college_biology-103,mmlu,college_biology-103,cluster_2652,1,train,False,False
mmlu::college_biology-104,mmlu,college_biology-104,cluster_2653,1,train,False,False
mmlu::college_biology-107,mmlu,college_biology-107,cluster_2654,1,train,False,False
mmlu::college_biology-108,mmlu,college_biology-108,cluster_2655,1,final_test,False,False
mmlu::college_biology-109,mmlu,college_biology-109,cluster_2656,1,final_test,False,False
mmlu::college_biology-110,mmlu,college_biology-110,cluster_2657,1,train,False,False
mmlu::college_biology-111,mmlu,college_biology-111,cluster_2658,1,train,False,False
mmlu::college_biology-112,mmlu,college_biology-112,cluster_2659,1,train,False,False
mmlu::college_biology-113,mmlu,college_biology-113,cluster_2660,1,train,False,False
mmlu::college_biology-114,mmlu,college_biology-114,cluster_2661,1,final_test,False,False
mmlu::college_biology-115,mmlu,college_biology-115,cluster_2662,1,train,False,False
mmlu::college_biology-116,mmlu,college_biology-116,cluster_2663,1,final_test,False,False
mmlu::college_biology-117,mmlu,college_biology-117,cluster_2664,1,train,False,False
mmlu::college_biology-118,mmlu,college_biology-118,cluster_2665,1,final_test,False,False
mmlu::college_biology-119,mmlu,college_biology-119,cluster_2666,1,final_test,False,False
mmlu::college_biology-120,mmlu,college_biology-120,cluster_2667,1,train,False,False
mmlu::college_biology-122,mmlu,college_biology-122,cluster_2668,1,train,False,False
mmlu::college_biology-124,mmlu,college_biology-124,cluster_2669,1,train,False,False
mmlu::college_biology-125,mmlu,college_biology-125,cluster_2670,1,train,False,False
mmlu::college_biology-126,mmlu,college_biology-126,cluster_2671,1,train,False,False
mmlu::college_biology-127,mmlu,college_biology-127,cluster_2672,1,train,False,False
mmlu::college_biology-128,mmlu,college_biology-128,cluster_2673,1,train,False,False
mmlu::college_biology-130,mmlu,college_biology-130,cluster_2674,1,train,False,False
mmlu::college_biology-132,mmlu,college_biology-132,cluster_2675,1,train,False,False
mmlu::college_biology-133,mmlu,college_biology-133,cluster_2676,1,train,False,False
mmlu::college_biology-134,mmlu,college_biology-134,cluster_2677,1,train,False,False
mmlu::college_biology-135,mmlu,college_biology-135,cluster_2678,1,train,False,False
mmlu::college_biology-136,mmlu,college_biology-136,cluster_2679,1,val,False,False
mmlu::college_biology-137,mmlu,college_biology-137,cluster_2680,1,train,False,False
mmlu::college_biology-140,mmlu,college_biology-140,cluster_2681,1,train,False,False
mmlu::college_biology-141,mmlu,college_biology-141,cluster_2682,1,final_test,False,False
mmlu::college_biology-142,mmlu,college_biology-142,cluster_2683,1,train,False,False
mmlu::college_medicine-000,mmlu,college_medicine-000,cluster_2684,1,train,False,False
mmlu::college_medicine-001,mmlu,college_medicine-001,cluster_2685,1,train,False,False
mmlu::college_medicine-002,mmlu,college_medicine-002,cluster_2686,1,train,False,False
mmlu::college_medicine-003,mmlu,college_medicine-003,cluster_2518,2,final_test,False,False
mmlu::college_medicine-004,mmlu,college_medicine-004,cluster_2687,1,train,False,False
mmlu::college_medicine-005,mmlu,college_medicine-005,cluster_2389,2,train,False,False
mmlu::college_medicine-007,mmlu,college_medicine-007,cluster_2688,1,train,False,False
mmlu::college_medicine-008,mmlu,college_medicine-008,cluster_2502,2,diagnostic,False,False
mmlu::college_medicine-009,mmlu,college_medicine-009,cluster_2410,2,final_test,False,False
mmlu::college_medicine-010,mmlu,college_medicine-010,cluster_2689,1,train,False,False
mmlu::college_medicine-011,mmlu,college_medicine-011,cluster_2690,1,train,False,False
mmlu::college_medicine-013,mmlu,college_medicine-013,cluster_2521,2,train,False,False
mmlu::college_medicine-014,mmlu,college_medicine-014,cluster_2691,1,train,False,False
mmlu::college_medicine-015,mmlu,college_medicine-015,cluster_2692,1,train,False,False
mmlu::college_medicine-016,mmlu,college_medicine-016,cluster_2559,2,train,False,False
mmlu::college_medicine-017,mmlu,college_medicine-017,cluster_2693,1,final_test,False,False
mmlu::college_medicine-019,mmlu,college_medicine-019,cluster_2542,2,train,False,False
mmlu::college_medicine-021,mmlu,college_medicine-021,cluster_2412,2,val,False,False
mmlu::college_medicine-022,mmlu,college_medicine-022,cluster_2694,1,diagnostic,True,False
mmlu::college_medicine-023,mmlu,college_medicine-023,cluster_2695,1,val,False,False
mmlu::college_medicine-024,mmlu,college_medicine-024,cluster_2405,2,train,False,False
mmlu::college_medicine-026,mmlu,college_medicine-026,cluster_2696,1,train,False,False
mmlu::college_medicine-027,mmlu,college_medicine-027,cluster_2697,1,train,False,False
mmlu::college_medicine-029,mmlu,college_medicine-029,cluster_2698,1,train,False,False
mmlu::college_medicine-030,mmlu,college_medicine-030,cluster_2699,1,train,False,False
mmlu::college_medicine-033,mmlu,college_medicine-033,cluster_2484,2,train,False,False
mmlu::college_medicine-034,mmlu,college_medicine-034,cluster_2700,1,train,False,False
mmlu::college_medicine-035,mmlu,college_medicine-035,cluster_2404,2,train,False,False
mmlu::college_medicine-036,mmlu,college_medicine-036,cluster_2701,1,train,False,False
mmlu::college_medicine-037,mmlu,college_medicine-037,cluster_2470,2,train,False,False
mmlu::college_medicine-038,mmlu,college_medicine-038,cluster_2702,1,val,False,False
mmlu::college_medicine-039,mmlu,college_medicine-039,cluster_2414,2,train,False,False
mmlu::college_medicine-041,mmlu,college_medicine-041,cluster_2494,2,train,False,False
mmlu::college_medicine-042,mmlu,college_medicine-042,cluster_2703,1,train,False,False
mmlu::college_medicine-044,mmlu,college_medicine-044,cluster_2704,1,train,False,False
mmlu::college_medicine-045,mmlu,college_medicine-045,cluster_2539,2,train,False,False
mmlu::college_medicine-047,mmlu,college_medicine-047,cluster_2705,1,train,False,False
mmlu::college_medicine-048,mmlu,college_medicine-048,cluster_2706,1,diagnostic,True,False
mmlu::college_medicine-049,mmlu,college_medicine-049,cluster_2707,1,final_test,False,False
mmlu::college_medicine-050,mmlu,college_medicine-050,cluster_2708,1,final_test,False,False
mmlu::college_medicine-052,mmlu,college_medicine-052,cluster_2552,2,train,False,False
mmlu::college_medicine-053,mmlu,college_medicine-053,cluster_2557,2,diagnostic,False,False
mmlu::college_medicine-055,mmlu,college_medicine-055,cluster_2434,2,val,False,False
mmlu::college_medicine-056,mmlu,college_medicine-056,cluster_2709,1,train,False,False
mmlu::college_medicine-057,mmlu,college_medicine-057,cluster_2710,1,train,False,False
mmlu::college_medicine-058,mmlu,college_medicine-058,cluster_2711,1,train,False,False
mmlu::college_medicine-059,mmlu,college_medicine-059,cluster_2533,2,val,False,False
mmlu::college_medicine-060,mmlu,college_medicine-060,cluster_2510,2,train,False,False
mmlu::college_medicine-062,mmlu,college_medicine-062,cluster_2383,2,train,False,False
mmlu::college_medicine-064,mmlu,college_medicine-064,cluster_2406,2,final_test,False,False
mmlu::college_medicine-065,mmlu,college_medicine-065,cluster_2409,2,train,False,False
mmlu::college_medicine-068,mmlu,college_medicine-068,cluster_2558,2,train,False,False
mmlu::college_medicine-069,mmlu,college_medicine-069,cluster_2712,1,train,False,False
mmlu::college_medicine-070,mmlu,college_medicine-070,cluster_2456,2,train,False,False
mmlu::college_medicine-071,mmlu,college_medicine-071,cluster_2482,2,train,False,False
mmlu::college_medicine-072,mmlu,college_medicine-072,cluster_2713,1,val,False,False
mmlu::college_medicine-073,mmlu,college_medicine-073,cluster_2714,1,val,False,False
mmlu::college_medicine-074,mmlu,college_medicine-074,cluster_2715,1,train,False,False
mmlu::college_medicine-075,mmlu,college_medicine-075,cluster_2514,2,train,False,False
mmlu::college_medicine-076,mmlu,college_medicine-076,cluster_2534,2,diagnostic,True,False
mmlu::college_medicine-078,mmlu,college_medicine-078,cluster_2716,1,val,False,False
mmlu::college_medicine-079,mmlu,college_medicine-079,cluster_2515,2,train,False,False
mmlu::college_medicine-080,mmlu,college_medicine-080,cluster_2717,1,train,False,False
mmlu::college_medicine-081,mmlu,college_medicine-081,cluster_2718,1,train,False,False
mmlu::college_medicine-084,mmlu,college_medicine-084,cluster_2474,2,val,False,False
mmlu::college_medicine-085,mmlu,college_medicine-085,cluster_2477,2,final_test,False,False
mmlu::college_medicine-086,mmlu,college_medicine-086,cluster_2436,2,val,False,False
mmlu::college_medicine-087,mmlu,college_medicine-087,cluster_2471,2,train,False,False
mmlu::college_medicine-088,mmlu,college_medicine-088,cluster_2719,1,train,False,False
mmlu::college_medicine-090,mmlu,college_medicine-090,cluster_2720,1,train,False,False
mmlu::college_medicine-091,mmlu,college_medicine-091,cluster_2488,2,diagnostic,True,True
mmlu::college_medicine-094,mmlu,college_medicine-094,cluster_2430,2,train,False,False
mmlu::college_medicine-096,mmlu,college_medicine-096,cluster_2721,1,train,False,False
mmlu::college_medicine-098,mmlu,college_medicine-098,cluster_2722,1,diagnostic,True,False
mmlu::college_medicine-099,mmlu,college_medicine-099,cluster_2483,2,train,False,False
mmlu::college_medicine-100,mmlu,college_medicine-100,cluster_2485,2,train,False,False
mmlu::college_medicine-101,mmlu,college_medicine-101,cluster_2543,2,train,False,False
mmlu::college_medicine-102,mmlu,college_medicine-102,cluster_2564,2,train,False,False
mmlu::college_medicine-103,mmlu,college_medicine-103,cluster_2495,2,train,False,False
mmlu::college_medicine-104,mmlu,college_medicine-104,cluster_2524,2,train,False,False
mmlu::college_medicine-105,mmlu,college_medicine-105,cluster_2723,1,train,False,False
mmlu::college_medicine-106,mmlu,college_medicine-106,cluster_2516,2,train,False,False
mmlu::college_medicine-107,mmlu,college_medicine-107,cluster_2513,2,train,False,False
mmlu::college_medicine-108,mmlu,college_medicine-108,cluster_2421,2,train,False,False
mmlu::college_medicine-109,mmlu,college_medicine-109,cluster_2523,2,val,False,False
mmlu::college_medicine-110,mmlu,college_medicine-110,cluster_2724,1,diagnostic,True,False
mmlu::college_medicine-111,mmlu,college_medicine-111,cluster_2725,1,train,False,False
mmlu::college_medicine-112,mmlu,college_medicine-112,cluster_2726,1,train,False,False
mmlu::college_medicine-113,mmlu,college_medicine-113,cluster_2387,2,final_test,False,False
mmlu::college_medicine-114,mmlu,college_medicine-114,cluster_2727,1,train,False,False
mmlu::college_medicine-115,mmlu,college_medicine-115,cluster_2464,2,train,False,False
mmlu::college_medicine-116,mmlu,college_medicine-116,cluster_2728,1,train,False,False
mmlu::college_medicine-117,mmlu,college_medicine-117,cluster_2729,1,diagnostic,True,False
mmlu::college_medicine-118,mmlu,college_medicine-118,cluster_2526,2,diagnostic,False,False
mmlu::college_medicine-119,mmlu,college_medicine-119,cluster_2388,2,diagnostic,False,False
mmlu::college_medicine-120,mmlu,college_medicine-120,cluster_2399,2,final_test,False,False
mmlu::college_medicine-124,mmlu,college_medicine-124,cluster_2546,2,final_test,False,False
mmlu::college_medicine-125,mmlu,college_medicine-125,cluster_2730,1,train,False,False
mmlu::college_medicine-128,mmlu,college_medicine-128,cluster_2391,2,train,False,False
mmlu::college_medicine-130,mmlu,college_medicine-130,cluster_2731,1,train,False,False
mmlu::college_medicine-131,mmlu,college_medicine-131,cluster_2505,2,final_test,False,False
mmlu::college_medicine-133,mmlu,college_medicine-133,cluster_2732,1,train,False,False
mmlu::college_medicine-134,mmlu,college_medicine-134,cluster_2733,1,train,False,False
mmlu::college_medicine-136,mmlu,college_medicine-136,cluster_2522,2,train,False,False
mmlu::college_medicine-137,mmlu,college_medicine-137,cluster_2493,2,final_test,False,False
mmlu::college_medicine-138,mmlu,college_medicine-138,cluster_2734,1,final_test,False,False
mmlu::college_medicine-139,mmlu,college_medicine-139,cluster_2400,2,final_test,False,False
mmlu::college_medicine-141,mmlu,college_medicine-141,cluster_2735,1,train,False,False
mmlu::college_medicine-142,mmlu,college_medicine-142,cluster_2736,1,train,False,False
mmlu::college_medicine-143,mmlu,college_medicine-143,cluster_2737,1,train,False,False
mmlu::college_medicine-144,mmlu,college_medicine-144,cluster_2401,2,val,False,False
mmlu::college_medicine-145,mmlu,college_medicine-145,cluster_2545,2,train,False,False
mmlu::college_medicine-146,mmlu,college_medicine-146,cluster_2448,2,final_test,False,False
mmlu::college_medicine-147,mmlu,college_medicine-147,cluster_2411,2,train,False,False
mmlu::college_medicine-149,mmlu,college_medicine-149,cluster_2440,2,val,False,False
mmlu::college_medicine-150,mmlu,college_medicine-150,cluster_2738,1,train,False,False
mmlu::college_medicine-152,mmlu,college_medicine-152,cluster_2739,1,diagnostic,True,False
mmlu::college_medicine-153,mmlu,college_medicine-153,cluster_2740,1,train,False,False
mmlu::college_medicine-154,mmlu,college_medicine-154,cluster_2573,2,diagnostic,True,True
mmlu::college_medicine-155,mmlu,college_medicine-155,cluster_2741,1,train,False,False
mmlu::college_medicine-156,mmlu,college_medicine-156,cluster_2742,1,val,False,False
mmlu::college_medicine-158,mmlu,college_medicine-158,cluster_2743,1,train,False,False
mmlu::college_medicine-159,mmlu,college_medicine-159,cluster_2551,2,val,False,False
mmlu::college_medicine-161,mmlu,college_medicine-161,cluster_2744,1,train,False,False
mmlu::college_medicine-163,mmlu,college_medicine-163,cluster_2386,2,train,False,False
mmlu::college_medicine-164,mmlu,college_medicine-164,cluster_2745,1,diagnostic,True,False
mmlu::college_medicine-165,mmlu,college_medicine-165,cluster_2473,2,train,False,False
mmlu::college_medicine-166,mmlu,college_medicine-166,cluster_2525,2,train,False,False
mmlu::college_medicine-167,mmlu,college_medicine-167,cluster_2455,2,train,False,False
mmlu::college_medicine-168,mmlu,college_medicine-168,cluster_2547,2,train,False,False
mmlu::college_medicine-169,mmlu,college_medicine-169,cluster_2746,1,train,False,False
mmlu::college_medicine-172,mmlu,college_medicine-172,cluster_2747,1,final_test,False,False
mmlu::medical_genetics-000,mmlu,medical_genetics-000,cluster_2748,1,final_test,False,False
mmlu::medical_genetics-001,mmlu,medical_genetics-001,cluster_2749,1,final_test,False,False
mmlu::medical_genetics-002,mmlu,medical_genetics-002,cluster_2750,1,train,False,False
mmlu::medical_genetics-003,mmlu,medical_genetics-003,cluster_2751,1,diagnostic,True,False
mmlu::medical_genetics-004,mmlu,medical_genetics-004,cluster_2752,1,train,False,False
mmlu::medical_genetics-005,mmlu,medical_genetics-005,cluster_2753,1,train,False,False
mmlu::medical_genetics-006,mmlu,medical_genetics-006,cluster_2754,1,final_test,False,False
mmlu::medical_genetics-007,mmlu,medical_genetics-007,cluster_2755,1,train,False,False
mmlu::medical_genetics-008,mmlu,medical_genetics-008,cluster_2756,1,final_test,False,False
mmlu::medical_genetics-009,mmlu,medical_genetics-009,cluster_2757,1,train,False,False
mmlu::medical_genetics-011,mmlu,medical_genetics-011,cluster_2758,1,val,False,False
mmlu::medical_genetics-013,mmlu,medical_genetics-013,cluster_2759,1,train,False,False
mmlu::medical_genetics-014,mmlu,medical_genetics-014,cluster_2760,1,train,False,False
mmlu::medical_genetics-015,mmlu,medical_genetics-015,cluster_2761,1,train,False,False
mmlu::medical_genetics-016,mmlu,medical_genetics-016,cluster_2762,1,train,False,False
mmlu::medical_genetics-017,mmlu,medical_genetics-017,cluster_2763,1,train,False,False
mmlu::medical_genetics-018,mmlu,medical_genetics-018,cluster_2764,1,train,False,False
mmlu::medical_genetics-019,mmlu,medical_genetics-019,cluster_2765,1,train,False,False
mmlu::medical_genetics-020,mmlu,medical_genetics-020,cluster_2766,1,train,False,False
mmlu::medical_genetics-021,mmlu,medical_genetics-021,cluster_2767,1,train,False,False
mmlu::medical_genetics-022,mmlu,medical_genetics-022,cluster_2768,1,train,False,False
mmlu::medical_genetics-023,mmlu,medical_genetics-023,cluster_2769,1,diagnostic,True,False
mmlu::medical_genetics-025,mmlu,medical_genetics-025,cluster_2770,1,val,False,False
mmlu::medical_genetics-026,mmlu,medical_genetics-026,cluster_2771,1,train,False,False
mmlu::medical_genetics-027,mmlu,medical_genetics-027,cluster_2772,1,final_test,False,False
mmlu::medical_genetics-028,mmlu,medical_genetics-028,cluster_2773,1,final_test,False,False
mmlu::medical_genetics-029,mmlu,medical_genetics-029,cluster_2774,1,train,False,False
mmlu::medical_genetics-030,mmlu,medical_genetics-030,cluster_2775,1,train,False,False
mmlu::medical_genetics-031,mmlu,medical_genetics-031,cluster_2776,1,train,False,False
mmlu::medical_genetics-032,mmlu,medical_genetics-032,cluster_2777,1,train,False,False
mmlu::medical_genetics-033,mmlu,medical_genetics-033,cluster_2778,1,train,False,False
mmlu::medical_genetics-034,mmlu,medical_genetics-034,cluster_2779,1,train,False,False
mmlu::medical_genetics-035,mmlu,medical_genetics-035,cluster_2780,1,train,False,False
mmlu::medical_genetics-036,mmlu,medical_genetics-036,cluster_2781,1,train,False,False
mmlu::medical_genetics-037,mmlu,medical_genetics-037,cluster_2782,1,train,False,False
mmlu::medical_genetics-039,mmlu,medical_genetics-039,cluster_2783,1,train,False,False
mmlu::medical_genetics-040,mmlu,medical_genetics-040,cluster_2784,1,train,False,False
mmlu::medical_genetics-041,mmlu,medical_genetics-041,cluster_2785,1,final_test,False,False
mmlu::medical_genetics-042,mmlu,medical_genetics-042,cluster_2786,1,train,False,False
mmlu::medical_genetics-043,mmlu,medical_genetics-043,cluster_2787,1,train,False,False
mmlu::medical_genetics-044,mmlu,medical_genetics-044,cluster_2788,1,train,False,False
mmlu::medical_genetics-045,mmlu,medical_genetics-045,cluster_2789,1,val,False,False
mmlu::medical_genetics-046,mmlu,medical_genetics-046,cluster_2790,1,val,False,False
mmlu::medical_genetics-047,mmlu,medical_genetics-047,cluster_2791,1,train,False,False
mmlu::medical_genetics-048,mmlu,medical_genetics-048,cluster_2792,1,train,False,False
mmlu::medical_genetics-051,mmlu,medical_genetics-051,cluster_2793,1,train,False,False
mmlu::medical_genetics-052,mmlu,medical_genetics-052,cluster_2794,1,train,False,False
mmlu::medical_genetics-054,mmlu,medical_genetics-054,cluster_2795,1,train,False,False
mmlu::medical_genetics-055,mmlu,medical_genetics-055,cluster_2796,1,train,False,False
mmlu::medical_genetics-056,mmlu,medical_genetics-056,cluster_2797,1,final_test,False,False
mmlu::medical_genetics-057,mmlu,medical_genetics-057,cluster_2798,1,train,False,False
mmlu::medical_genetics-059,mmlu,medical_genetics-059,cluster_2799,1,train,False,False
mmlu::medical_genetics-060,mmlu,medical_genetics-060,cluster_2800,1,final_test,False,False
mmlu::medical_genetics-062,mmlu,medical_genetics-062,cluster_2801,1,train,False,False
mmlu::medical_genetics-063,mmlu,medical_genetics-063,cluster_2802,1,diagnostic,True,True
mmlu::medical_genetics-064,mmlu,medical_genetics-064,cluster_2803,1,train,False,False
mmlu::medical_genetics-065,mmlu,medical_genetics-065,cluster_2804,1,train,False,False
mmlu::medical_genetics-068,mmlu,medical_genetics-068,cluster_2805,1,val,False,False
mmlu::medical_genetics-070,mmlu,medical_genetics-070,cluster_2806,1,train,False,False
mmlu::medical_genetics-071,mmlu,medical_genetics-071,cluster_2807,1,final_test,False,False
mmlu::medical_genetics-072,mmlu,medical_genetics-072,cluster_2808,1,train,False,False
mmlu::medical_genetics-073,mmlu,medical_genetics-073,cluster_2809,1,train,False,False
mmlu::medical_genetics-076,mmlu,medical_genetics-076,cluster_2810,1,final_test,False,False
mmlu::medical_genetics-077,mmlu,medical_genetics-077,cluster_2811,1,train,False,False
mmlu::medical_genetics-078,mmlu,medical_genetics-078,cluster_2812,1,diagnostic,True,False
mmlu::medical_genetics-081,mmlu,medical_genetics-081,cluster_2813,1,train,False,False
mmlu::medical_genetics-082,mmlu,medical_genetics-082,cluster_2814,1,train,False,False
mmlu::medical_genetics-083,mmlu,medical_genetics-083,cluster_2815,1,train,False,False
mmlu::medical_genetics-084,mmlu,medical_genetics-084,cluster_2816,1,train,False,False
mmlu::medical_genetics-085,mmlu,medical_genetics-085,cluster_2817,1,final_test,False,False
mmlu::medical_genetics-087,mmlu,medical_genetics-087,cluster_2818,1,train,False,False
mmlu::medical_genetics-088,mmlu,medical_genetics-088,cluster_2819,1,train,False,False
mmlu::medical_genetics-089,mmlu,medical_genetics-089,cluster_2820,1,train,False,False
mmlu::medical_genetics-090,mmlu,medical_genetics-090,cluster_2821,1,train,False,False
mmlu::medical_genetics-091,mmlu,medical_genetics-091,cluster_2822,1,train,False,False
mmlu::medical_genetics-092,mmlu,medical_genetics-092,cluster_2823,1,train,False,False
mmlu::medical_genetics-093,mmlu,medical_genetics-093,cluster_2824,1,val,False,False
mmlu::medical_genetics-094,mmlu,medical_genetics-094,cluster_2825,1,train,False,False
mmlu::medical_genetics-095,mmlu,medical_genetics-095,cluster_2826,1,final_test,False,False
mmlu::medical_genetics-096,mmlu,medical_genetics-096,cluster_2827,1,final_test,False,False
mmlu::medical_genetics-097,mmlu,medical_genetics-097,cluster_2828,1,val,False,False
mmlu::medical_genetics-098,mmlu,medical_genetics-098,cluster_2829,1,diagnostic,True,False
mmlu::professional_medicine-000,mmlu,professional_medicine-000,cluster_2830,1,train,False,False
mmlu::professional_medicine-001,mmlu,professional_medicine-001,cluster_2831,1,train,False,False
mmlu::professional_medicine-003,mmlu,professional_medicine-003,cluster_2832,1,train,False,False
mmlu::professional_medicine-004,mmlu,professional_medicine-004,cluster_2833,1,train,False,False
mmlu::professional_medicine-005,mmlu,professional_medicine-005,cluster_2834,1,train,False,False
mmlu::professional_medicine-006,mmlu,professional_medicine-006,cluster_2835,1,train,False,False
mmlu::professional_medicine-007,mmlu,professional_medicine-007,cluster_2836,1,final_test,False,False
mmlu::professional_medicine-008,mmlu,professional_medicine-008,cluster_2837,1,train,False,False
mmlu::professional_medicine-010,mmlu,professional_medicine-010,cluster_2838,1,train,False,False
mmlu::professional_medicine-011,mmlu,professional_medicine-011,cluster_2839,1,train,False,False
mmlu::professional_medicine-012,mmlu,professional_medicine-012,cluster_2840,1,final_test,False,False
mmlu::professional_medicine-013,mmlu,professional_medicine-013,cluster_2841,1,train,False,False
mmlu::professional_medicine-014,mmlu,professional_medicine-014,cluster_2842,1,train,False,False
mmlu::professional_medicine-015,mmlu,professional_medicine-015,cluster_2843,1,diagnostic,True,False
mmlu::professional_medicine-016,mmlu,professional_medicine-016,cluster_2844,1,train,False,False
mmlu::professional_medicine-017,mmlu,professional_medicine-017,cluster_2845,1,diagnostic,True,False
mmlu::professional_medicine-018,mmlu,professional_medicine-018,cluster_2846,1,val,False,False
mmlu::professional_medicine-019,mmlu,professional_medicine-019,cluster_2847,1,train,False,False
mmlu::professional_medicine-020,mmlu,professional_medicine-020,cluster_2848,1,train,False,False
mmlu::professional_medicine-021,mmlu,professional_medicine-021,cluster_2849,1,train,False,False
mmlu::professional_medicine-022,mmlu,professional_medicine-022,cluster_2850,1,train,False,False
mmlu::professional_medicine-023,mmlu,professional_medicine-023,cluster_2851,1,train,False,False
mmlu::professional_medicine-024,mmlu,professional_medicine-024,cluster_2852,1,train,False,False
mmlu::professional_medicine-025,mmlu,professional_medicine-025,cluster_2853,1,train,False,False
mmlu::professional_medicine-026,mmlu,professional_medicine-026,cluster_2854,1,train,False,False
mmlu::professional_medicine-028,mmlu,professional_medicine-028,cluster_2855,1,final_test,False,False
mmlu::professional_medicine-029,mmlu,professional_medicine-029,cluster_2856,1,train,False,False
mmlu::professional_medicine-030,mmlu,professional_medicine-030,cluster_2857,1,train,False,False
mmlu::professional_medicine-031,mmlu,professional_medicine-031,cluster_2858,1,val,False,False
mmlu::professional_medicine-032,mmlu,professional_medicine-032,cluster_2859,1,train,False,False
mmlu::professional_medicine-033,mmlu,professional_medicine-033,cluster_2860,1,train,False,False
mmlu::professional_medicine-034,mmlu,professional_medicine-034,cluster_2861,1,train,False,False
mmlu::professional_medicine-035,mmlu,professional_medicine-035,cluster_2862,1,train,False,False
mmlu::professional_medicine-036,mmlu,professional_medicine-036,cluster_2863,1,final_test,False,False
mmlu::professional_medicine-037,mmlu,professional_medicine-037,cluster_2864,1,diagnostic,True,False
mmlu::professional_medicine-038,mmlu,professional_medicine-038,cluster_2865,1,final_test,False,False
mmlu::professional_medicine-039,mmlu,professional_medicine-039,cluster_2866,1,train,False,False
mmlu::professional_medicine-040,mmlu,professional_medicine-040,cluster_2867,1,train,False,False
mmlu::professional_medicine-041,mmlu,professional_medicine-041,cluster_2868,1,final_test,False,False
mmlu::professional_medicine-042,mmlu,professional_medicine-042,cluster_2869,1,train,False,False
mmlu::professional_medicine-043,mmlu,professional_medicine-043,cluster_2870,1,train,False,False
mmlu::professional_medicine-044,mmlu,professional_medicine-044,cluster_2871,1,train,False,False
mmlu::professional_medicine-045,mmlu,professional_medicine-045,cluster_2872,1,train,False,False
mmlu::professional_medicine-047,mmlu,professional_medicine-047,cluster_2873,1,train,False,False
mmlu::professional_medicine-048,mmlu,professional_medicine-048,cluster_2874,1,train,False,False
mmlu::professional_medicine-049,mmlu,professional_medicine-049,cluster_2875,1,train,False,False
mmlu::professional_medicine-050,mmlu,professional_medicine-050,cluster_2876,1,final_test,False,False
mmlu::professional_medicine-051,mmlu,professional_medicine-051,cluster_2877,1,train,False,False
mmlu::professional_medicine-052,mmlu,professional_medicine-052,cluster_2878,1,val,False,False
mmlu::professional_medicine-053,mmlu,professional_medicine-053,cluster_2879,1,train,False,False
mmlu::professional_medicine-054,mmlu,professional_medicine-054,cluster_2880,1,train,False,False
mmlu::professional_medicine-055,mmlu,professional_medicine-055,cluster_2881,1,train,False,False
mmlu::professional_medicine-056,mmlu,professional_medicine-056,cluster_2882,1,train,False,False
mmlu::professional_medicine-057,mmlu,professional_medicine-057,cluster_2883,1,train,False,False
mmlu::professional_medicine-059,mmlu,professional_medicine-059,cluster_2884,1,train,False,False
mmlu::professional_medicine-060,mmlu,professional_medicine-060,cluster_2885,1,train,False,False
mmlu::professional_medicine-061,mmlu,professional_medicine-061,cluster_2886,1,val,False,False
mmlu::professional_medicine-062,mmlu,professional_medicine-062,cluster_2887,1,final_test,False,False
mmlu::professional_medicine-063,mmlu,professional_medicine-063,cluster_2888,1,final_test,False,False
mmlu::professional_medicine-065,mmlu,professional_medicine-065,cluster_2889,1,final_test,False,False
mmlu::professional_medicine-067,mmlu,professional_medicine-067,cluster_2890,1,train,False,False
mmlu::professional_medicine-068,mmlu,professional_medicine-068,cluster_2891,1,val,False,False
mmlu::professional_medicine-069,mmlu,professional_medicine-069,cluster_2892,1,train,False,False
mmlu::professional_medicine-070,mmlu,professional_medicine-070,cluster_2893,1,train,False,False
mmlu::professional_medicine-071,mmlu,professional_medicine-071,cluster_2894,1,train,False,False
mmlu::professional_medicine-072,mmlu,professional_medicine-072,cluster_2895,1,val,False,False
mmlu::professional_medicine-073,mmlu,professional_medicine-073,cluster_2896,1,train,False,False
mmlu::professional_medicine-074,mmlu,professional_medicine-074,cluster_2897,1,train,False,False
mmlu::professional_medicine-075,mmlu,professional_medicine-075,cluster_2898,1,train,False,False
mmlu::professional_medicine-076,mmlu,professional_medicine-076,cluster_2899,1,train,False,False
mmlu::professional_medicine-077,mmlu,professional_medicine-077,cluster_2900,1,train,False,False
mmlu::professional_medicine-078,mmlu,professional_medicine-078,cluster_2901,1,train,False,False
mmlu::professional_medicine-079,mmlu,professional_medicine-079,cluster_2902,1,final_test,False,False
mmlu::professional_medicine-080,mmlu,professional_medicine-080,cluster_2903,1,train,False,False
mmlu::professional_medicine-081,mmlu,professional_medicine-081,cluster_2904,1,train,False,False
mmlu::professional_medicine-082,mmlu,professional_medicine-082,cluster_2905,1,train,False,False
mmlu::professional_medicine-083,mmlu,professional_medicine-083,cluster_2906,1,train,False,False
mmlu::professional_medicine-084,mmlu,professional_medicine-084,cluster_2907,1,val,False,False
mmlu::professional_medicine-085,mmlu,professional_medicine-085,cluster_2908,1,val,False,False
mmlu::professional_medicine-086,mmlu,professional_medicine-086,cluster_2909,1,train,False,False
mmlu::professional_medicine-087,mmlu,professional_medicine-087,cluster_2910,1,train,False,False
mmlu::professional_medicine-088,mmlu,professional_medicine-088,cluster_2911,1,train,False,False
mmlu::professional_medicine-089,mmlu,professional_medicine-089,cluster_2912,1,train,False,False
mmlu::professional_medicine-090,mmlu,professional_medicine-090,cluster_2913,1,train,False,False
mmlu::professional_medicine-091,mmlu,professional_medicine-091,cluster_2914,1,train,False,False
mmlu::professional_medicine-092,mmlu,professional_medicine-092,cluster_2915,1,train,False,False
mmlu::professional_medicine-093,mmlu,professional_medicine-093,cluster_2916,1,train,False,False
mmlu::professional_medicine-094,mmlu,professional_medicine-094,cluster_2917,1,train,False,False
mmlu::professional_medicine-095,mmlu,professional_medicine-095,cluster_2918,1,train,False,False
mmlu::professional_medicine-096,mmlu,professional_medicine-096,cluster_2919,1,train,False,False
mmlu::professional_medicine-097,mmlu,professional_medicine-097,cluster_2920,1,final_test,False,False
mmlu::professional_medicine-098,mmlu,professional_medicine-098,cluster_2921,1,train,False,False
mmlu::professional_medicine-099,mmlu,professional_medicine-099,cluster_2922,1,train,False,False
mmlu::professional_medicine-100,mmlu,professional_medicine-100,cluster_2923,1,train,False,False
mmlu::professional_medicine-101,mmlu,professional_medicine-101,cluster_2924,1,train,False,False
mmlu::professional_medicine-102,mmlu,professional_medicine-102,cluster_2925,1,diagnostic,True,False
mmlu::professional_medicine-103,mmlu,professional_medicine-103,cluster_2926,1,train,False,False
mmlu::professional_medicine-104,mmlu,professional_medicine-104,cluster_2927,1,train,False,False
mmlu::professional_medicine-105,mmlu,professional_medicine-105,cluster_2928,1,diagnostic,True,False
mmlu::professional_medicine-106,mmlu,professional_medicine-106,cluster_2929,1,final_test,False,False
mmlu::professional_medicine-107,mmlu,professional_medicine-107,cluster_2930,1,train,False,False
mmlu::professional_medicine-108,mmlu,professional_medicine-108,cluster_2931,1,train,False,False
mmlu::professional_medicine-109,mmlu,professional_medicine-109,cluster_2932,1,val,False,False
mmlu::professional_medicine-110,mmlu,professional_medicine-110,cluster_2933,1,train,False,False
mmlu::professional_medicine-111,mmlu,professional_medicine-111,cluster_2934,1,train,False,False
mmlu::professional_medicine-112,mmlu,professional_medicine-112,cluster_2935,1,train,False,False
mmlu::professional_medicine-113,mmlu,professional_medicine-113,cluster_2936,1,train,False,False
mmlu::professional_medicine-114,mmlu,professional_medicine-114,cluster_2937,1,train,False,False
mmlu::professional_medicine-116,mmlu,professional_medicine-116,cluster_2938,1,diagnostic,True,False
mmlu::professional_medicine-117,mmlu,professional_medicine-117,cluster_2939,1,train,False,False
mmlu::professional_medicine-118,mmlu,professional_medicine-118,cluster_2940,1,train,False,False
mmlu::professional_medicine-119,mmlu,professional_medicine-119,cluster_2941,1,train,False,False
mmlu::professional_medicine-120,mmlu,professional_medicine-120,cluster_2942,1,train,False,False
mmlu::professional_medicine-121,mmlu,professional_medicine-121,cluster_2943,1,val,False,False
mmlu::professional_medicine-122,mmlu,professional_medicine-122,cluster_2944,1,val,False,False
mmlu::professional_medicine-123,mmlu,professional_medicine-123,cluster_2945,1,train,False,False
mmlu::professional_medicine-124,mmlu,professional_medicine-124,cluster_2946,1,train,False,False
mmlu::professional_medicine-125,mmlu,professional_medicine-125,cluster_2947,1,train,False,False
mmlu::professional_medicine-126,mmlu,professional_medicine-126,cluster_2948,1,train,False,False
mmlu::professional_medicine-127,mmlu,professional_medicine-127,cluster_2949,1,train,False,False
mmlu::professional_medicine-128,mmlu,professional_medicine-128,cluster_2950,1,train,False,False
mmlu::professional_medicine-129,mmlu,professional_medicine-129,cluster_2951,1,train,False,False
mmlu::professional_medicine-130,mmlu,professional_medicine-130,cluster_2952,1,train,False,False
mmlu::professional_medicine-131,mmlu,professional_medicine-131,cluster_2953,1,train,False,False
mmlu::professional_medicine-132,mmlu,professional_medicine-132,cluster_2954,1,val,False,False
mmlu::professional_medicine-133,mmlu,professional_medicine-133,cluster_2955,1,train,False,False
mmlu::professional_medicine-135,mmlu,professional_medicine-135,cluster_2956,1,train,False,False
mmlu::professional_medicine-136,mmlu,professional_medicine-136,cluster_2957,1,final_test,False,False
mmlu::professional_medicine-137,mmlu,professional_medicine-137,cluster_2958,1,train,False,False
mmlu::professional_medicine-138,mmlu,professional_medicine-138,cluster_2959,1,final_test,False,False
mmlu::professional_medicine-139,mmlu,professional_medicine-139,cluster_2960,1,train,False,False
mmlu::professional_medicine-140,mmlu,professional_medicine-140,cluster_2961,1,final_test,False,False
mmlu::professional_medicine-141,mmlu,professional_medicine-141,cluster_2962,1,train,False,False
mmlu::professional_medicine-142,mmlu,professional_medicine-142,cluster_2963,1,train,False,False
mmlu::professional_medicine-143,mmlu,professional_medicine-143,cluster_2964,1,train,False,False
mmlu::professional_medicine-144,mmlu,professional_medicine-144,cluster_2965,1,train,False,False
mmlu::professional_medicine-145,mmlu,professional_medicine-145,cluster_2966,1,train,False,False
mmlu::professional_medicine-146,mmlu,professional_medicine-146,cluster_2967,1,diagnostic,True,False
mmlu::professional_medicine-147,mmlu,professional_medicine-147,cluster_2968,1,train,False,False
mmlu::professional_medicine-148,mmlu,professional_medicine-148,cluster_2969,1,diagnostic,True,True
mmlu::professional_medicine-150,mmlu,professional_medicine-150,cluster_2970,1,train,False,False
mmlu::professional_medicine-151,mmlu,professional_medicine-151,cluster_2971,1,final_test,False,False
mmlu::professional_medicine-152,mmlu,professional_medicine-152,cluster_2972,1,train,False,False
mmlu::professional_medicine-153,mmlu,professional_medicine-153,cluster_2973,1,diagnostic,True,True
mmlu::professional_medicine-154,mmlu,professional_medicine-154,cluster_2974,1,train,False,False
mmlu::professional_medicine-155,mmlu,professional_medicine-155,cluster_2975,1,train,False,False
mmlu::professional_medicine-156,mmlu,professional_medicine-156,cluster_2976,1,diagnostic,True,False
mmlu::professional_medicine-157,mmlu,professional_medicine-157,cluster_2977,1,train,False,False
mmlu::professional_medicine-159,mmlu,professional_medicine-159,cluster_2978,1,train,False,False
mmlu::professional_medicine-160,mmlu,professional_medicine-160,cluster_2979,1,train,False,False
mmlu::professional_medicine-161,mmlu,professional_medicine-161,cluster_2980,1,val,False,False
mmlu::professional_medicine-162,mmlu,professional_medicine-162,cluster_2981,1,train,False,False
mmlu::professional_medicine-163,mmlu,professional_medicine-163,cluster_2982,1,train,False,False
mmlu::professional_medicine-164,mmlu,professional_medicine-164,cluster_2983,1,train,False,False
mmlu::professional_medicine-165,mmlu,professional_medicine-165,cluster_2984,1,train,False,False
mmlu::professional_medicine-166,mmlu,professional_medicine-166,cluster_2985,1,train,False,False
mmlu::professional_medicine-167,mmlu,professional_medicine-167,cluster_2986,1,diagnostic,True,False
mmlu::professional_medicine-168,mmlu,professional_medicine-168,cluster_2987,1,val,False,False
mmlu::professional_medicine-169,mmlu,professional_medicine-169,cluster_2988,1,train,False,False
mmlu::professional_medicine-170,mmlu,professional_medicine-170,cluster_2989,1,train,False,False
mmlu::professional_medicine-171,mmlu,professional_medicine-171,cluster_2990,1,train,False,False
mmlu::professional_medicine-172,mmlu,professional_medicine-172,cluster_2991,1,val,False,False
mmlu::professional_medicine-173,mmlu,professional_medicine-173,cluster_2992,1,final_test,False,False
mmlu::professional_medicine-174,mmlu,professional_medicine-174,cluster_2993,1,train,False,False
mmlu::professional_medicine-175,mmlu,professional_medicine-175,cluster_2994,1,train,False,False
mmlu::professional_medicine-176,mmlu,professional_medicine-176,cluster_2995,1,train,False,False
mmlu::professional_medicine-177,mmlu,professional_medicine-177,cluster_2996,1,val,False,False
mmlu::professional_medicine-178,mmlu,professional_medicine-178,cluster_2997,1,final_test,False,False
mmlu::professional_medicine-179,mmlu,professional_medicine-179,cluster_2998,1,train,False,False
mmlu::professional_medicine-180,mmlu,professional_medicine-180,cluster_2999,1,train,False,False
mmlu::professional_medicine-181,mmlu,professional_medicine-181,cluster_3000,1,train,False,False
mmlu::professional_medicine-182,mmlu,professional_medicine-182,cluster_3001,1,train,False,False
mmlu::professional_medicine-183,mmlu,professional_medicine-183,cluster_3002,1,train,False,False
mmlu::professional_medicine-184,mmlu,professional_medicine-184,cluster_3003,1,train,False,False
mmlu::professional_medicine-185,mmlu,professional_medicine-185,cluster_3004,1,final_test,False,False
mmlu::professional_medicine-186,mmlu,professional_medicine-186,cluster_3005,1,train,False,False
mmlu::professional_medicine-188,mmlu,professional_medicine-188,cluster_3006,1,train,False,False
mmlu::professional_medicine-189,mmlu,professional_medicine-189,cluster_3007,1,final_test,False,False
mmlu::professional_medicine-190,mmlu,professional_medicine-190,cluster_3008,1,final_test,False,False
mmlu::professional_medicine-191,mmlu,professional_medicine-191,cluster_3009,1,final_test,False,False
mmlu::professional_medicine-192,mmlu,professional_medicine-192,cluster_3010,1,train,False,False
mmlu::professional_medicine-193,mmlu,professional_medicine-193,cluster_3011,1,train,False,False
mmlu::professional_medicine-194,mmlu,professional_medicine-194,cluster_3012,1,train,False,False
mmlu::professional_medicine-195,mmlu,professional_medicine-195,cluster_3013,1,train,False,False
mmlu::professional_medicine-196,mmlu,professional_medicine-196,cluster_3014,1,train,False,False
mmlu::professional_medicine-197,mmlu,professional_medicine-197,cluster_3015,1,diagnostic,True,False
mmlu::professional_medicine-198,mmlu,professional_medicine-198,cluster_3016,1,train,False,False
mmlu::professional_medicine-199,mmlu,professional_medicine-199,cluster_3017,1,train,False,False
mmlu::professional_medicine-200,mmlu,professional_medicine-200,cluster_3018,1,train,False,False
mmlu::professional_medicine-201,mmlu,professional_medicine-201,cluster_3019,1,train,False,False
mmlu::professional_medicine-202,mmlu,professional_medicine-202,cluster_3020,1,final_test,False,False
mmlu::professional_medicine-203,mmlu,professional_medicine-203,cluster_3021,1,train,False,False
mmlu::professional_medicine-204,mmlu,professional_medicine-204,cluster_3022,1,train,False,False
mmlu::professional_medicine-205,mmlu,professional_medicine-205,cluster_3023,1,train,False,False
mmlu::professional_medicine-206,mmlu,professional_medicine-206,cluster_3024,1,diagnostic,True,True
mmlu::professional_medicine-208,mmlu,professional_medicine-208,cluster_3025,1,train,False,False
mmlu::professional_medicine-209,mmlu,professional_medicine-209,cluster_3026,1,train,False,False
mmlu::professional_medicine-210,mmlu,professional_medicine-210,cluster_3027,1,train,False,False
mmlu::professional_medicine-211,mmlu,professional_medicine-211,cluster_3028,1,final_test,False,False
mmlu::professional_medicine-212,mmlu,professional_medicine-212,cluster_3029,1,val,False,False
mmlu::professional_medicine-214,mmlu,professional_medicine-214,cluster_3030,1,train,False,False
mmlu::professional_medicine-215,mmlu,professional_medicine-215,cluster_3031,1,final_test,False,False
mmlu::professional_medicine-216,mmlu,professional_medicine-216,cluster_3032,1,train,False,False
mmlu::professional_medicine-217,mmlu,professional_medicine-217,cluster_3033,1,train,False,False
mmlu::professional_medicine-218,mmlu,professional_medicine-218,cluster_3034,1,train,False,False
mmlu::professional_medicine-219,mmlu,professional_medicine-219,cluster_3035,1,train,False,False
mmlu::professional_medicine-220,mmlu,professional_medicine-220,cluster_3036,1,val,False,False
mmlu::professional_medicine-221,mmlu,professional_medicine-221,cluster_3037,1,train,False,False
mmlu::professional_medicine-223,mmlu,professional_medicine-223,cluster_3038,1,train,False,False
mmlu::professional_medicine-224,mmlu,professional_medicine-224,cluster_3039,1,train,False,False
mmlu::professional_medicine-225,mmlu,professional_medicine-225,cluster_3040,1,diagnostic,True,False
mmlu::professional_medicine-226,mmlu,professional_medicine-226,cluster_3041,1,train,False,False
mmlu::professional_medicine-227,mmlu,professional_medicine-227,cluster_3042,1,train,False,False
mmlu::professional_medicine-228,mmlu,professional_medicine-228,cluster_3043,1,train,False,False
mmlu::professional_medicine-229,mmlu,professional_medicine-229,cluster_3044,1,final_test,False,False
mmlu::professional_medicine-230,mmlu,professional_medicine-230,cluster_3045,1,train,False,False
mmlu::professional_medicine-231,mmlu,professional_medicine-231,cluster_3046,1,val,False,False
mmlu::professional_medicine-232,mmlu,professional_medicine-232,cluster_3047,1,train,False,False
mmlu::professional_medicine-233,mmlu,professional_medicine-233,cluster_3048,1,train,False,False
mmlu::professional_medicine-234,mmlu,professional_medicine-234,cluster_3049,1,train,False,False
mmlu::professional_medicine-235,mmlu,professional_medicine-235,cluster_3050,1,diagnostic,True,False
mmlu::professional_medicine-236,mmlu,professional_medicine-236,cluster_3051,1,train,False,False
mmlu::professional_medicine-237,mmlu,professional_medicine-237,cluster_3052,1,final_test,False,False
mmlu::professional_medicine-238,mmlu,professional_medicine-238,cluster_3053,1,train,False,False
mmlu::professional_medicine-239,mmlu,professional_medicine-239,cluster_3054,1,train,False,False
mmlu::professional_medicine-240,mmlu,professional_medicine-240,cluster_3055,1,val,False,False
mmlu::professional_medicine-241,mmlu,professional_medicine-241,cluster_3056,1,train,False,False
mmlu::professional_medicine-242,mmlu,professional_medicine-242,cluster_3057,1,train,False,False
mmlu::professional_medicine-244,mmlu,professional_medicine-244,cluster_3058,1,train,False,False
mmlu::professional_medicine-245,mmlu,professional_medicine-245,cluster_3059,1,val,False,False
mmlu::professional_medicine-246,mmlu,professional_medicine-246,cluster_3060,1,train,False,False
mmlu::professional_medicine-247,mmlu,professional_medicine-247,cluster_3061,1,final_test,False,False
mmlu::professional_medicine-248,mmlu,professional_medicine-248,cluster_3062,1,train,False,False
mmlu::professional_medicine-249,mmlu,professional_medicine-249,cluster_3063,1,train,False,False
mmlu::professional_medicine-250,mmlu,professional_medicine-250,cluster_3064,1,final_test,False,False
mmlu::professional_medicine-251,mmlu,professional_medicine-251,cluster_3065,1,train,False,False
mmlu::professional_medicine-252,mmlu,professional_medicine-252,cluster_3066,1,train,False,False
mmlu::professional_medicine-253,mmlu,professional_medicine-253,cluster_3067,1,train,False,False
mmlu::professional_medicine-254,mmlu,professional_medicine-254,cluster_3068,1,train,False,False
mmlu::professional_medicine-255,mmlu,professional_medicine-255,cluster_3069,1,train,False,False
mmlu::professional_medicine-256,mmlu,professional_medicine-256,cluster_3070,1,final_test,False,False
mmlu::professional_medicine-257,mmlu,professional_medicine-257,cluster_3071,1,train,False,False
mmlu::professional_medicine-258,mmlu,professional_medicine-258,cluster_3072,1,train,False,False
mmlu::professional_medicine-259,mmlu,professional_medicine-259,cluster_3073,1,train,False,False
mmlu::professional_medicine-260,mmlu,professional_medicine-260,cluster_3074,1,train,False,False
mmlu::professional_medicine-261,mmlu,professional_medicine-261,cluster_3075,1,train,False,False
mmlu::professional_medicine-262,mmlu,professional_medicine-262,cluster_3076,1,train,False,False
mmlu::professional_medicine-264,mmlu,professional_medicine-264,cluster_3077,1,train,False,False
mmlu::professional_medicine-265,mmlu,professional_medicine-265,cluster_3078,1,val,False,False
mmlu::professional_medicine-266,mmlu,professional_medicine-266,cluster_3079,1,final_test,False,False
mmlu::professional_medicine-267,mmlu,professional_medicine-267,cluster_3080,1,diagnostic,True,False
mmlu::professional_medicine-268,mmlu,professional_medicine-268,cluster_3081,1,train,False,False
mmlu::professional_medicine-269,mmlu,professional_medicine-269,cluster_3082,1,val,False,False
mmlu::professional_medicine-270,mmlu,professional_medicine-270,cluster_3083,1,val,False,False
