question_id,source_dataset,condition,transition_type,mcq_evaluable,perturbed_evaluable,both_evaluable,mcq_correct,perturbed_correct,mcq_selected_index,perturbed_selected_index,mcq_selected_text,perturbed_selected_text,mcq_gold_index,perturbed_gold_index,mcq_gold_text,perturbed_gold_text,position_changed,semantic_answer_changed,transition,adaptation
medmcqa::03c11d83-2266-4c72-89f9-fa2615c10ae2,medmcqa,roman_numeral,correctness,True,True,True,False,True,0.0,2.0,Superficial temporal artery,Middle meningeal artery,2.0,2.0,Middle meningeal artery,Middle meningeal artery,True,True,W->C,
medmcqa::03c11d83-2266-4c72-89f9-fa2615c10ae2,medmcqa,none_of_the_provided,adaptation,True,True,True,False,False,0.0,0.0,Superficial temporal artery,Superficial temporal artery,2.0,2.0,Middle meningeal artery,None of the provided options,False,False,W->W,failure_to_adapt_kept_same_distractor
medmcqa::03c11d83-2266-4c72-89f9-fa2615c10ae2,medmcqa,fixed_pos,correctness,True,True,True,False,False,0.0,0.0,Superficial temporal artery,Superficial temporal artery,2.0,3.0,Middle meningeal artery,Middle meningeal artery,False,False,W->W,
medmcqa::03c11d83-2266-4c72-89f9-fa2615c10ae2,medmcqa,incorrect,inversion,True,True,True,False,False,0.0,3.0,Superficial temporal artery,Deep temporal,2.0,,Middle meningeal artery,,True,True,W->W,failure_to_adapt_included_gold
medmcqa::03c11d83-2266-4c72-89f9-fa2615c10ae2,medmcqa,open,open_generation,True,False,False,False,,0.0,,Superficial temporal artery,,2.0,2.0,Middle meningeal artery,Middle meningeal artery,,,,
medmcqa::03c11d83-2266-4c72-89f9-fa2615c10ae2,medmcqa,no_symbols,correctness,True,True,True,False,False,0.0,3.0,Superficial temporal artery,Deep temporal,2.0,2.0,Middle meningeal artery,Middle meningeal artery,True,True,W->W,
medmcqa::0fc0b4ce-9bfd-48a2-920d-88c67e2c4e9c,medmcqa,roman_numeral,correctness,True,True,True,False,False,1.0,1.0,Hypeensive intracranial hemorrhage,Hypeensive intracranial hemorrhage,2.0,2.0,Sagittal sinus thrombosis,Sagittal sinus thrombosis,False,False,W->W,
medmcqa::0fc0b4ce-9bfd-48a2-920d-88c67e2c4e9c,medmcqa,none_of_the_provided,adaptation,True,True,True,False,False,1.0,1.0,Hypeensive intracranial hemorrhage,Hypeensive intracranial hemorrhage,2.0,2.0,Sagittal sinus thrombosis,None of the provided options,False,False,W->W,failure_to_adapt_kept_same_distractor
medmcqa::0fc0b4ce-9bfd-48a2-920d-88c67e2c4e9c,medmcqa,fixed_pos,correctness,True,True,True,False,False,1.0,1.0,Hypeensive intracranial hemorrhage,Hypeensive intracranial hemorrhage,2.0,3.0,Sagittal sinus thrombosis,Sagittal sinus thrombosis,False,False,W->W,
medmcqa::0fc0b4ce-9bfd-48a2-920d-88c67e2c4e9c,medmcqa,incorrect,inversion,True,True,True,False,False,1.0,1.0,Hypeensive intracranial hemorrhage,Hypeensive intracranial hemorrhage,2.0,,Sagittal sinus thrombosis,,False,False,W->W,failure_to_adapt_included_gold
medmcqa::0fc0b4ce-9bfd-48a2-920d-88c67e2c4e9c,medmcqa,open,open_generation,True,False,False,False,,1.0,,Hypeensive intracranial hemorrhage,,2.0,2.0,Sagittal sinus thrombosis,Sagittal sinus thrombosis,,,,
medmcqa::0fc0b4ce-9bfd-48a2-920d-88c67e2c4e9c,medmcqa,no_symbols,correctness,True,True,True,False,False,1.0,1.0,Hypeensive intracranial hemorrhage,Hypeensive intracranial hemorrhage,2.0,2.0,Sagittal sinus thrombosis,Sagittal sinus thrombosis,False,False,W->W,
medmcqa::12cb2ea3-b10c-44e2-8cab-46afcd3ac0c9,medmcqa,roman_numeral,correctness,True,True,True,True,True,2.0,2.0,The time from start of mixing till just before the start of appearing elastic properties of impression material,The time from start of mixing till just before the start of appearing elastic properties of impression material,2.0,2.0,The time from start of mixing till just before the start of appearing elastic properties of impression material,The time from start of mixing till just before the start of appearing elastic properties of impression material,False,False,C->C,
medmcqa::12cb2ea3-b10c-44e2-8cab-46afcd3ac0c9,medmcqa,none_of_the_provided,adaptation,True,True,True,True,False,2.0,1.0,The time from start of mixing till just before the start of appearing elastic properties of impression material,Just after the start of appearing elastic properties of impression material,2.0,2.0,The time from start of mixing till just before the start of appearing elastic properties of impression material,None of the provided options,True,True,C->W,failure_to_adapt_chose_distractor
medmcqa::12cb2ea3-b10c-44e2-8cab-46afcd3ac0c9,medmcqa,fixed_pos,correctness,True,True,True,True,True,2.0,3.0,The time from start of mixing till just before the start of appearing elastic properties of impression material,The time from start of mixing till just before the start of appearing elastic properties of impression material,2.0,3.0,The time from start of mixing till just before the start of appearing elastic properties of impression material,The time from start of mixing till just before the start of appearing elastic properties of impression material,True,False,C->C,
medmcqa::12cb2ea3-b10c-44e2-8cab-46afcd3ac0c9,medmcqa,incorrect,inversion,True,True,True,True,True,2.0,2.0,The time from start of mixing till just before the start of appearing elastic properties of impression material,The time from start of mixing till just before the start of appearing elastic properties of impression material,2.0,,The time from start of mixing till just before the start of appearing elastic properties of impression material,,False,False,C->C,successful_adaptation
medmcqa::12cb2ea3-b10c-44e2-8cab-46afcd3ac0c9,medmcqa,open,open_generation,True,False,False,True,,2.0,,The time from start of mixing till just before the start of appearing elastic properties of impression material,,2.0,2.0,The time from start of mixing till just before the start of appearing elastic properties of impression material,The time from start of mixing till just before the start of appearing elastic properties of impression material,,,,
medmcqa::12cb2ea3-b10c-44e2-8cab-46afcd3ac0c9,medmcqa,no_symbols,correctness,True,True,True,True,True,2.0,2.0,The time from start of mixing till just before the start of appearing elastic properties of impression material,The time from start of mixing till just before the start of appearing elastic properties of impression material,2.0,2.0,The time from start of mixing till just before the start of appearing elastic properties of impression material,The time from start of mixing till just before the start of appearing elastic properties of impression material,False,False,C->C,
medmcqa::132fec12-271f-4778-93af-042d6ec32a22,medmcqa,roman_numeral,correctness,True,True,True,False,False,2.0,2.0,Bullet fragments,Bullet fragments,0.0,0.0,Hair,Hair,False,False,W->W,
medmcqa::132fec12-271f-4778-93af-042d6ec32a22,medmcqa,none_of_the_provided,adaptation,True,True,True,False,False,2.0,1.0,Bullet fragments,Clothes,0.0,0.0,Hair,None of the provided options,True,True,W->W,failure_to_adapt_chose_distractor
medmcqa::132fec12-271f-4778-93af-042d6ec32a22,medmcqa,fixed_pos,correctness,True,True,True,False,False,2.0,2.0,Bullet fragments,Bullet fragments,0.0,3.0,Hair,Hair,False,False,W->W,
medmcqa::132fec12-271f-4778-93af-042d6ec32a22,medmcqa,incorrect,inversion,True,True,True,False,False,2.0,2.0,Bullet fragments,Bullet fragments,0.0,,Hair,,False,False,W->W,failure_to_adapt_included_gold
medmcqa::132fec12-271f-4778-93af-042d6ec32a22,medmcqa,open,open_generation,True,False,False,False,,2.0,,Bullet fragments,,0.0,0.0,Hair,Hair,,,,
medmcqa::132fec12-271f-4778-93af-042d6ec32a22,medmcqa,no_symbols,correctness,True,True,True,False,False,2.0,2.0,Bullet fragments,Bullet fragments,0.0,0.0,Hair,Hair,False,False,W->W,
medmcqa::18c1a5f9-d998-414e-bb9c-991191c10710,medmcqa,roman_numeral,correctness,True,True,True,True,True,0.0,0.0,As early as feasible,As early as feasible,0.0,0.0,As early as feasible,As early as feasible,False,False,C->C,
medmcqa::18c1a5f9-d998-414e-bb9c-991191c10710,medmcqa,none_of_the_provided,adaptation,True,True,True,True,False,0.0,1.0,As early as feasible,After 5 years,0.0,0.0,As early as feasible,None of the provided options,True,True,C->W,failure_to_adapt_chose_distractor
medmcqa::18c1a5f9-d998-414e-bb9c-991191c10710,medmcqa,fixed_pos,correctness,True,True,True,True,True,0.0,3.0,As early as feasible,As early as feasible,0.0,3.0,As early as feasible,As early as feasible,True,False,C->C,
medmcqa::18c1a5f9-d998-414e-bb9c-991191c10710,medmcqa,incorrect,inversion,True,True,True,True,True,0.0,0.0,As early as feasible,As early as feasible,0.0,,As early as feasible,,False,False,C->C,successful_adaptation
medmcqa::18c1a5f9-d998-414e-bb9c-991191c10710,medmcqa,open,open_generation,True,False,False,True,,0.0,,As early as feasible,,0.0,0.0,As early as feasible,As early as feasible,,,,
medmcqa::18c1a5f9-d998-414e-bb9c-991191c10710,medmcqa,no_symbols,correctness,True,True,True,True,True,0.0,0.0,As early as feasible,As early as feasible,0.0,0.0,As early as feasible,As early as feasible,False,False,C->C,
medmcqa::1f8a97a5-64cf-4635-a50a-e84ac5a0d7f1,medmcqa,roman_numeral,correctness,True,True,True,True,True,2.0,2.0,Intravenous fluids,Intravenous fluids,2.0,2.0,Intravenous fluids,Intravenous fluids,False,False,C->C,
medmcqa::1f8a97a5-64cf-4635-a50a-e84ac5a0d7f1,medmcqa,none_of_the_provided,adaptation,True,True,True,True,False,2.0,3.0,Intravenous fluids,Intravenous bisphosphonates,2.0,2.0,Intravenous fluids,None of the provided options,True,True,C->W,failure_to_adapt_chose_distractor
medmcqa::1f8a97a5-64cf-4635-a50a-e84ac5a0d7f1,medmcqa,fixed_pos,correctness,True,True,True,True,False,2.0,2.0,Intravenous fluids,Intravenous bisphosphonates,2.0,3.0,Intravenous fluids,Intravenous fluids,False,True,C->W,
medmcqa::1f8a97a5-64cf-4635-a50a-e84ac5a0d7f1,medmcqa,incorrect,inversion,True,True,True,True,False,2.0,3.0,Intravenous fluids,Intravenous bisphosphonates,2.0,,Intravenous fluids,,True,True,C->W,failure_to_adapt_included_gold
medmcqa::1f8a97a5-64cf-4635-a50a-e84ac5a0d7f1,medmcqa,open,open_generation,True,True,True,True,True,2.0,,Intravenous fluids,Intravenous fluids,2.0,2.0,Intravenous fluids,Intravenous fluids,,False,C->C,
medmcqa::1f8a97a5-64cf-4635-a50a-e84ac5a0d7f1,medmcqa,no_symbols,correctness,True,True,True,True,True,2.0,2.0,Intravenous fluids,Intravenous fluids,2.0,2.0,Intravenous fluids,Intravenous fluids,False,False,C->C,
medmcqa::20929b62-1d50-4e64-9370-8d4966ccb2ae,medmcqa,roman_numeral,correctness,True,True,True,False,False,0.0,0.0,Fracture sphenoid bone,Fracture sphenoid bone,3.0,3.0,Carotico-cavernous fistula,Carotico-cavernous fistula,False,False,W->W,
medmcqa::20929b62-1d50-4e64-9370-8d4966ccb2ae,medmcqa,none_of_the_provided,adaptation,True,True,True,False,False,0.0,0.0,Fracture sphenoid bone,Fracture sphenoid bone,3.0,3.0,Carotico-cavernous fistula,None of the provided options,False,False,W->W,failure_to_adapt_kept_same_distractor
medmcqa::20929b62-1d50-4e64-9370-8d4966ccb2ae,medmcqa,fixed_pos,correctness,True,True,True,False,False,0.0,0.0,Fracture sphenoid bone,Fracture sphenoid bone,3.0,3.0,Carotico-cavernous fistula,Carotico-cavernous fistula,False,False,W->W,
medmcqa::20929b62-1d50-4e64-9370-8d4966ccb2ae,medmcqa,incorrect,inversion,True,True,True,False,True,0.0,3.0,Fracture sphenoid bone,Carotico-cavernous fistula,3.0,,Carotico-cavernous fistula,,True,True,W->C,successful_adaptation
medmcqa::20929b62-1d50-4e64-9370-8d4966ccb2ae,medmcqa,open,open_generation,True,False,False,False,,0.0,,Fracture sphenoid bone,,3.0,3.0,Carotico-cavernous fistula,Carotico-cavernous fistula,,,,
medmcqa::20929b62-1d50-4e64-9370-8d4966ccb2ae,medmcqa,no_symbols,correctness,True,True,True,False,False,0.0,0.0,Fracture sphenoid bone,Fracture sphenoid bone,3.0,3.0,Carotico-cavernous fistula,Carotico-cavernous fistula,False,False,W->W,
medmcqa::26f30f24-dcd8-453d-8553-9ee82ad496e1,medmcqa,roman_numeral,correctness,True,True,True,True,True,0.0,0.0,Gerstmann's syndrome,Gerstmann's syndrome,0.0,0.0,Gerstmann's syndrome,Gerstmann's syndrome,False,False,C->C,
medmcqa::26f30f24-dcd8-453d-8553-9ee82ad496e1,medmcqa,none_of_the_provided,adaptation,True,True,True,True,False,0.0,1.0,Gerstmann's syndrome,Millard-Gubler syndrome,0.0,0.0,Gerstmann's syndrome,None of the provided options,True,True,C->W,failure_to_adapt_chose_distractor
medmcqa::26f30f24-dcd8-453d-8553-9ee82ad496e1,medmcqa,fixed_pos,correctness,True,True,True,True,True,0.0,3.0,Gerstmann's syndrome,Gerstmann's syndrome,0.0,3.0,Gerstmann's syndrome,Gerstmann's syndrome,True,False,C->C,
medmcqa::26f30f24-dcd8-453d-8553-9ee82ad496e1,medmcqa,incorrect,inversion,True,True,True,True,True,0.0,0.0,Gerstmann's syndrome,Gerstmann's syndrome,0.0,,Gerstmann's syndrome,,False,False,C->C,successful_adaptation
medmcqa::26f30f24-dcd8-453d-8553-9ee82ad496e1,medmcqa,open,open_generation,True,False,False,True,,0.0,,Gerstmann's syndrome,,0.0,0.0,Gerstmann's syndrome,Gerstmann's syndrome,,,,
medmcqa::26f30f24-dcd8-453d-8553-9ee82ad496e1,medmcqa,no_symbols,correctness,True,True,True,True,True,0.0,0.0,Gerstmann's syndrome,Gerstmann's syndrome,0.0,0.0,Gerstmann's syndrome,Gerstmann's syndrome,False,False,C->C,
medmcqa::2719953f-15c7-4003-83ed-0baf2654d35a,medmcqa,roman_numeral,correctness,True,True,True,False,False,2.0,2.0,CMV,CMV,1.0,1.0,Toxoplasmosis,Toxoplasmosis,False,False,W->W,
medmcqa::2719953f-15c7-4003-83ed-0baf2654d35a,medmcqa,none_of_the_provided,adaptation,True,True,True,False,False,2.0,2.0,CMV,CMV,1.0,1.0,Toxoplasmosis,None of the provided options,False,False,W->W,failure_to_adapt_kept_same_distractor
medmcqa::2719953f-15c7-4003-83ed-0baf2654d35a,medmcqa,fixed_pos,correctness,True,True,True,False,False,2.0,2.0,CMV,CMV,1.0,3.0,Toxoplasmosis,Toxoplasmosis,False,False,W->W,
medmcqa::2719953f-15c7-4003-83ed-0baf2654d35a,medmcqa,incorrect,inversion,True,True,True,False,False,2.0,,CMV,,1.0,,Toxoplasmosis,,,,W->W,failure_to_adapt_wrong_set_size
medmcqa::2719953f-15c7-4003-83ed-0baf2654d35a,medmcqa,open,open_generation,True,False,False,False,,2.0,,CMV,,1.0,1.0,Toxoplasmosis,Toxoplasmosis,,,,
medmcqa::2719953f-15c7-4003-83ed-0baf2654d35a,medmcqa,no_symbols,correctness,True,True,True,False,True,2.0,1.0,CMV,Toxoplasmosis,1.0,1.0,Toxoplasmosis,Toxoplasmosis,True,True,W->C,
medmcqa::2880abd7-1ec6-4456-823e-e5d00159dfec,medmcqa,roman_numeral,correctness,True,True,True,True,True,0.0,0.0,Cotrimoxazole,Cotrimoxazole,0.0,0.0,Cotrimoxazole,Cotrimoxazole,False,False,C->C,
medmcqa::2880abd7-1ec6-4456-823e-e5d00159dfec,medmcqa,none_of_the_provided,adaptation,True,True,True,True,False,0.0,1.0,Cotrimoxazole,Amoxicillin,0.0,0.0,Cotrimoxazole,None of the provided options,True,True,C->W,failure_to_adapt_chose_distractor
medmcqa::2880abd7-1ec6-4456-823e-e5d00159dfec,medmcqa,fixed_pos,correctness,True,True,True,True,True,0.0,3.0,Cotrimoxazole,Cotrimoxazole,0.0,3.0,Cotrimoxazole,Cotrimoxazole,True,False,C->C,
medmcqa::2880abd7-1ec6-4456-823e-e5d00159dfec,medmcqa,incorrect,inversion,True,True,True,True,True,0.0,0.0,Cotrimoxazole,Cotrimoxazole,0.0,,Cotrimoxazole,,False,False,C->C,successful_adaptation
medmcqa::2880abd7-1ec6-4456-823e-e5d00159dfec,medmcqa,open,open_generation,True,False,False,True,,0.0,,Cotrimoxazole,,0.0,0.0,Cotrimoxazole,Cotrimoxazole,,,,
medmcqa::2880abd7-1ec6-4456-823e-e5d00159dfec,medmcqa,no_symbols,correctness,True,True,True,True,True,0.0,0.0,Cotrimoxazole,Cotrimoxazole,0.0,0.0,Cotrimoxazole,Cotrimoxazole,False,False,C->C,
medmcqa::2aacf8d1-b36e-49be-8333-af91aa2a49c9,medmcqa,roman_numeral,correctness,True,True,True,True,True,2.0,2.0,Ganglion cells,Ganglion cells,2.0,2.0,Ganglion cells,Ganglion cells,False,False,C->C,
medmcqa::2aacf8d1-b36e-49be-8333-af91aa2a49c9,medmcqa,none_of_the_provided,adaptation,True,True,True,True,False,2.0,3.0,Ganglion cells,Rods and cones,2.0,2.0,Ganglion cells,None of the provided options,True,True,C->W,failure_to_adapt_chose_distractor
medmcqa::2aacf8d1-b36e-49be-8333-af91aa2a49c9,medmcqa,fixed_pos,correctness,True,True,True,True,True,2.0,3.0,Ganglion cells,Ganglion cells,2.0,3.0,Ganglion cells,Ganglion cells,True,False,C->C,
medmcqa::2aacf8d1-b36e-49be-8333-af91aa2a49c9,medmcqa,incorrect,inversion,True,True,True,True,True,2.0,2.0,Ganglion cells,Ganglion cells,2.0,,Ganglion cells,,False,False,C->C,successful_adaptation
medmcqa::2aacf8d1-b36e-49be-8333-af91aa2a49c9,medmcqa,open,open_generation,True,False,False,True,,2.0,,Ganglion cells,,2.0,2.0,Ganglion cells,Ganglion cells,,,,
medmcqa::2aacf8d1-b36e-49be-8333-af91aa2a49c9,medmcqa,no_symbols,correctness,True,True,True,True,True,2.0,2.0,Ganglion cells,Ganglion cells,2.0,2.0,Ganglion cells,Ganglion cells,False,False,C->C,
medmcqa::2d1e9927-b2bc-469b-a26f-49ff06d91fda,medmcqa,roman_numeral,correctness,True,True,True,False,False,2.0,2.0,5-HT4 agonist,5-HT4 agonist,1.0,1.0,"D, antagonist","D, antagonist",False,False,W->W,
medmcqa::2d1e9927-b2bc-469b-a26f-49ff06d91fda,medmcqa,none_of_the_provided,adaptation,True,True,True,False,False,2.0,2.0,5-HT4 agonist,5-HT4 agonist,1.0,1.0,"D, antagonist",None of the provided options,False,False,W->W,failure_to_adapt_kept_same_distractor
medmcqa::2d1e9927-b2bc-469b-a26f-49ff06d91fda,medmcqa,fixed_pos,correctness,True,True,True,False,False,2.0,2.0,5-HT4 agonist,5-HT4 agonist,1.0,3.0,"D, antagonist","D, antagonist",False,False,W->W,
medmcqa::2d1e9927-b2bc-469b-a26f-49ff06d91fda,medmcqa,incorrect,inversion,True,True,True,False,False,2.0,2.0,5-HT4 agonist,5-HT4 agonist,1.0,,"D, antagonist",,False,False,W->W,failure_to_adapt_included_gold
medmcqa::2d1e9927-b2bc-469b-a26f-49ff06d91fda,medmcqa,open,open_generation,True,False,False,False,,2.0,,5-HT4 agonist,,1.0,1.0,"D, antagonist","D, antagonist",,,,
medmcqa::2d1e9927-b2bc-469b-a26f-49ff06d91fda,medmcqa,no_symbols,correctness,True,True,True,False,False,2.0,2.0,5-HT4 agonist,5-HT4 agonist,1.0,1.0,"D, antagonist","D, antagonist",False,False,W->W,
medmcqa::3a1eb56a-436a-449b-8920-d7bb2d5e10e4,medmcqa,roman_numeral,correctness,True,True,True,True,True,0.0,0.0,Garre's osteomyelitis,Garre's osteomyelitis,0.0,0.0,Garre's osteomyelitis,Garre's osteomyelitis,False,False,C->C,
medmcqa::3a1eb56a-436a-449b-8920-d7bb2d5e10e4,medmcqa,none_of_the_provided,adaptation,True,True,True,True,False,0.0,1.0,Garre's osteomyelitis,Acute osteomyelitis,0.0,0.0,Garre's osteomyelitis,None of the provided options,True,True,C->W,failure_to_adapt_chose_distractor
medmcqa::3a1eb56a-436a-449b-8920-d7bb2d5e10e4,medmcqa,fixed_pos,correctness,True,True,True,True,False,0.0,1.0,Garre's osteomyelitis,Acute osteomyelitis,0.0,3.0,Garre's osteomyelitis,Garre's osteomyelitis,True,True,C->W,
medmcqa::3a1eb56a-436a-449b-8920-d7bb2d5e10e4,medmcqa,incorrect,inversion,True,True,True,True,True,0.0,0.0,Garre's osteomyelitis,Garre's osteomyelitis,0.0,,Garre's osteomyelitis,,False,False,C->C,successful_adaptation
medmcqa::3a1eb56a-436a-449b-8920-d7bb2d5e10e4,medmcqa,open,open_generation,True,False,False,True,,0.0,,Garre's osteomyelitis,,0.0,0.0,Garre's osteomyelitis,Garre's osteomyelitis,,,,
medmcqa::3a1eb56a-436a-449b-8920-d7bb2d5e10e4,medmcqa,no_symbols,correctness,True,True,True,True,False,0.0,,Garre's osteomyelitis,,0.0,0.0,Garre's osteomyelitis,Garre's osteomyelitis,,,C->W,
medmcqa::3a3e9d0e-cf13-4d9c-971f-f9d5cb902994,medmcqa,roman_numeral,correctness,True,True,True,True,True,3.0,3.0,Chylomicrons,Chylomicrons,3.0,3.0,Chylomicrons,Chylomicrons,False,False,C->C,
medmcqa::3a3e9d0e-cf13-4d9c-971f-f9d5cb902994,medmcqa,none_of_the_provided,adaptation,True,True,True,True,False,3.0,1.0,Chylomicrons,LDL,3.0,3.0,Chylomicrons,None of the provided options,True,True,C->W,failure_to_adapt_chose_distractor
medmcqa::3a3e9d0e-cf13-4d9c-971f-f9d5cb902994,medmcqa,fixed_pos,correctness,True,True,True,True,True,3.0,3.0,Chylomicrons,Chylomicrons,3.0,3.0,Chylomicrons,Chylomicrons,False,False,C->C,
medmcqa::3a3e9d0e-cf13-4d9c-971f-f9d5cb902994,medmcqa,incorrect,inversion,True,True,True,True,True,3.0,3.0,Chylomicrons,Chylomicrons,3.0,,Chylomicrons,,False,False,C->C,successful_adaptation
medmcqa::3a3e9d0e-cf13-4d9c-971f-f9d5cb902994,medmcqa,open,open_generation,True,True,True,True,True,3.0,,Chylomicrons,Chylomicrons,3.0,3.0,Chylomicrons,Chylomicrons,,False,C->C,
medmcqa::3a3e9d0e-cf13-4d9c-971f-f9d5cb902994,medmcqa,no_symbols,correctness,True,True,True,True,True,3.0,3.0,Chylomicrons,Chylomicrons,3.0,3.0,Chylomicrons,Chylomicrons,False,False,C->C,
medmcqa::3c6acd9a-5776-40dc-a952-678746215562,medmcqa,roman_numeral,correctness,True,True,True,True,False,1.0,2.0,Low safety,Can be used safely,1.0,1.0,Low safety,Low safety,True,True,C->W,
medmcqa::3c6acd9a-5776-40dc-a952-678746215562,medmcqa,none_of_the_provided,adaptation,True,True,True,True,False,1.0,3.0,Low safety,Not much use,1.0,1.0,Low safety,None of the provided options,True,True,C->W,failure_to_adapt_chose_distractor
medmcqa::3c6acd9a-5776-40dc-a952-678746215562,medmcqa,fixed_pos,correctness,True,True,True,True,True,1.0,3.0,Low safety,Low safety,1.0,3.0,Low safety,Low safety,True,False,C->C,
medmcqa::3c6acd9a-5776-40dc-a952-678746215562,medmcqa,incorrect,inversion,True,True,True,True,False,1.0,,Low safety,,1.0,,Low safety,,,,C->W,failure_to_adapt_wrong_set_size
medmcqa::3c6acd9a-5776-40dc-a952-678746215562,medmcqa,open,open_generation,True,False,False,True,,1.0,,Low safety,,1.0,1.0,Low safety,Low safety,,,,
medmcqa::3c6acd9a-5776-40dc-a952-678746215562,medmcqa,no_symbols,correctness,True,True,True,True,False,1.0,2.0,Low safety,Can be used safely,1.0,1.0,Low safety,Low safety,True,True,C->W,
medmcqa::4282ea27-91a4-4cd7-9781-2958d3986552,medmcqa,roman_numeral,correctness,True,True,True,False,False,1.0,1.0,Culture from nasopharynx,Culture from nasopharynx,0.0,0.0,Bronchoscopy,Bronchoscopy,False,False,W->W,
medmcqa::4282ea27-91a4-4cd7-9781-2958d3986552,medmcqa,none_of_the_provided,adaptation,True,True,True,False,False,1.0,1.0,Culture from nasopharynx,Culture from nasopharynx,0.0,0.0,Bronchoscopy,None of the provided options,False,False,W->W,failure_to_adapt_kept_same_distractor
medmcqa::4282ea27-91a4-4cd7-9781-2958d3986552,medmcqa,fixed_pos,correctness,True,True,True,False,False,1.0,1.0,Culture from nasopharynx,Culture from nasopharynx,0.0,3.0,Bronchoscopy,Bronchoscopy,False,False,W->W,
medmcqa::4282ea27-91a4-4cd7-9781-2958d3986552,medmcqa,incorrect,inversion,True,True,True,False,True,1.0,0.0,Culture from nasopharynx,Bronchoscopy,0.0,,Bronchoscopy,,True,True,W->C,successful_adaptation
medmcqa::4282ea27-91a4-4cd7-9781-2958d3986552,medmcqa,open,open_generation,True,False,False,False,,1.0,,Culture from nasopharynx,,0.0,0.0,Bronchoscopy,Bronchoscopy,,,,
medmcqa::4282ea27-91a4-4cd7-9781-2958d3986552,medmcqa,no_symbols,correctness,True,True,True,False,False,1.0,1.0,Culture from nasopharynx,Culture from nasopharynx,0.0,0.0,Bronchoscopy,Bronchoscopy,False,False,W->W,
medmcqa::43bdf667-7532-42d6-b875-c2c06f6b9d3a,medmcqa,roman_numeral,correctness,True,True,True,True,True,1.0,1.0,4 months,4 months,1.0,1.0,4 months,4 months,False,False,C->C,
medmcqa::43bdf667-7532-42d6-b875-c2c06f6b9d3a,medmcqa,none_of_the_provided,adaptation,True,True,True,True,False,1.0,3.0,4 months,14 days,1.0,1.0,4 months,None of the provided options,True,True,C->W,failure_to_adapt_chose_distractor
medmcqa::43bdf667-7532-42d6-b875-c2c06f6b9d3a,medmcqa,fixed_pos,correctness,True,True,True,True,False,1.0,2.0,4 months,4 weeks,1.0,3.0,4 months,4 months,True,True,C->W,
medmcqa::43bdf667-7532-42d6-b875-c2c06f6b9d3a,medmcqa,incorrect,inversion,True,True,True,True,False,1.0,3.0,4 months,14 days,1.0,,4 months,,True,True,C->W,failure_to_adapt_included_gold
medmcqa::43bdf667-7532-42d6-b875-c2c06f6b9d3a,medmcqa,open,open_generation,True,False,False,True,,1.0,,4 months,,1.0,1.0,4 months,4 months,,,,
medmcqa::43bdf667-7532-42d6-b875-c2c06f6b9d3a,medmcqa,no_symbols,correctness,True,True,True,True,True,1.0,1.0,4 months,4 months,1.0,1.0,4 months,4 months,False,False,C->C,
medmcqa::46669fd0-e19c-4e9c-bdc4-836d0d9771f4,medmcqa,roman_numeral,correctness,True,True,True,True,True,0.0,0.0,Inhibit osteoclast mediated resorption,Inhibit osteoclast mediated resorption,0.0,0.0,Inhibit osteoclast mediated resorption,Inhibit osteoclast mediated resorption,False,False,C->C,
medmcqa::46669fd0-e19c-4e9c-bdc4-836d0d9771f4,medmcqa,none_of_the_provided,adaptation,True,True,True,True,False,0.0,2.0,Inhibit osteoclast mediated resorption,Increases mineralization of osteoid,0.0,0.0,Inhibit osteoclast mediated resorption,None of the provided options,True,True,C->W,failure_to_adapt_chose_distractor
medmcqa::46669fd0-e19c-4e9c-bdc4-836d0d9771f4,medmcqa,fixed_pos,correctness,True,True,True,True,True,0.0,3.0,Inhibit osteoclast mediated resorption,Inhibit osteoclast mediated resorption,0.0,3.0,Inhibit osteoclast mediated resorption,Inhibit osteoclast mediated resorption,True,False,C->C,
medmcqa::46669fd0-e19c-4e9c-bdc4-836d0d9771f4,medmcqa,incorrect,inversion,True,True,True,True,True,0.0,0.0,Inhibit osteoclast mediated resorption,Inhibit osteoclast mediated resorption,0.0,,Inhibit osteoclast mediated resorption,,False,False,C->C,successful_adaptation
medmcqa::46669fd0-e19c-4e9c-bdc4-836d0d9771f4,medmcqa,open,open_generation,True,False,False,True,,0.0,,Inhibit osteoclast mediated resorption,,0.0,0.0,Inhibit osteoclast mediated resorption,Inhibit osteoclast mediated resorption,,,,
medmcqa::46669fd0-e19c-4e9c-bdc4-836d0d9771f4,medmcqa,no_symbols,correctness,True,True,True,True,True,0.0,0.0,Inhibit osteoclast mediated resorption,Inhibit osteoclast mediated resorption,0.0,0.0,Inhibit osteoclast mediated resorption,Inhibit osteoclast mediated resorption,False,False,C->C,
medmcqa::46b87f53-f447-40b1-a0c0-85334ad9d9e7,medmcqa,roman_numeral,correctness,True,True,True,False,False,3.0,3.0,"92, 180, 155","92, 180, 155",1.0,1.0,"92, 180, 153","92, 180, 153",False,False,W->W,
medmcqa::46b87f53-f447-40b1-a0c0-85334ad9d9e7,medmcqa,none_of_the_provided,adaptation,True,True,True,False,False,3.0,3.0,"92, 180, 155","92, 180, 155",1.0,1.0,"92, 180, 153",None of the provided options,False,False,W->W,failure_to_adapt_kept_same_distractor
medmcqa::46b87f53-f447-40b1-a0c0-85334ad9d9e7,medmcqa,fixed_pos,correctness,True,True,True,False,False,3.0,1.0,"92, 180, 155","92, 180, 155",1.0,3.0,"92, 180, 153","92, 180, 153",True,False,W->W,
medmcqa::46b87f53-f447-40b1-a0c0-85334ad9d9e7,medmcqa,incorrect,inversion,True,True,True,False,False,3.0,3.0,"92, 180, 155","92, 180, 155",1.0,,"92, 180, 153",,False,False,W->W,failure_to_adapt_included_gold
medmcqa::46b87f53-f447-40b1-a0c0-85334ad9d9e7,medmcqa,open,open_generation,True,False,False,False,,3.0,,"92, 180, 155",,1.0,1.0,"92, 180, 153","92, 180, 153",,,,
medmcqa::46b87f53-f447-40b1-a0c0-85334ad9d9e7,medmcqa,no_symbols,correctness,True,True,True,False,False,3.0,3.0,"92, 180, 155","92, 180, 155",1.0,1.0,"92, 180, 153","92, 180, 153",False,False,W->W,
medmcqa::470d2dcb-0af2-4dae-8598-208eff783a95,medmcqa,roman_numeral,correctness,True,True,True,True,True,1.0,1.0,Transposition of great vessels,Transposition of great vessels,1.0,1.0,Transposition of great vessels,Transposition of great vessels,False,False,C->C,
medmcqa::470d2dcb-0af2-4dae-8598-208eff783a95,medmcqa,none_of_the_provided,adaptation,True,True,True,True,False,1.0,0.0,Transposition of great vessels,Tetralogy of Fallot's,1.0,1.0,Transposition of great vessels,None of the provided options,True,True,C->W,failure_to_adapt_chose_distractor
medmcqa::470d2dcb-0af2-4dae-8598-208eff783a95,medmcqa,fixed_pos,correctness,True,True,True,True,True,1.0,3.0,Transposition of great vessels,Transposition of great vessels,1.0,3.0,Transposition of great vessels,Transposition of great vessels,True,False,C->C,
medmcqa::470d2dcb-0af2-4dae-8598-208eff783a95,medmcqa,incorrect,inversion,True,True,True,True,False,1.0,,Transposition of great vessels,,1.0,,Transposition of great vessels,,,,C->W,failure_to_adapt_wrong_set_size
medmcqa::470d2dcb-0af2-4dae-8598-208eff783a95,medmcqa,open,open_generation,True,False,False,True,,1.0,,Transposition of great vessels,,1.0,1.0,Transposition of great vessels,Transposition of great vessels,,,,
medmcqa::470d2dcb-0af2-4dae-8598-208eff783a95,medmcqa,no_symbols,correctness,True,True,True,True,True,1.0,1.0,Transposition of great vessels,Transposition of great vessels,1.0,1.0,Transposition of great vessels,Transposition of great vessels,False,False,C->C,
medmcqa::55028fba-fc8a-4c77-ad53-33e7cebc34e6,medmcqa,roman_numeral,correctness,True,True,True,True,True,3.0,3.0,Multiple frequency ratio,Multiple frequency ratio,3.0,3.0,Multiple frequency ratio,Multiple frequency ratio,False,False,C->C,
medmcqa::55028fba-fc8a-4c77-ad53-33e7cebc34e6,medmcqa,none_of_the_provided,adaptation,True,True,True,True,False,3.0,1.0,Multiple frequency ratio,lmpedence,3.0,3.0,Multiple frequency ratio,None of the provided options,True,True,C->W,failure_to_adapt_chose_distractor
medmcqa::55028fba-fc8a-4c77-ad53-33e7cebc34e6,medmcqa,fixed_pos,correctness,True,True,True,True,True,3.0,3.0,Multiple frequency ratio,Multiple frequency ratio,3.0,3.0,Multiple frequency ratio,Multiple frequency ratio,False,False,C->C,
medmcqa::55028fba-fc8a-4c77-ad53-33e7cebc34e6,medmcqa,incorrect,inversion,True,True,True,True,True,3.0,3.0,Multiple frequency ratio,Multiple frequency ratio,3.0,,Multiple frequency ratio,,False,False,C->C,successful_adaptation
medmcqa::55028fba-fc8a-4c77-ad53-33e7cebc34e6,medmcqa,open,open_generation,True,False,False,True,,3.0,,Multiple frequency ratio,,3.0,3.0,Multiple frequency ratio,Multiple frequency ratio,,,,
medmcqa::55028fba-fc8a-4c77-ad53-33e7cebc34e6,medmcqa,no_symbols,correctness,True,True,True,True,True,3.0,3.0,Multiple frequency ratio,Multiple frequency ratio,3.0,3.0,Multiple frequency ratio,Multiple frequency ratio,False,False,C->C,
medmcqa::61908ad9-32f1-4cde-a77e-758ab0134bda,medmcqa,roman_numeral,correctness,True,True,True,True,False,0.0,2.0,Physiological,Incisal liability,0.0,0.0,Physiological,Physiological,True,True,C->W,
medmcqa::61908ad9-32f1-4cde-a77e-758ab0134bda,medmcqa,none_of_the_provided,adaptation,True,True,True,True,False,0.0,2.0,Physiological,Incisal liability,0.0,0.0,Physiological,None of the provided options,True,True,C->W,failure_to_adapt_chose_distractor
medmcqa::61908ad9-32f1-4cde-a77e-758ab0134bda,medmcqa,fixed_pos,correctness,True,True,True,True,True,0.0,3.0,Physiological,Physiological,0.0,3.0,Physiological,Physiological,True,False,C->C,
medmcqa::61908ad9-32f1-4cde-a77e-758ab0134bda,medmcqa,incorrect,inversion,True,True,True,True,False,0.0,3.0,Physiological,none of above,0.0,,Physiological,,True,True,C->W,failure_to_adapt_included_gold
medmcqa::61908ad9-32f1-4cde-a77e-758ab0134bda,medmcqa,open,open_generation,True,False,False,True,,0.0,,Physiological,,0.0,0.0,Physiological,Physiological,,,,
medmcqa::61908ad9-32f1-4cde-a77e-758ab0134bda,medmcqa,no_symbols,correctness,True,True,True,True,True,0.0,0.0,Physiological,Physiological,0.0,0.0,Physiological,Physiological,False,False,C->C,
medmcqa::66a1d601-967b-47ee-af15-a78c983eb8c4,medmcqa,roman_numeral,correctness,True,True,True,False,True,1.0,2.0,15 days,30 days,2.0,2.0,30 days,30 days,True,True,W->C,
medmcqa::66a1d601-967b-47ee-af15-a78c983eb8c4,medmcqa,none_of_the_provided,adaptation,True,True,True,False,False,1.0,1.0,15 days,15 days,2.0,2.0,30 days,None of the provided options,False,False,W->W,failure_to_adapt_kept_same_distractor
medmcqa::66a1d601-967b-47ee-af15-a78c983eb8c4,medmcqa,fixed_pos,correctness,True,True,True,False,True,1.0,3.0,15 days,30 days,2.0,3.0,30 days,30 days,True,True,W->C,
medmcqa::66a1d601-967b-47ee-af15-a78c983eb8c4,medmcqa,incorrect,inversion,True,True,True,False,False,1.0,3.0,15 days,60 days,2.0,,30 days,,True,True,W->W,failure_to_adapt_included_gold
medmcqa::66a1d601-967b-47ee-af15-a78c983eb8c4,medmcqa,open,open_generation,True,False,False,False,,1.0,,15 days,,2.0,2.0,30 days,30 days,,,,
medmcqa::66a1d601-967b-47ee-af15-a78c983eb8c4,medmcqa,no_symbols,correctness,True,True,True,False,False,1.0,1.0,15 days,15 days,2.0,2.0,30 days,30 days,False,False,W->W,
medmcqa::679dec48-39e2-45bc-b611-e2bd310c0e1b,medmcqa,roman_numeral,correctness,True,True,True,True,False,0.0,2.0,Gingival third of tooth surface,Middle third of tooth surface,0.0,0.0,Gingival third of tooth surface,Gingival third of tooth surface,True,True,C->W,
medmcqa::679dec48-39e2-45bc-b611-e2bd310c0e1b,medmcqa,none_of_the_provided,adaptation,True,True,True,True,False,0.0,2.0,Gingival third of tooth surface,Middle third of tooth surface,0.0,0.0,Gingival third of tooth surface,None of the provided options,True,True,C->W,failure_to_adapt_chose_distractor
medmcqa::679dec48-39e2-45bc-b611-e2bd310c0e1b,medmcqa,fixed_pos,correctness,True,True,True,True,True,0.0,3.0,Gingival third of tooth surface,Gingival third of tooth surface,0.0,3.0,Gingival third of tooth surface,Gingival third of tooth surface,True,False,C->C,
medmcqa::679dec48-39e2-45bc-b611-e2bd310c0e1b,medmcqa,incorrect,inversion,True,True,True,True,False,0.0,3.0,Gingival third of tooth surface,Uniform on all surfaces,0.0,,Gingival third of tooth surface,,True,True,C->W,failure_to_adapt_included_gold
medmcqa::679dec48-39e2-45bc-b611-e2bd310c0e1b,medmcqa,open,open_generation,True,False,False,True,,0.0,,Gingival third of tooth surface,,0.0,0.0,Gingival third of tooth surface,Gingival third of tooth surface,,,,
medmcqa::679dec48-39e2-45bc-b611-e2bd310c0e1b,medmcqa,no_symbols,correctness,True,True,True,True,False,0.0,1.0,Gingival third of tooth surface,Incisal one third of tooth surface,0.0,0.0,Gingival third of tooth surface,Gingival third of tooth surface,True,True,C->W,
medmcqa::6aa721d5-4f94-45a2-84f7-b63b99eec763,medmcqa,roman_numeral,correctness,True,True,True,True,True,1.0,1.0,Joseph wolpe.,Joseph wolpe.,1.0,1.0,Joseph wolpe.,Joseph wolpe.,False,False,C->C,
medmcqa::6aa721d5-4f94-45a2-84f7-b63b99eec763,medmcqa,none_of_the_provided,adaptation,True,True,True,True,False,1.0,2.0,Joseph wolpe.,Addleston.,1.0,1.0,Joseph wolpe.,None of the provided options,True,True,C->W,failure_to_adapt_chose_distractor
medmcqa::6aa721d5-4f94-45a2-84f7-b63b99eec763,medmcqa,fixed_pos,correctness,True,True,True,True,True,1.0,3.0,Joseph wolpe.,Joseph wolpe.,1.0,3.0,Joseph wolpe.,Joseph wolpe.,True,False,C->C,
medmcqa::6aa721d5-4f94-45a2-84f7-b63b99eec763,medmcqa,incorrect,inversion,True,True,True,True,True,1.0,1.0,Joseph wolpe.,Joseph wolpe.,1.0,,Joseph wolpe.,,False,False,C->C,successful_adaptation
medmcqa::6aa721d5-4f94-45a2-84f7-b63b99eec763,medmcqa,open,open_generation,True,False,False,True,,1.0,,Joseph wolpe.,,1.0,1.0,Joseph wolpe.,Joseph wolpe.,,,,
medmcqa::6aa721d5-4f94-45a2-84f7-b63b99eec763,medmcqa,no_symbols,correctness,True,True,True,True,True,1.0,1.0,Joseph wolpe.,Joseph wolpe.,1.0,1.0,Joseph wolpe.,Joseph wolpe.,False,False,C->C,
medmcqa::6ace03e9-b26c-455d-a158-71cbf9a0854b,medmcqa,roman_numeral,correctness,True,True,True,True,True,2.0,2.0,Internal maxillary aery,Internal maxillary aery,2.0,2.0,Internal maxillary aery,Internal maxillary aery,False,False,C->C,
medmcqa::6ace03e9-b26c-455d-a158-71cbf9a0854b,medmcqa,none_of_the_provided,adaptation,True,True,True,True,False,2.0,3.0,Internal maxillary aery,Anterior ethmoidal aery,2.0,2.0,Internal maxillary aery,None of the provided options,True,True,C->W,failure_to_adapt_chose_distractor
medmcqa::6ace03e9-b26c-455d-a158-71cbf9a0854b,medmcqa,fixed_pos,correctness,True,True,True,True,False,2.0,1.0,Internal maxillary aery,Ascending pharyngeal aery,2.0,3.0,Internal maxillary aery,Internal maxillary aery,True,True,C->W,
medmcqa::6ace03e9-b26c-455d-a158-71cbf9a0854b,medmcqa,incorrect,inversion,True,True,True,True,False,2.0,3.0,Internal maxillary aery,Anterior ethmoidal aery,2.0,,Internal maxillary aery,,True,True,C->W,failure_to_adapt_included_gold
medmcqa::6ace03e9-b26c-455d-a158-71cbf9a0854b,medmcqa,open,open_generation,True,False,False,True,,2.0,,Internal maxillary aery,,2.0,2.0,Internal maxillary aery,Internal maxillary aery,,,,
medmcqa::6ace03e9-b26c-455d-a158-71cbf9a0854b,medmcqa,no_symbols,correctness,True,True,True,True,False,2.0,1.0,Internal maxillary aery,Ascending pharyngeal aery,2.0,2.0,Internal maxillary aery,Internal maxillary aery,True,True,C->W,
medmcqa::7086f77e-b7a7-46b6-991c-3b8b57e83282,medmcqa,roman_numeral,correctness,True,True,True,False,False,2.0,2.0,Apex was not resected,Apex was not resected,0.0,0.0,Leaking from main canal,Leaking from main canal,False,False,W->W,
medmcqa::7086f77e-b7a7-46b6-991c-3b8b57e83282,medmcqa,none_of_the_provided,adaptation,True,True,True,False,False,2.0,2.0,Apex was not resected,Apex was not resected,0.0,0.0,Leaking from main canal,None of the provided options,False,False,W->W,failure_to_adapt_kept_same_distractor
medmcqa::7086f77e-b7a7-46b6-991c-3b8b57e83282,medmcqa,fixed_pos,correctness,True,True,True,False,False,2.0,2.0,Apex was not resected,Apex was not resected,0.0,3.0,Leaking from main canal,Leaking from main canal,False,False,W->W,
medmcqa::7086f77e-b7a7-46b6-991c-3b8b57e83282,medmcqa,incorrect,inversion,True,True,True,False,False,2.0,,Apex was not resected,,0.0,,Leaking from main canal,,,,W->W,failure_to_adapt_wrong_set_size
medmcqa::7086f77e-b7a7-46b6-991c-3b8b57e83282,medmcqa,open,open_generation,True,False,False,False,,2.0,,Apex was not resected,,0.0,0.0,Leaking from main canal,Leaking from main canal,,,,
medmcqa::7086f77e-b7a7-46b6-991c-3b8b57e83282,medmcqa,no_symbols,correctness,True,True,True,False,False,2.0,2.0,Apex was not resected,Apex was not resected,0.0,0.0,Leaking from main canal,Leaking from main canal,False,False,W->W,
medmcqa::711d84b6-7ff9-4ed2-a961-b7c604e3a9c6,medmcqa,roman_numeral,correctness,True,True,True,False,True,0.0,2.0,3% of NaOH,5% CaCl,2.0,2.0,5% CaCl,5% CaCl,True,True,W->C,
medmcqa::711d84b6-7ff9-4ed2-a961-b7c604e3a9c6,medmcqa,none_of_the_provided,adaptation,True,True,True,False,False,0.0,0.0,3% of NaOH,3% of NaOH,2.0,2.0,5% CaCl,None of the provided options,False,False,W->W,failure_to_adapt_kept_same_distractor
medmcqa::711d84b6-7ff9-4ed2-a961-b7c604e3a9c6,medmcqa,fixed_pos,correctness,True,True,True,False,True,0.0,3.0,3% of NaOH,5% CaCl,2.0,3.0,5% CaCl,5% CaCl,True,True,W->C,
medmcqa::711d84b6-7ff9-4ed2-a961-b7c604e3a9c6,medmcqa,incorrect,inversion,True,True,True,False,False,0.0,3.0,3% of NaOH,Distilled Water,2.0,,5% CaCl,,True,True,W->W,failure_to_adapt_included_gold
medmcqa::711d84b6-7ff9-4ed2-a961-b7c604e3a9c6,medmcqa,open,open_generation,True,False,False,False,,0.0,,3% of NaOH,,2.0,2.0,5% CaCl,5% CaCl,,,,
medmcqa::711d84b6-7ff9-4ed2-a961-b7c604e3a9c6,medmcqa,no_symbols,correctness,True,True,True,False,False,0.0,1.0,3% of NaOH,3% NaCl,2.0,2.0,5% CaCl,5% CaCl,True,True,W->W,
medmcqa::78cde0de-1205-4bcb-a646-992a909fd268,medmcqa,roman_numeral,correctness,True,True,True,False,False,1.0,2.0,15,90,0.0,0.0,36,36,True,True,W->W,
medmcqa::78cde0de-1205-4bcb-a646-992a909fd268,medmcqa,none_of_the_provided,adaptation,True,True,True,False,False,1.0,1.0,15,15,0.0,0.0,36,None of the provided options,False,False,W->W,failure_to_adapt_kept_same_distractor
medmcqa::78cde0de-1205-4bcb-a646-992a909fd268,medmcqa,fixed_pos,correctness,True,True,True,False,False,1.0,1.0,15,15,0.0,3.0,36,36,False,False,W->W,
medmcqa::78cde0de-1205-4bcb-a646-992a909fd268,medmcqa,incorrect,inversion,True,True,True,False,False,1.0,3.0,15,56,0.0,,36,,True,True,W->W,failure_to_adapt_included_gold
medmcqa::78cde0de-1205-4bcb-a646-992a909fd268,medmcqa,open,open_generation,True,False,False,False,,1.0,,15,,0.0,0.0,36,36,,,,
medmcqa::78cde0de-1205-4bcb-a646-992a909fd268,medmcqa,no_symbols,correctness,True,True,True,False,True,1.0,0.0,15,36,0.0,0.0,36,36,True,True,W->C,
medmcqa::7b2e3490-4efc-45bd-850e-0435ebb15bc5,medmcqa,roman_numeral,correctness,True,True,True,False,False,2.0,2.0,Cricothyroid membrane puncture,Cricothyroid membrane puncture,1.0,1.0,Oral intubation,Oral intubation,False,False,W->W,
medmcqa::7b2e3490-4efc-45bd-850e-0435ebb15bc5,medmcqa,none_of_the_provided,adaptation,True,True,True,False,False,2.0,2.0,Cricothyroid membrane puncture,Cricothyroid membrane puncture,1.0,1.0,Oral intubation,None of the provided options,False,False,W->W,failure_to_adapt_kept_same_distractor
medmcqa::7b2e3490-4efc-45bd-850e-0435ebb15bc5,medmcqa,fixed_pos,correctness,True,True,True,False,False,2.0,2.0,Cricothyroid membrane puncture,Cricothyroid membrane puncture,1.0,3.0,Oral intubation,Oral intubation,False,False,W->W,
medmcqa::7b2e3490-4efc-45bd-850e-0435ebb15bc5,medmcqa,incorrect,inversion,True,True,True,False,False,2.0,2.0,Cricothyroid membrane puncture,Cricothyroid membrane puncture,1.0,,Oral intubation,,False,False,W->W,failure_to_adapt_included_gold
medmcqa::7b2e3490-4efc-45bd-850e-0435ebb15bc5,medmcqa,open,open_generation,True,False,False,False,,2.0,,Cricothyroid membrane puncture,,1.0,1.0,Oral intubation,Oral intubation,,,,
medmcqa::7b2e3490-4efc-45bd-850e-0435ebb15bc5,medmcqa,no_symbols,correctness,True,True,True,False,False,2.0,2.0,Cricothyroid membrane puncture,Cricothyroid membrane puncture,1.0,1.0,Oral intubation,Oral intubation,False,False,W->W,
medmcqa::838f8aa6-e9c7-4e24-ae4b-d430371f9e27,medmcqa,roman_numeral,correctness,True,True,True,False,False,0.0,2.0,H to induce pubey,Clitoroplasty,3.0,3.0,Bilateral gonadectomy,Bilateral gonadectomy,True,True,W->W,
medmcqa::838f8aa6-e9c7-4e24-ae4b-d430371f9e27,medmcqa,none_of_the_provided,adaptation,True,True,True,False,True,0.0,3.0,H to induce pubey,None of the provided options,3.0,3.0,Bilateral gonadectomy,None of the provided options,True,True,W->C,successful_adaptation
medmcqa::838f8aa6-e9c7-4e24-ae4b-d430371f9e27,medmcqa,fixed_pos,correctness,True,True,True,False,False,0.0,0.0,H to induce pubey,H to induce pubey,3.0,3.0,Bilateral gonadectomy,Bilateral gonadectomy,False,False,W->W,
medmcqa::838f8aa6-e9c7-4e24-ae4b-d430371f9e27,medmcqa,incorrect,inversion,True,True,True,False,False,0.0,,H to induce pubey,,3.0,,Bilateral gonadectomy,,,,W->W,failure_to_adapt_wrong_set_size
medmcqa::838f8aa6-e9c7-4e24-ae4b-d430371f9e27,medmcqa,open,open_generation,True,False,False,False,,0.0,,H to induce pubey,,3.0,3.0,Bilateral gonadectomy,Bilateral gonadectomy,,,,
medmcqa::838f8aa6-e9c7-4e24-ae4b-d430371f9e27,medmcqa,no_symbols,correctness,True,True,True,False,True,0.0,3.0,H to induce pubey,Bilateral gonadectomy,3.0,3.0,Bilateral gonadectomy,Bilateral gonadectomy,True,True,W->C,
medmcqa::84edf98d-5d16-4377-95fc-2bb67058e7d4,medmcqa,roman_numeral,correctness,True,True,True,True,True,2.0,2.0,Arthus phenomenon,Arthus phenomenon,2.0,2.0,Arthus phenomenon,Arthus phenomenon,False,False,C->C,
medmcqa::84edf98d-5d16-4377-95fc-2bb67058e7d4,medmcqa,none_of_the_provided,adaptation,True,True,True,True,False,2.0,3.0,Arthus phenomenon,Serum sickness,2.0,2.0,Arthus phenomenon,None of the provided options,True,True,C->W,failure_to_adapt_chose_distractor
medmcqa::84edf98d-5d16-4377-95fc-2bb67058e7d4,medmcqa,fixed_pos,correctness,True,True,True,True,True,2.0,3.0,Arthus phenomenon,Arthus phenomenon,2.0,3.0,Arthus phenomenon,Arthus phenomenon,True,False,C->C,
medmcqa::84edf98d-5d16-4377-95fc-2bb67058e7d4,medmcqa,incorrect,inversion,True,True,True,True,True,2.0,2.0,Arthus phenomenon,Arthus phenomenon,2.0,,Arthus phenomenon,,False,False,C->C,successful_adaptation
medmcqa::84edf98d-5d16-4377-95fc-2bb67058e7d4,medmcqa,open,open_generation,True,False,False,True,,2.0,,Arthus phenomenon,,2.0,2.0,Arthus phenomenon,Arthus phenomenon,,,,
medmcqa::84edf98d-5d16-4377-95fc-2bb67058e7d4,medmcqa,no_symbols,correctness,True,True,True,True,True,2.0,2.0,Arthus phenomenon,Arthus phenomenon,2.0,2.0,Arthus phenomenon,Arthus phenomenon,False,False,C->C,
medmcqa::87a02021-923f-4cd0-b93d-bfb486c0aa29,medmcqa,roman_numeral,correctness,True,True,True,True,True,1.0,1.0,Postoperative ecchymosis,Postoperative ecchymosis,1.0,1.0,Postoperative ecchymosis,Postoperative ecchymosis,False,False,C->C,
medmcqa::87a02021-923f-4cd0-b93d-bfb486c0aa29,medmcqa,none_of_the_provided,adaptation,True,True,True,True,False,1.0,2.0,Postoperative ecchymosis,Impaired blood circulation,1.0,1.0,Postoperative ecchymosis,None of the provided options,True,True,C->W,failure_to_adapt_chose_distractor
medmcqa::87a02021-923f-4cd0-b93d-bfb486c0aa29,medmcqa,fixed_pos,correctness,True,True,True,True,True,1.0,3.0,Postoperative ecchymosis,Postoperative ecchymosis,1.0,3.0,Postoperative ecchymosis,Postoperative ecchymosis,True,False,C->C,
medmcqa::87a02021-923f-4cd0-b93d-bfb486c0aa29,medmcqa,incorrect,inversion,True,True,True,True,True,1.0,1.0,Postoperative ecchymosis,Postoperative ecchymosis,1.0,,Postoperative ecchymosis,,False,False,C->C,successful_adaptation
medmcqa::87a02021-923f-4cd0-b93d-bfb486c0aa29,medmcqa,open,open_generation,True,False,False,True,,1.0,,Postoperative ecchymosis,,1.0,1.0,Postoperative ecchymosis,Postoperative ecchymosis,,,,
medmcqa::87a02021-923f-4cd0-b93d-bfb486c0aa29,medmcqa,no_symbols,correctness,True,True,True,True,True,1.0,1.0,Postoperative ecchymosis,Postoperative ecchymosis,1.0,1.0,Postoperative ecchymosis,Postoperative ecchymosis,False,False,C->C,
medmcqa::8b9c73e9-4e2e-4e4b-8216-9c043a1282cf,medmcqa,roman_numeral,correctness,True,True,True,True,True,2.0,2.0,Homogenous population,Homogenous population,2.0,2.0,Homogenous population,Homogenous population,False,False,C->C,
medmcqa::8b9c73e9-4e2e-4e4b-8216-9c043a1282cf,medmcqa,none_of_the_provided,adaptation,True,True,True,True,True,2.0,2.0,Homogenous population,None of the provided options,2.0,2.0,Homogenous population,None of the provided options,False,True,C->C,successful_adaptation
medmcqa::8b9c73e9-4e2e-4e4b-8216-9c043a1282cf,medmcqa,fixed_pos,correctness,True,True,True,True,True,2.0,3.0,Homogenous population,Homogenous population,2.0,3.0,Homogenous population,Homogenous population,True,False,C->C,
medmcqa::8b9c73e9-4e2e-4e4b-8216-9c043a1282cf,medmcqa,incorrect,inversion,True,True,True,True,True,2.0,2.0,Homogenous population,Homogenous population,2.0,,Homogenous population,,False,False,C->C,successful_adaptation
medmcqa::8b9c73e9-4e2e-4e4b-8216-9c043a1282cf,medmcqa,open,open_generation,True,False,False,True,,2.0,,Homogenous population,,2.0,2.0,Homogenous population,Homogenous population,,,,
medmcqa::8b9c73e9-4e2e-4e4b-8216-9c043a1282cf,medmcqa,no_symbols,correctness,True,True,True,True,True,2.0,2.0,Homogenous population,Homogenous population,2.0,2.0,Homogenous population,Homogenous population,False,False,C->C,
medmcqa::8d6cd2e6-9912-4bb5-b276-289f11e6371f,medmcqa,roman_numeral,correctness,True,True,True,False,False,2.0,2.0,"Parachlorophenol, camphor and menthol","Parachlorophenol, camphor and menthol",0.0,0.0,"Iodoform, camphor, parachlorophenol and menthol","Iodoform, camphor, parachlorophenol and menthol",False,False,W->W,
medmcqa::8d6cd2e6-9912-4bb5-b276-289f11e6371f,medmcqa,none_of_the_provided,adaptation,True,True,True,False,False,2.0,2.0,"Parachlorophenol, camphor and menthol","Parachlorophenol, camphor and menthol",0.0,0.0,"Iodoform, camphor, parachlorophenol and menthol",None of the provided options,False,False,W->W,failure_to_adapt_kept_same_distractor
medmcqa::8d6cd2e6-9912-4bb5-b276-289f11e6371f,medmcqa,fixed_pos,correctness,True,True,True,False,True,2.0,3.0,"Parachlorophenol, camphor and menthol","Iodoform, camphor, parachlorophenol and menthol",0.0,3.0,"Iodoform, camphor, parachlorophenol and menthol","Iodoform, camphor, parachlorophenol and menthol",True,True,W->C,
medmcqa::8d6cd2e6-9912-4bb5-b276-289f11e6371f,medmcqa,incorrect,inversion,True,True,True,False,False,2.0,2.0,"Parachlorophenol, camphor and menthol","Parachlorophenol, camphor and menthol",0.0,,"Iodoform, camphor, parachlorophenol and menthol",,False,False,W->W,failure_to_adapt_included_gold
medmcqa::8d6cd2e6-9912-4bb5-b276-289f11e6371f,medmcqa,open,open_generation,True,False,False,False,,2.0,,"Parachlorophenol, camphor and menthol",,0.0,0.0,"Iodoform, camphor, parachlorophenol and menthol","Iodoform, camphor, parachlorophenol and menthol",,,,
medmcqa::8d6cd2e6-9912-4bb5-b276-289f11e6371f,medmcqa,no_symbols,correctness,True,True,True,False,True,2.0,0.0,"Parachlorophenol, camphor and menthol","Iodoform, camphor, parachlorophenol and menthol",0.0,0.0,"Iodoform, camphor, parachlorophenol and menthol","Iodoform, camphor, parachlorophenol and menthol",True,True,W->C,
medmcqa::8d8150e4-2224-4ac1-b41e-b8353a744dcc,medmcqa,roman_numeral,correctness,True,True,True,False,False,1.0,2.0,Cap stage,Bell stage,0.0,0.0,Bud stage,Bud stage,True,True,W->W,
medmcqa::8d8150e4-2224-4ac1-b41e-b8353a744dcc,medmcqa,none_of_the_provided,adaptation,True,True,True,False,False,1.0,1.0,Cap stage,Cap stage,0.0,0.0,Bud stage,None of the provided options,False,False,W->W,failure_to_adapt_kept_same_distractor
medmcqa::8d8150e4-2224-4ac1-b41e-b8353a744dcc,medmcqa,fixed_pos,correctness,True,True,True,False,False,1.0,0.0,Cap stage,Advanced Bell stage,0.0,3.0,Bud stage,Bud stage,True,True,W->W,
medmcqa::8d8150e4-2224-4ac1-b41e-b8353a744dcc,medmcqa,incorrect,inversion,True,True,True,False,False,1.0,3.0,Cap stage,Advanced Bell stage,0.0,,Bud stage,,True,True,W->W,failure_to_adapt_included_gold
medmcqa::8d8150e4-2224-4ac1-b41e-b8353a744dcc,medmcqa,open,open_generation,True,False,False,False,,1.0,,Cap stage,,0.0,0.0,Bud stage,Bud stage,,,,
medmcqa::8d8150e4-2224-4ac1-b41e-b8353a744dcc,medmcqa,no_symbols,correctness,True,True,True,False,False,1.0,,Cap stage,,0.0,0.0,Bud stage,Bud stage,,,W->W,
medmcqa::91b1635b-021f-4945-bb1d-5bdeed6389f4,medmcqa,roman_numeral,correctness,True,True,True,True,True,1.0,1.0,Mean < Mode,Mean < Mode,1.0,1.0,Mean < Mode,Mean < Mode,False,False,C->C,
medmcqa::91b1635b-021f-4945-bb1d-5bdeed6389f4,medmcqa,none_of_the_provided,adaptation,True,True,True,True,True,1.0,1.0,Mean < Mode,None of the provided options,1.0,1.0,Mean < Mode,None of the provided options,False,True,C->C,successful_adaptation
medmcqa::91b1635b-021f-4945-bb1d-5bdeed6389f4,medmcqa,fixed_pos,correctness,True,True,True,True,True,1.0,3.0,Mean < Mode,Mean < Mode,1.0,3.0,Mean < Mode,Mean < Mode,True,False,C->C,
medmcqa::91b1635b-021f-4945-bb1d-5bdeed6389f4,medmcqa,incorrect,inversion,True,True,True,True,False,1.0,,Mean < Mode,,1.0,,Mean < Mode,,,,C->W,failure_to_adapt_wrong_set_size
medmcqa::91b1635b-021f-4945-bb1d-5bdeed6389f4,medmcqa,open,open_generation,True,False,False,True,,1.0,,Mean < Mode,,1.0,1.0,Mean < Mode,Mean < Mode,,,,
medmcqa::91b1635b-021f-4945-bb1d-5bdeed6389f4,medmcqa,no_symbols,correctness,True,True,True,True,False,1.0,,Mean < Mode,,1.0,1.0,Mean < Mode,Mean < Mode,,,C->W,
medmcqa::92bc808f-994e-4669-80e5-77305a9f9178,medmcqa,roman_numeral,correctness,True,True,True,True,True,3.0,3.0,Cortisol,Cortisol,3.0,3.0,Cortisol,Cortisol,False,False,C->C,
medmcqa::92bc808f-994e-4669-80e5-77305a9f9178,medmcqa,none_of_the_provided,adaptation,True,True,True,True,False,3.0,1.0,Cortisol,Glucagon,3.0,3.0,Cortisol,None of the provided options,True,True,C->W,failure_to_adapt_chose_distractor
medmcqa::92bc808f-994e-4669-80e5-77305a9f9178,medmcqa,fixed_pos,correctness,True,True,True,True,True,3.0,3.0,Cortisol,Cortisol,3.0,3.0,Cortisol,Cortisol,False,False,C->C,
medmcqa::92bc808f-994e-4669-80e5-77305a9f9178,medmcqa,incorrect,inversion,True,True,True,True,True,3.0,3.0,Cortisol,Cortisol,3.0,,Cortisol,,False,False,C->C,successful_adaptation
medmcqa::92bc808f-994e-4669-80e5-77305a9f9178,medmcqa,open,open_generation,True,False,False,True,,3.0,,Cortisol,,3.0,3.0,Cortisol,Cortisol,,,,
medmcqa::92bc808f-994e-4669-80e5-77305a9f9178,medmcqa,no_symbols,correctness,True,True,True,True,False,3.0,,Cortisol,,3.0,3.0,Cortisol,Cortisol,,,C->W,
medmcqa::93f5e66f-2b58-40a8-84e0-0c4c42dd7a93,medmcqa,roman_numeral,correctness,True,True,True,True,True,2.0,2.0,Tension of muscle,Tension of muscle,2.0,2.0,Tension of muscle,Tension of muscle,False,False,C->C,
medmcqa::93f5e66f-2b58-40a8-84e0-0c4c42dd7a93,medmcqa,none_of_the_provided,adaptation,True,True,True,True,False,2.0,1.0,Tension of muscle,Static,2.0,2.0,Tension of muscle,None of the provided options,True,True,C->W,failure_to_adapt_chose_distractor
medmcqa::93f5e66f-2b58-40a8-84e0-0c4c42dd7a93,medmcqa,fixed_pos,correctness,True,True,True,True,True,2.0,3.0,Tension of muscle,Tension of muscle,2.0,3.0,Tension of muscle,Tension of muscle,True,False,C->C,
medmcqa::93f5e66f-2b58-40a8-84e0-0c4c42dd7a93,medmcqa,incorrect,inversion,True,True,True,True,True,2.0,2.0,Tension of muscle,Tension of muscle,2.0,,Tension of muscle,,False,False,C->C,successful_adaptation
medmcqa::93f5e66f-2b58-40a8-84e0-0c4c42dd7a93,medmcqa,open,open_generation,True,False,False,True,,2.0,,Tension of muscle,,2.0,2.0,Tension of muscle,Tension of muscle,,,,
medmcqa::93f5e66f-2b58-40a8-84e0-0c4c42dd7a93,medmcqa,no_symbols,correctness,True,True,True,True,True,2.0,2.0,Tension of muscle,Tension of muscle,2.0,2.0,Tension of muscle,Tension of muscle,False,False,C->C,
medmcqa::988010c6-d24a-4c75-9688-e8d84da035a0,medmcqa,roman_numeral,correctness,True,True,True,True,False,0.0,3.0,Anterior and Superior,Posterior and superior,0.0,0.0,Anterior and Superior,Anterior and Superior,True,True,C->W,
medmcqa::988010c6-d24a-4c75-9688-e8d84da035a0,medmcqa,none_of_the_provided,adaptation,True,True,True,True,False,0.0,1.0,Anterior and Superior,Posterior and interior,0.0,0.0,Anterior and Superior,None of the provided options,True,True,C->W,failure_to_adapt_chose_distractor
medmcqa::988010c6-d24a-4c75-9688-e8d84da035a0,medmcqa,fixed_pos,correctness,True,True,True,True,False,0.0,0.0,Anterior and Superior,Posterior and superior,0.0,3.0,Anterior and Superior,Anterior and Superior,False,True,C->W,
medmcqa::988010c6-d24a-4c75-9688-e8d84da035a0,medmcqa,incorrect,inversion,True,True,True,True,False,0.0,3.0,Anterior and Superior,Posterior and superior,0.0,,Anterior and Superior,,True,True,C->W,failure_to_adapt_included_gold
medmcqa::988010c6-d24a-4c75-9688-e8d84da035a0,medmcqa,open,open_generation,True,False,False,True,,0.0,,Anterior and Superior,,0.0,0.0,Anterior and Superior,Anterior and Superior,,,,
medmcqa::988010c6-d24a-4c75-9688-e8d84da035a0,medmcqa,no_symbols,correctness,True,True,True,True,False,0.0,3.0,Anterior and Superior,Posterior and superior,0.0,0.0,Anterior and Superior,Anterior and Superior,True,True,C->W,
medmcqa::98893c1c-a979-476e-8b82-ef3bd2a02da7,medmcqa,roman_numeral,correctness,True,True,True,False,False,1.0,2.0,Amplitude of action potential,Number of neurons stimulated,0.0,0.0,Intensity of stimulus,Intensity of stimulus,True,True,W->W,
medmcqa::98893c1c-a979-476e-8b82-ef3bd2a02da7,medmcqa,none_of_the_provided,adaptation,True,True,True,False,False,1.0,3.0,Amplitude of action potential,Number of receptors stimulated,0.0,0.0,Intensity of stimulus,None of the provided options,True,True,W->W,failure_to_adapt_chose_distractor
medmcqa::98893c1c-a979-476e-8b82-ef3bd2a02da7,medmcqa,fixed_pos,correctness,True,True,True,False,True,1.0,3.0,Amplitude of action potential,Intensity of stimulus,0.0,3.0,Intensity of stimulus,Intensity of stimulus,True,True,W->C,
medmcqa::98893c1c-a979-476e-8b82-ef3bd2a02da7,medmcqa,incorrect,inversion,True,True,True,False,False,1.0,,Amplitude of action potential,,0.0,,Intensity of stimulus,,,,W->W,failure_to_adapt_wrong_set_size
medmcqa::98893c1c-a979-476e-8b82-ef3bd2a02da7,medmcqa,open,open_generation,True,False,False,False,,1.0,,Amplitude of action potential,,0.0,0.0,Intensity of stimulus,Intensity of stimulus,,,,
medmcqa::98893c1c-a979-476e-8b82-ef3bd2a02da7,medmcqa,no_symbols,correctness,True,True,True,False,False,1.0,3.0,Amplitude of action potential,Number of receptors stimulated,0.0,0.0,Intensity of stimulus,Intensity of stimulus,True,True,W->W,
medmcqa::9ba1d3cf-434c-4f68-ab5f-0ccbe263e3a5,medmcqa,roman_numeral,correctness,True,True,True,True,False,0.0,2.0,D-1,D-3,0.0,0.0,D-1,D-1,True,True,C->W,
medmcqa::9ba1d3cf-434c-4f68-ab5f-0ccbe263e3a5,medmcqa,none_of_the_provided,adaptation,True,True,True,True,False,0.0,1.0,D-1,D-2,0.0,0.0,D-1,None of the provided options,True,True,C->W,failure_to_adapt_chose_distractor
medmcqa::9ba1d3cf-434c-4f68-ab5f-0ccbe263e3a5,medmcqa,fixed_pos,correctness,True,True,True,True,True,0.0,3.0,D-1,D-1,0.0,3.0,D-1,D-1,True,False,C->C,
medmcqa::9ba1d3cf-434c-4f68-ab5f-0ccbe263e3a5,medmcqa,incorrect,inversion,True,True,True,True,False,0.0,3.0,D-1,None of the above,0.0,,D-1,,True,True,C->W,failure_to_adapt_included_gold
medmcqa::9ba1d3cf-434c-4f68-ab5f-0ccbe263e3a5,medmcqa,open,open_generation,True,False,False,True,,0.0,,D-1,,0.0,0.0,D-1,D-1,,,,
medmcqa::9ba1d3cf-434c-4f68-ab5f-0ccbe263e3a5,medmcqa,no_symbols,correctness,True,True,True,True,False,0.0,1.0,D-1,D-2,0.0,0.0,D-1,D-1,True,True,C->W,
medmcqa::a48f8ece-9420-439a-8ff9-19093ec0c03f,medmcqa,roman_numeral,correctness,True,True,True,True,False,1.0,2.0,Fear of separation from parent,Fear of dental instruments,1.0,1.0,Fear of separation from parent,Fear of separation from parent,True,True,C->W,
medmcqa::a48f8ece-9420-439a-8ff9-19093ec0c03f,medmcqa,none_of_the_provided,adaptation,True,True,True,True,False,1.0,2.0,Fear of separation from parent,Fear of dental instruments,1.0,1.0,Fear of separation from parent,None of the provided options,True,True,C->W,failure_to_adapt_chose_distractor
medmcqa::a48f8ece-9420-439a-8ff9-19093ec0c03f,medmcqa,fixed_pos,correctness,True,True,True,True,True,1.0,3.0,Fear of separation from parent,Fear of separation from parent,1.0,3.0,Fear of separation from parent,Fear of separation from parent,True,False,C->C,
medmcqa::a48f8ece-9420-439a-8ff9-19093ec0c03f,medmcqa,incorrect,inversion,True,True,True,True,False,1.0,,Fear of separation from parent,,1.0,,Fear of separation from parent,,,,C->W,failure_to_adapt_wrong_set_size
medmcqa::a48f8ece-9420-439a-8ff9-19093ec0c03f,medmcqa,open,open_generation,True,False,False,True,,1.0,,Fear of separation from parent,,1.0,1.0,Fear of separation from parent,Fear of separation from parent,,,,
medmcqa::a48f8ece-9420-439a-8ff9-19093ec0c03f,medmcqa,no_symbols,correctness,True,True,True,True,True,1.0,1.0,Fear of separation from parent,Fear of separation from parent,1.0,1.0,Fear of separation from parent,Fear of separation from parent,False,False,C->C,
medmcqa::aa8da3cd-fdc2-42ef-96f5-9de78597f924,medmcqa,roman_numeral,correctness,True,True,True,True,True,2.0,2.0,Clindamycin,Clindamycin,2.0,2.0,Clindamycin,Clindamycin,False,False,C->C,
medmcqa::aa8da3cd-fdc2-42ef-96f5-9de78597f924,medmcqa,none_of_the_provided,adaptation,True,True,True,True,False,2.0,3.0,Clindamycin,Cephalosporin,2.0,2.0,Clindamycin,None of the provided options,True,True,C->W,failure_to_adapt_chose_distractor
medmcqa::aa8da3cd-fdc2-42ef-96f5-9de78597f924,medmcqa,fixed_pos,correctness,True,True,True,True,False,2.0,2.0,Clindamycin,Cephalosporin,2.0,3.0,Clindamycin,Clindamycin,False,True,C->W,
medmcqa::aa8da3cd-fdc2-42ef-96f5-9de78597f924,medmcqa,incorrect,inversion,True,False,False,True,,2.0,,Clindamycin,,2.0,,Clindamycin,,,,,
medmcqa::aa8da3cd-fdc2-42ef-96f5-9de78597f924,medmcqa,open,open_generation,True,True,True,True,True,2.0,,Clindamycin,Clindamycin,2.0,2.0,Clindamycin,Clindamycin,,False,C->C,
medmcqa::aa8da3cd-fdc2-42ef-96f5-9de78597f924,medmcqa,no_symbols,correctness,True,True,True,True,True,2.0,2.0,Clindamycin,Clindamycin,2.0,2.0,Clindamycin,Clindamycin,False,False,C->C,
medmcqa::ad6af2c6-763f-42f8-bcfb-57752a45b311,medmcqa,roman_numeral,correctness,True,True,True,True,True,3.0,3.0,Neutrophil chemotactic defects or Impaired neutrophil chemotaxis,Neutrophil chemotactic defects or Impaired neutrophil chemotaxis,3.0,3.0,Neutrophil chemotactic defects or Impaired neutrophil chemotaxis,Neutrophil chemotactic defects or Impaired neutrophil chemotaxis,False,False,C->C,
medmcqa::ad6af2c6-763f-42f8-bcfb-57752a45b311,medmcqa,none_of_the_provided,adaptation,True,True,True,True,True,3.0,3.0,Neutrophil chemotactic defects or Impaired neutrophil chemotaxis,None of the provided options,3.0,3.0,Neutrophil chemotactic defects or Impaired neutrophil chemotaxis,None of the provided options,False,True,C->C,successful_adaptation
medmcqa::ad6af2c6-763f-42f8-bcfb-57752a45b311,medmcqa,fixed_pos,correctness,True,True,True,True,True,3.0,3.0,Neutrophil chemotactic defects or Impaired neutrophil chemotaxis,Neutrophil chemotactic defects or Impaired neutrophil chemotaxis,3.0,3.0,Neutrophil chemotactic defects or Impaired neutrophil chemotaxis,Neutrophil chemotactic defects or Impaired neutrophil chemotaxis,False,False,C->C,
medmcqa::ad6af2c6-763f-42f8-bcfb-57752a45b311,medmcqa,incorrect,inversion,True,True,True,True,True,3.0,3.0,Neutrophil chemotactic defects or Impaired neutrophil chemotaxis,Neutrophil chemotactic defects or Impaired neutrophil chemotaxis,3.0,,Neutrophil chemotactic defects or Impaired neutrophil chemotaxis,,False,False,C->C,successful_adaptation
medmcqa::ad6af2c6-763f-42f8-bcfb-57752a45b311,medmcqa,open,open_generation,True,False,False,True,,3.0,,Neutrophil chemotactic defects or Impaired neutrophil chemotaxis,,3.0,3.0,Neutrophil chemotactic defects or Impaired neutrophil chemotaxis,Neutrophil chemotactic defects or Impaired neutrophil chemotaxis,,,,
medmcqa::ad6af2c6-763f-42f8-bcfb-57752a45b311,medmcqa,no_symbols,correctness,True,True,True,True,True,3.0,3.0,Neutrophil chemotactic defects or Impaired neutrophil chemotaxis,Neutrophil chemotactic defects or Impaired neutrophil chemotaxis,3.0,3.0,Neutrophil chemotactic defects or Impaired neutrophil chemotaxis,Neutrophil chemotactic defects or Impaired neutrophil chemotaxis,False,False,C->C,
medmcqa::b4c3fa06-01fe-4c3c-8521-25299a221d43,medmcqa,roman_numeral,correctness,True,True,True,False,False,1.0,1.0,Respiratory rate,Respiratory rate,3.0,3.0,FEV 1,FEV 1,False,False,W->W,
medmcqa::b4c3fa06-01fe-4c3c-8521-25299a221d43,medmcqa,none_of_the_provided,adaptation,True,True,True,False,False,1.0,1.0,Respiratory rate,Respiratory rate,3.0,3.0,FEV 1,None of the provided options,False,False,W->W,failure_to_adapt_kept_same_distractor
medmcqa::b4c3fa06-01fe-4c3c-8521-25299a221d43,medmcqa,fixed_pos,correctness,True,True,True,False,False,1.0,1.0,Respiratory rate,Respiratory rate,3.0,3.0,FEV 1,FEV 1,False,False,W->W,
medmcqa::b4c3fa06-01fe-4c3c-8521-25299a221d43,medmcqa,incorrect,inversion,True,True,True,False,False,1.0,,Respiratory rate,,3.0,,FEV 1,,,,W->W,failure_to_adapt_wrong_set_size
medmcqa::b4c3fa06-01fe-4c3c-8521-25299a221d43,medmcqa,open,open_generation,True,False,False,False,,1.0,,Respiratory rate,,3.0,3.0,FEV 1,FEV 1,,,,
medmcqa::b4c3fa06-01fe-4c3c-8521-25299a221d43,medmcqa,no_symbols,correctness,True,True,True,False,False,1.0,1.0,Respiratory rate,Respiratory rate,3.0,3.0,FEV 1,FEV 1,False,False,W->W,
medmcqa::b5aac757-6fb7-48f0-8179-21ffde466c0d,medmcqa,roman_numeral,correctness,True,True,True,False,False,2.0,2.0,6 mg 24 hourly 2 doses,6 mg 24 hourly 2 doses,3.0,3.0,6 mg 12 hourly 4 doses,6 mg 12 hourly 4 doses,False,False,W->W,
medmcqa::b5aac757-6fb7-48f0-8179-21ffde466c0d,medmcqa,none_of_the_provided,adaptation,True,True,True,False,False,2.0,2.0,6 mg 24 hourly 2 doses,6 mg 24 hourly 2 doses,3.0,3.0,6 mg 12 hourly 4 doses,None of the provided options,False,False,W->W,failure_to_adapt_kept_same_distractor
medmcqa::b5aac757-6fb7-48f0-8179-21ffde466c0d,medmcqa,fixed_pos,correctness,True,True,True,False,False,2.0,2.0,6 mg 24 hourly 2 doses,6 mg 24 hourly 2 doses,3.0,3.0,6 mg 12 hourly 4 doses,6 mg 12 hourly 4 doses,False,False,W->W,
medmcqa::b5aac757-6fb7-48f0-8179-21ffde466c0d,medmcqa,incorrect,inversion,True,True,True,False,False,2.0,,6 mg 24 hourly 2 doses,,3.0,,6 mg 12 hourly 4 doses,,,,W->W,failure_to_adapt_wrong_set_size
medmcqa::b5aac757-6fb7-48f0-8179-21ffde466c0d,medmcqa,open,open_generation,True,False,False,False,,2.0,,6 mg 24 hourly 2 doses,,3.0,3.0,6 mg 12 hourly 4 doses,6 mg 12 hourly 4 doses,,,,
medmcqa::b5aac757-6fb7-48f0-8179-21ffde466c0d,medmcqa,no_symbols,correctness,True,True,True,False,False,2.0,2.0,6 mg 24 hourly 2 doses,6 mg 24 hourly 2 doses,3.0,3.0,6 mg 12 hourly 4 doses,6 mg 12 hourly 4 doses,False,False,W->W,
medmcqa::be9a2669-d3a5-41a7-9b1b-608757751254,medmcqa,roman_numeral,correctness,True,True,True,False,False,0.0,0.0,-2 to -4 degC,-2 to -4 degC,1.0,1.0,2-6 degC,2-6 degC,False,False,W->W,
medmcqa::be9a2669-d3a5-41a7-9b1b-608757751254,medmcqa,none_of_the_provided,adaptation,True,True,True,False,False,0.0,0.0,-2 to -4 degC,-2 to -4 degC,1.0,1.0,2-6 degC,None of the provided options,False,False,W->W,failure_to_adapt_kept_same_distractor
medmcqa::be9a2669-d3a5-41a7-9b1b-608757751254,medmcqa,fixed_pos,correctness,True,True,True,False,False,0.0,0.0,-2 to -4 degC,-2 to -4 degC,1.0,3.0,2-6 degC,2-6 degC,False,False,W->W,
medmcqa::be9a2669-d3a5-41a7-9b1b-608757751254,medmcqa,incorrect,inversion,True,True,True,False,False,0.0,,-2 to -4 degC,,1.0,,2-6 degC,,,,W->W,failure_to_adapt_wrong_set_size
medmcqa::be9a2669-d3a5-41a7-9b1b-608757751254,medmcqa,open,open_generation,True,False,False,False,,0.0,,-2 to -4 degC,,1.0,1.0,2-6 degC,2-6 degC,,,,
medmcqa::be9a2669-d3a5-41a7-9b1b-608757751254,medmcqa,no_symbols,correctness,True,True,True,False,False,0.0,0.0,-2 to -4 degC,-2 to -4 degC,1.0,1.0,2-6 degC,2-6 degC,False,False,W->W,
medmcqa::bfe1f29e-4880-4b0b-bc9e-c9b96f580f47,medmcqa,roman_numeral,correctness,True,True,True,True,True,2.0,2.0,Tendency of 1st premolar to rotate,Tendency of 1st premolar to rotate,2.0,2.0,Tendency of 1st premolar to rotate,Tendency of 1st premolar to rotate,False,False,C->C,
medmcqa::bfe1f29e-4880-4b0b-bc9e-c9b96f580f47,medmcqa,none_of_the_provided,adaptation,True,True,True,True,False,2.0,3.0,Tendency of 1st premolar to rotate,Tendency of 1st premolar to intrude,2.0,2.0,Tendency of 1st premolar to rotate,None of the provided options,True,True,C->W,failure_to_adapt_chose_distractor
medmcqa::bfe1f29e-4880-4b0b-bc9e-c9b96f580f47,medmcqa,fixed_pos,correctness,True,True,True,True,False,2.0,2.0,Tendency of 1st premolar to rotate,Tendency of 1st premolar to intrude,2.0,3.0,Tendency of 1st premolar to rotate,Tendency of 1st premolar to rotate,False,True,C->W,
medmcqa::bfe1f29e-4880-4b0b-bc9e-c9b96f580f47,medmcqa,incorrect,inversion,True,True,True,True,False,2.0,,Tendency of 1st premolar to rotate,,2.0,,Tendency of 1st premolar to rotate,,,,C->W,failure_to_adapt_wrong_set_size
medmcqa::bfe1f29e-4880-4b0b-bc9e-c9b96f580f47,medmcqa,open,open_generation,True,False,False,True,,2.0,,Tendency of 1st premolar to rotate,,2.0,2.0,Tendency of 1st premolar to rotate,Tendency of 1st premolar to rotate,,,,
medmcqa::bfe1f29e-4880-4b0b-bc9e-c9b96f580f47,medmcqa,no_symbols,correctness,True,True,True,True,True,2.0,2.0,Tendency of 1st premolar to rotate,Tendency of 1st premolar to rotate,2.0,2.0,Tendency of 1st premolar to rotate,Tendency of 1st premolar to rotate,False,False,C->C,
medmcqa::c34c9996-5391-4655-9249-948fe2cb0d2b,medmcqa,roman_numeral,correctness,True,True,True,False,False,1.0,1.0,Phenylephrine,Phenylephrine,0.0,0.0,Ephedrine,Ephedrine,False,False,W->W,
medmcqa::c34c9996-5391-4655-9249-948fe2cb0d2b,medmcqa,none_of_the_provided,adaptation,True,True,True,False,False,1.0,1.0,Phenylephrine,Phenylephrine,0.0,0.0,Ephedrine,None of the provided options,False,False,W->W,failure_to_adapt_kept_same_distractor
medmcqa::c34c9996-5391-4655-9249-948fe2cb0d2b,medmcqa,fixed_pos,correctness,True,True,True,False,False,1.0,1.0,Phenylephrine,Phenylephrine,0.0,3.0,Ephedrine,Ephedrine,False,False,W->W,
medmcqa::c34c9996-5391-4655-9249-948fe2cb0d2b,medmcqa,incorrect,inversion,True,True,True,False,False,1.0,,Phenylephrine,,0.0,,Ephedrine,,,,W->W,failure_to_adapt_wrong_set_size
medmcqa::c34c9996-5391-4655-9249-948fe2cb0d2b,medmcqa,open,open_generation,True,False,False,False,,1.0,,Phenylephrine,,0.0,0.0,Ephedrine,Ephedrine,,,,
medmcqa::c34c9996-5391-4655-9249-948fe2cb0d2b,medmcqa,no_symbols,correctness,True,True,True,False,False,1.0,1.0,Phenylephrine,Phenylephrine,0.0,0.0,Ephedrine,Ephedrine,False,False,W->W,
medmcqa::c3b4d610-571b-4e86-be27-d41b8b2efc65,medmcqa,roman_numeral,correctness,True,True,True,True,True,2.0,2.0,Volume of distribution,Volume of distribution,2.0,2.0,Volume of distribution,Volume of distribution,False,False,C->C,
medmcqa::c3b4d610-571b-4e86-be27-d41b8b2efc65,medmcqa,none_of_the_provided,adaptation,True,True,True,True,False,2.0,1.0,Volume of distribution,Clearance,2.0,2.0,Volume of distribution,None of the provided options,True,True,C->W,failure_to_adapt_chose_distractor
medmcqa::c3b4d610-571b-4e86-be27-d41b8b2efc65,medmcqa,fixed_pos,correctness,True,True,True,True,True,2.0,3.0,Volume of distribution,Volume of distribution,2.0,3.0,Volume of distribution,Volume of distribution,True,False,C->C,
medmcqa::c3b4d610-571b-4e86-be27-d41b8b2efc65,medmcqa,incorrect,inversion,True,True,True,True,False,2.0,,Volume of distribution,,2.0,,Volume of distribution,,,,C->W,failure_to_adapt_wrong_set_size
medmcqa::c3b4d610-571b-4e86-be27-d41b8b2efc65,medmcqa,open,open_generation,True,False,False,True,,2.0,,Volume of distribution,,2.0,2.0,Volume of distribution,Volume of distribution,,,,
medmcqa::c3b4d610-571b-4e86-be27-d41b8b2efc65,medmcqa,no_symbols,correctness,True,True,True,True,True,2.0,2.0,Volume of distribution,Volume of distribution,2.0,2.0,Volume of distribution,Volume of distribution,False,False,C->C,
medmcqa::c48fcdd2-948f-41e7-a457-56f42646cc60,medmcqa,roman_numeral,correctness,True,True,True,True,False,0.0,2.0,Lingual artery,Inferior alveolar artery,0.0,0.0,Lingual artery,Lingual artery,True,True,C->W,
medmcqa::c48fcdd2-948f-41e7-a457-56f42646cc60,medmcqa,none_of_the_provided,adaptation,True,True,True,True,False,0.0,1.0,Lingual artery,Maxillary artery,0.0,0.0,Lingual artery,None of the provided options,True,True,C->W,failure_to_adapt_chose_distractor
medmcqa::c48fcdd2-948f-41e7-a457-56f42646cc60,medmcqa,fixed_pos,correctness,True,True,True,True,False,0.0,0.0,Lingual artery,Facial artery,0.0,3.0,Lingual artery,Lingual artery,False,True,C->W,
medmcqa::c48fcdd2-948f-41e7-a457-56f42646cc60,medmcqa,incorrect,inversion,True,True,True,True,False,0.0,3.0,Lingual artery,Facial artery,0.0,,Lingual artery,,True,True,C->W,failure_to_adapt_included_gold
medmcqa::c48fcdd2-948f-41e7-a457-56f42646cc60,medmcqa,open,open_generation,True,False,False,True,,0.0,,Lingual artery,,0.0,0.0,Lingual artery,Lingual artery,,,,
medmcqa::c48fcdd2-948f-41e7-a457-56f42646cc60,medmcqa,no_symbols,correctness,True,True,True,True,False,0.0,3.0,Lingual artery,Facial artery,0.0,0.0,Lingual artery,Lingual artery,True,True,C->W,
medmcqa::c5065606-5cbb-4adc-85a7-f7e14bf4a75e,medmcqa,roman_numeral,correctness,True,True,True,False,False,3.0,3.0,An active process involving hydrolysis of ATP,An active process involving hydrolysis of ATP,0.0,0.0,Lateral movement of proteins,Lateral movement of proteins,False,False,W->W,
medmcqa::c5065606-5cbb-4adc-85a7-f7e14bf4a75e,medmcqa,none_of_the_provided,adaptation,True,True,True,False,False,3.0,3.0,An active process involving hydrolysis of ATP,An active process involving hydrolysis of ATP,0.0,0.0,Lateral movement of proteins,None of the provided options,False,False,W->W,failure_to_adapt_kept_same_distractor
medmcqa::c5065606-5cbb-4adc-85a7-f7e14bf4a75e,medmcqa,fixed_pos,correctness,True,True,True,False,False,3.0,0.0,An active process involving hydrolysis of ATP,An active process involving hydrolysis of ATP,0.0,3.0,Lateral movement of proteins,Lateral movement of proteins,True,False,W->W,
medmcqa::c5065606-5cbb-4adc-85a7-f7e14bf4a75e,medmcqa,incorrect,inversion,True,True,True,False,False,3.0,3.0,An active process involving hydrolysis of ATP,An active process involving hydrolysis of ATP,0.0,,Lateral movement of proteins,,False,False,W->W,failure_to_adapt_included_gold
medmcqa::c5065606-5cbb-4adc-85a7-f7e14bf4a75e,medmcqa,open,open_generation,True,False,False,False,,3.0,,An active process involving hydrolysis of ATP,,0.0,0.0,Lateral movement of proteins,Lateral movement of proteins,,,,
medmcqa::c5065606-5cbb-4adc-85a7-f7e14bf4a75e,medmcqa,no_symbols,correctness,True,True,True,False,False,3.0,1.0,An active process involving hydrolysis of ATP,Enzyme catalysed process,0.0,0.0,Lateral movement of proteins,Lateral movement of proteins,True,True,W->W,
medmcqa::d0b610ce-0221-413d-8d59-aca1b5a1a254,medmcqa,roman_numeral,correctness,True,True,True,True,True,0.0,0.0,Extrinsic,Extrinsic,0.0,0.0,Extrinsic,Extrinsic,False,False,C->C,
medmcqa::d0b610ce-0221-413d-8d59-aca1b5a1a254,medmcqa,none_of_the_provided,adaptation,True,True,True,True,False,0.0,3.0,Extrinsic,Common,0.0,0.0,Extrinsic,None of the provided options,True,True,C->W,failure_to_adapt_chose_distractor
medmcqa::d0b610ce-0221-413d-8d59-aca1b5a1a254,medmcqa,fixed_pos,correctness,True,True,True,True,True,0.0,3.0,Extrinsic,Extrinsic,0.0,3.0,Extrinsic,Extrinsic,True,False,C->C,
medmcqa::d0b610ce-0221-413d-8d59-aca1b5a1a254,medmcqa,incorrect,inversion,True,True,True,True,True,0.0,0.0,Extrinsic,Extrinsic,0.0,,Extrinsic,,False,False,C->C,successful_adaptation
medmcqa::d0b610ce-0221-413d-8d59-aca1b5a1a254,medmcqa,open,open_generation,True,True,True,True,True,0.0,,Extrinsic,Extrinsic,0.0,0.0,Extrinsic,Extrinsic,,False,C->C,
medmcqa::d0b610ce-0221-413d-8d59-aca1b5a1a254,medmcqa,no_symbols,correctness,True,True,True,True,True,0.0,0.0,Extrinsic,Extrinsic,0.0,0.0,Extrinsic,Extrinsic,False,False,C->C,
medmcqa::e3b365b5-231a-4439-900a-c2cd741266a1,medmcqa,roman_numeral,correctness,True,True,True,True,False,0.0,2.0,Deep branch of ulnar nerve,Radial nerve,0.0,0.0,Deep branch of ulnar nerve,Deep branch of ulnar nerve,True,True,C->W,
medmcqa::e3b365b5-231a-4439-900a-c2cd741266a1,medmcqa,none_of_the_provided,adaptation,True,True,True,True,False,0.0,1.0,Deep branch of ulnar nerve,Median nerve,0.0,0.0,Deep branch of ulnar nerve,None of the provided options,True,True,C->W,failure_to_adapt_chose_distractor
medmcqa::e3b365b5-231a-4439-900a-c2cd741266a1,medmcqa,fixed_pos,correctness,True,True,True,True,False,0.0,1.0,Deep branch of ulnar nerve,Median nerve,0.0,3.0,Deep branch of ulnar nerve,Deep branch of ulnar nerve,True,True,C->W,
medmcqa::e3b365b5-231a-4439-900a-c2cd741266a1,medmcqa,incorrect,inversion,True,True,True,True,False,0.0,,Deep branch of ulnar nerve,,0.0,,Deep branch of ulnar nerve,,,,C->W,failure_to_adapt_wrong_set_size
medmcqa::e3b365b5-231a-4439-900a-c2cd741266a1,medmcqa,open,open_generation,True,False,False,True,,0.0,,Deep branch of ulnar nerve,,0.0,0.0,Deep branch of ulnar nerve,Deep branch of ulnar nerve,,,,
medmcqa::e3b365b5-231a-4439-900a-c2cd741266a1,medmcqa,no_symbols,correctness,True,True,True,True,False,0.0,,Deep branch of ulnar nerve,,0.0,0.0,Deep branch of ulnar nerve,Deep branch of ulnar nerve,,,C->W,
medmcqa::e6189f82-de06-4469-b26b-1fab6e72fab8,medmcqa,roman_numeral,correctness,True,True,True,True,True,0.0,0.0,Takotsubo cardiomyopathy,Takotsubo cardiomyopathy,0.0,0.0,Takotsubo cardiomyopathy,Takotsubo cardiomyopathy,False,False,C->C,
medmcqa::e6189f82-de06-4469-b26b-1fab6e72fab8,medmcqa,none_of_the_provided,adaptation,True,True,True,True,False,0.0,2.0,Takotsubo cardiomyopathy,Arhmogenic right ventricle dysplasia,0.0,0.0,Takotsubo cardiomyopathy,None of the provided options,True,True,C->W,failure_to_adapt_chose_distractor
medmcqa::e6189f82-de06-4469-b26b-1fab6e72fab8,medmcqa,fixed_pos,correctness,True,True,True,True,True,0.0,3.0,Takotsubo cardiomyopathy,Takotsubo cardiomyopathy,0.0,3.0,Takotsubo cardiomyopathy,Takotsubo cardiomyopathy,True,False,C->C,
medmcqa::e6189f82-de06-4469-b26b-1fab6e72fab8,medmcqa,incorrect,inversion,True,True,True,True,True,0.0,0.0,Takotsubo cardiomyopathy,Takotsubo cardiomyopathy,0.0,,Takotsubo cardiomyopathy,,False,False,C->C,successful_adaptation
medmcqa::e6189f82-de06-4469-b26b-1fab6e72fab8,medmcqa,open,open_generation,True,False,False,True,,0.0,,Takotsubo cardiomyopathy,,0.0,0.0,Takotsubo cardiomyopathy,Takotsubo cardiomyopathy,,,,
medmcqa::e6189f82-de06-4469-b26b-1fab6e72fab8,medmcqa,no_symbols,correctness,True,True,True,True,True,0.0,0.0,Takotsubo cardiomyopathy,Takotsubo cardiomyopathy,0.0,0.0,Takotsubo cardiomyopathy,Takotsubo cardiomyopathy,False,False,C->C,
medmcqa::e7fa6148-7a14-4133-a1d3-c443b970c349,medmcqa,roman_numeral,correctness,True,True,True,False,True,1.0,2.0,Maxillary 1st molar,Mandibular 1st premolar,2.0,2.0,Mandibular 1st premolar,Mandibular 1st premolar,True,True,W->C,
medmcqa::e7fa6148-7a14-4133-a1d3-c443b970c349,medmcqa,none_of_the_provided,adaptation,True,True,True,False,False,1.0,1.0,Maxillary 1st molar,Maxillary 1st molar,2.0,2.0,Mandibular 1st premolar,None of the provided options,False,False,W->W,failure_to_adapt_kept_same_distractor
medmcqa::e7fa6148-7a14-4133-a1d3-c443b970c349,medmcqa,fixed_pos,correctness,True,True,True,False,False,1.0,1.0,Maxillary 1st molar,Maxillary 1st molar,2.0,3.0,Mandibular 1st premolar,Mandibular 1st premolar,False,False,W->W,
medmcqa::e7fa6148-7a14-4133-a1d3-c443b970c349,medmcqa,incorrect,inversion,True,True,True,False,True,1.0,2.0,Maxillary 1st molar,Mandibular 1st premolar,2.0,,Mandibular 1st premolar,,True,True,W->C,successful_adaptation
medmcqa::e7fa6148-7a14-4133-a1d3-c443b970c349,medmcqa,open,open_generation,True,False,False,False,,1.0,,Maxillary 1st molar,,2.0,2.0,Mandibular 1st premolar,Mandibular 1st premolar,,,,
medmcqa::e7fa6148-7a14-4133-a1d3-c443b970c349,medmcqa,no_symbols,correctness,True,True,True,False,False,1.0,1.0,Maxillary 1st molar,Maxillary 1st molar,2.0,2.0,Mandibular 1st premolar,Mandibular 1st premolar,False,False,W->W,
medmcqa::e803c024-5cd2-48f7-a3d1-c72f5e1563a6,medmcqa,roman_numeral,correctness,True,True,True,False,True,3.0,2.0,Descending loop of Henle,Ascending thick loop Henle,2.0,2.0,Ascending thick loop Henle,Ascending thick loop Henle,True,True,W->C,
medmcqa::e803c024-5cd2-48f7-a3d1-c72f5e1563a6,medmcqa,none_of_the_provided,adaptation,True,True,True,False,False,3.0,3.0,Descending loop of Henle,Descending loop of Henle,2.0,2.0,Ascending thick loop Henle,None of the provided options,False,False,W->W,failure_to_adapt_kept_same_distractor
medmcqa::e803c024-5cd2-48f7-a3d1-c72f5e1563a6,medmcqa,fixed_pos,correctness,True,True,True,False,True,3.0,3.0,Descending loop of Henle,Ascending thick loop Henle,2.0,3.0,Ascending thick loop Henle,Ascending thick loop Henle,False,True,W->C,
medmcqa::e803c024-5cd2-48f7-a3d1-c72f5e1563a6,medmcqa,incorrect,inversion,True,True,True,False,False,3.0,3.0,Descending loop of Henle,Descending loop of Henle,2.0,,Ascending thick loop Henle,,False,False,W->W,failure_to_adapt_included_gold
medmcqa::e803c024-5cd2-48f7-a3d1-c72f5e1563a6,medmcqa,open,open_generation,True,True,True,False,False,3.0,,Descending loop of Henle,Collecting duct,2.0,2.0,Ascending thick loop Henle,Ascending thick loop Henle,,True,W->W,
medmcqa::e803c024-5cd2-48f7-a3d1-c72f5e1563a6,medmcqa,no_symbols,correctness,True,True,True,False,False,3.0,,Descending loop of Henle,,2.0,2.0,Ascending thick loop Henle,Ascending thick loop Henle,,,W->W,
medmcqa::eab9d801-7f73-4ea9-92e9-2c7077db5e14,medmcqa,roman_numeral,correctness,True,True,True,True,False,1.0,2.0,Adams clasp,Jacksons clasp,1.0,1.0,Adams clasp,Adams clasp,True,True,C->W,
medmcqa::eab9d801-7f73-4ea9-92e9-2c7077db5e14,medmcqa,none_of_the_provided,adaptation,True,True,True,True,False,1.0,2.0,Adams clasp,Jacksons clasp,1.0,1.0,Adams clasp,None of the provided options,True,True,C->W,failure_to_adapt_chose_distractor
medmcqa::eab9d801-7f73-4ea9-92e9-2c7077db5e14,medmcqa,fixed_pos,correctness,True,True,True,True,False,1.0,0.0,Adams clasp,Circumferential clasp,1.0,3.0,Adams clasp,Adams clasp,True,True,C->W,
medmcqa::eab9d801-7f73-4ea9-92e9-2c7077db5e14,medmcqa,incorrect,inversion,True,True,True,True,False,1.0,3.0,Adams clasp,South end clasp,1.0,,Adams clasp,,True,True,C->W,failure_to_adapt_included_gold
medmcqa::eab9d801-7f73-4ea9-92e9-2c7077db5e14,medmcqa,open,open_generation,True,False,False,True,,1.0,,Adams clasp,,1.0,1.0,Adams clasp,Adams clasp,,,,
medmcqa::eab9d801-7f73-4ea9-92e9-2c7077db5e14,medmcqa,no_symbols,correctness,True,True,True,True,False,1.0,3.0,Adams clasp,South end clasp,1.0,1.0,Adams clasp,Adams clasp,True,True,C->W,
medmcqa::ee5e4f25-9cee-48ea-b4aa-b631162d4543,medmcqa,roman_numeral,correctness,True,True,True,False,True,0.0,2.0,Oligospermia,Asthenozoospermia,2.0,2.0,Asthenozoospermia,Asthenozoospermia,True,True,W->C,
medmcqa::ee5e4f25-9cee-48ea-b4aa-b631162d4543,medmcqa,none_of_the_provided,adaptation,True,True,True,False,False,0.0,0.0,Oligospermia,Oligospermia,2.0,2.0,Asthenozoospermia,None of the provided options,False,False,W->W,failure_to_adapt_kept_same_distractor
medmcqa::ee5e4f25-9cee-48ea-b4aa-b631162d4543,medmcqa,fixed_pos,correctness,True,True,True,False,False,0.0,0.0,Oligospermia,Oligospermia,2.0,3.0,Asthenozoospermia,Asthenozoospermia,False,False,W->W,
medmcqa::ee5e4f25-9cee-48ea-b4aa-b631162d4543,medmcqa,incorrect,inversion,True,True,True,False,False,0.0,,Oligospermia,,2.0,,Asthenozoospermia,,,,W->W,failure_to_adapt_wrong_set_size
medmcqa::ee5e4f25-9cee-48ea-b4aa-b631162d4543,medmcqa,open,open_generation,True,False,False,False,,0.0,,Oligospermia,,2.0,2.0,Asthenozoospermia,Asthenozoospermia,,,,
medmcqa::ee5e4f25-9cee-48ea-b4aa-b631162d4543,medmcqa,no_symbols,correctness,True,True,True,False,True,0.0,2.0,Oligospermia,Asthenozoospermia,2.0,2.0,Asthenozoospermia,Asthenozoospermia,True,True,W->C,
medmcqa::eee44fc5-ad97-4eaa-9720-02f6096eece5,medmcqa,roman_numeral,correctness,True,True,True,False,False,1.0,1.0,At the time of surgery,At the time of surgery,3.0,3.0,6 month before surgery,6 month before surgery,False,False,W->W,
medmcqa::eee44fc5-ad97-4eaa-9720-02f6096eece5,medmcqa,none_of_the_provided,adaptation,True,True,True,False,False,1.0,1.0,At the time of surgery,At the time of surgery,3.0,3.0,6 month before surgery,None of the provided options,False,False,W->W,failure_to_adapt_kept_same_distractor
medmcqa::eee44fc5-ad97-4eaa-9720-02f6096eece5,medmcqa,fixed_pos,correctness,True,True,True,False,False,1.0,1.0,At the time of surgery,At the time of surgery,3.0,3.0,6 month before surgery,6 month before surgery,False,False,W->W,
medmcqa::eee44fc5-ad97-4eaa-9720-02f6096eece5,medmcqa,incorrect,inversion,True,True,True,False,False,1.0,1.0,At the time of surgery,At the time of surgery,3.0,,6 month before surgery,,False,False,W->W,failure_to_adapt_included_gold
medmcqa::eee44fc5-ad97-4eaa-9720-02f6096eece5,medmcqa,open,open_generation,True,False,False,False,,1.0,,At the time of surgery,,3.0,3.0,6 month before surgery,6 month before surgery,,,,
medmcqa::eee44fc5-ad97-4eaa-9720-02f6096eece5,medmcqa,no_symbols,correctness,True,True,True,False,False,1.0,1.0,At the time of surgery,At the time of surgery,3.0,3.0,6 month before surgery,6 month before surgery,False,False,W->W,
medmcqa::f6629c78-7a28-4abb-a0ff-98789fbe04da,medmcqa,roman_numeral,correctness,True,True,True,False,False,2.0,2.0,20 times,20 times,0.0,0.0,5 times,5 times,False,False,W->W,
medmcqa::f6629c78-7a28-4abb-a0ff-98789fbe04da,medmcqa,none_of_the_provided,adaptation,True,True,True,False,False,2.0,2.0,20 times,20 times,0.0,0.0,5 times,None of the provided options,False,False,W->W,failure_to_adapt_kept_same_distractor
medmcqa::f6629c78-7a28-4abb-a0ff-98789fbe04da,medmcqa,fixed_pos,correctness,True,True,True,False,False,2.0,2.0,20 times,20 times,0.0,3.0,5 times,5 times,False,False,W->W,
medmcqa::f6629c78-7a28-4abb-a0ff-98789fbe04da,medmcqa,incorrect,inversion,True,True,True,False,False,2.0,2.0,20 times,20 times,0.0,,5 times,,False,False,W->W,failure_to_adapt_included_gold
medmcqa::f6629c78-7a28-4abb-a0ff-98789fbe04da,medmcqa,open,open_generation,True,False,False,False,,2.0,,20 times,,0.0,0.0,5 times,5 times,,,,
medmcqa::f6629c78-7a28-4abb-a0ff-98789fbe04da,medmcqa,no_symbols,correctness,True,True,True,False,False,2.0,1.0,20 times,10 times,0.0,0.0,5 times,5 times,True,True,W->W,
medmcqa::fe12f221-b75a-4418-b14d-642a0d3b8289,medmcqa,roman_numeral,correctness,True,True,True,False,True,1.0,2.0,Class II div 1,Class II div 2,2.0,2.0,Class II div 2,Class II div 2,True,True,W->C,
medmcqa::fe12f221-b75a-4418-b14d-642a0d3b8289,medmcqa,none_of_the_provided,adaptation,True,True,True,False,False,1.0,1.0,Class II div 1,Class II div 1,2.0,2.0,Class II div 2,None of the provided options,False,False,W->W,failure_to_adapt_kept_same_distractor
medmcqa::fe12f221-b75a-4418-b14d-642a0d3b8289,medmcqa,fixed_pos,correctness,True,True,True,False,False,1.0,1.0,Class II div 1,Class II div 1,2.0,3.0,Class II div 2,Class II div 2,False,False,W->W,
medmcqa::fe12f221-b75a-4418-b14d-642a0d3b8289,medmcqa,incorrect,inversion,True,True,True,False,False,1.0,3.0,Class II div 1,Class III,2.0,,Class II div 2,,True,True,W->W,failure_to_adapt_included_gold
medmcqa::fe12f221-b75a-4418-b14d-642a0d3b8289,medmcqa,open,open_generation,True,False,False,False,,1.0,,Class II div 1,,2.0,2.0,Class II div 2,Class II div 2,,,,
medmcqa::fe12f221-b75a-4418-b14d-642a0d3b8289,medmcqa,no_symbols,correctness,True,True,True,False,False,1.0,1.0,Class II div 1,Class II div 1,2.0,2.0,Class II div 2,Class II div 2,False,False,W->W,
medqa::0014,medqa,roman_numeral,correctness,True,True,True,False,False,1.0,3.0,Human immunodeficiency virus,Vaccinia virus,2.0,2.0,Rotavirus,Rotavirus,True,True,W->W,
medqa::0014,medqa,none_of_the_provided,adaptation,True,True,True,False,False,1.0,3.0,Human immunodeficiency virus,Vaccinia virus,2.0,2.0,Rotavirus,None of the provided options,True,True,W->W,failure_to_adapt_chose_distractor
medqa::0014,medqa,fixed_pos,correctness,True,True,True,False,False,1.0,1.0,Human immunodeficiency virus,Human immunodeficiency virus,2.0,3.0,Rotavirus,Rotavirus,False,False,W->W,
medqa::0014,medqa,incorrect,inversion,True,True,True,False,False,1.0,1.0,Human immunodeficiency virus,Human immunodeficiency virus,2.0,,Rotavirus,,False,False,W->W,failure_to_adapt_included_gold
medqa::0014,medqa,open,open_generation,True,False,False,False,,1.0,,Human immunodeficiency virus,,2.0,2.0,Rotavirus,Rotavirus,,,,
medqa::0014,medqa,no_symbols,correctness,True,True,True,False,False,1.0,1.0,Human immunodeficiency virus,Human immunodeficiency virus,2.0,2.0,Rotavirus,Rotavirus,False,False,W->W,
medqa::0053,medqa,roman_numeral,correctness,True,True,True,True,True,2.0,2.0,Atropine,Atropine,2.0,2.0,Atropine,Atropine,False,False,C->C,
medqa::0053,medqa,none_of_the_provided,adaptation,True,True,True,True,False,2.0,1.0,Atropine,Metoclopramide,2.0,2.0,Atropine,None of the provided options,True,True,C->W,failure_to_adapt_chose_distractor
medqa::0053,medqa,fixed_pos,correctness,True,True,True,True,False,2.0,1.0,Atropine,Metoclopramide,2.0,3.0,Atropine,Atropine,True,True,C->W,
medqa::0053,medqa,incorrect,inversion,True,True,True,True,False,2.0,0.0,Atropine,Bethanechol,2.0,,Atropine,,True,True,C->W,failure_to_adapt_included_gold
medqa::0053,medqa,open,open_generation,True,False,False,True,,2.0,,Atropine,,2.0,2.0,Atropine,Atropine,,,,
medqa::0053,medqa,no_symbols,correctness,True,True,True,True,False,2.0,1.0,Atropine,Metoclopramide,2.0,2.0,Atropine,Atropine,True,True,C->W,
medqa::0056,medqa,roman_numeral,correctness,True,True,True,True,True,2.0,2.0,Gynecomastia,Gynecomastia,2.0,2.0,Gynecomastia,Gynecomastia,False,False,C->C,
medqa::0056,medqa,none_of_the_provided,adaptation,True,True,True,True,False,2.0,0.0,Gynecomastia,Agranulocytosis,2.0,2.0,Gynecomastia,None of the provided options,True,True,C->W,failure_to_adapt_chose_distractor
medqa::0056,medqa,fixed_pos,correctness,True,True,True,True,False,2.0,0.0,Gynecomastia,Agranulocytosis,2.0,3.0,Gynecomastia,Gynecomastia,True,True,C->W,
medqa::0056,medqa,incorrect,inversion,True,True,True,True,True,2.0,2.0,Gynecomastia,Gynecomastia,2.0,,Gynecomastia,,False,False,C->C,successful_adaptation
medqa::0056,medqa,open,open_generation,True,False,False,True,,2.0,,Gynecomastia,,2.0,2.0,Gynecomastia,Gynecomastia,,,,
medqa::0056,medqa,no_symbols,correctness,True,True,True,True,True,2.0,2.0,Gynecomastia,Gynecomastia,2.0,2.0,Gynecomastia,Gynecomastia,False,False,C->C,
medqa::0063,medqa,roman_numeral,correctness,True,True,True,False,False,2.0,2.0,Digital rectal exam,Digital rectal exam,0.0,0.0,Insert a ‘straight cath’ into the patient’s bladder,Insert a ‘straight cath’ into the patient’s bladder,False,False,W->W,
medqa::0063,medqa,none_of_the_provided,adaptation,True,True,True,False,False,2.0,2.0,Digital rectal exam,Digital rectal exam,0.0,0.0,Insert a ‘straight cath’ into the patient’s bladder,None of the provided options,False,False,W->W,failure_to_adapt_kept_same_distractor
medqa::0063,medqa,fixed_pos,correctness,True,True,True,False,False,2.0,2.0,Digital rectal exam,Digital rectal exam,0.0,3.0,Insert a ‘straight cath’ into the patient’s bladder,Insert a ‘straight cath’ into the patient’s bladder,False,False,W->W,
medqa::0063,medqa,incorrect,inversion,True,True,True,False,False,2.0,2.0,Digital rectal exam,Digital rectal exam,0.0,,Insert a ‘straight cath’ into the patient’s bladder,,False,False,W->W,failure_to_adapt_included_gold
medqa::0063,medqa,open,open_generation,True,False,False,False,,2.0,,Digital rectal exam,,0.0,0.0,Insert a ‘straight cath’ into the patient’s bladder,Insert a ‘straight cath’ into the patient’s bladder,,,,
medqa::0063,medqa,no_symbols,correctness,True,True,True,False,False,2.0,2.0,Digital rectal exam,Digital rectal exam,0.0,0.0,Insert a ‘straight cath’ into the patient’s bladder,Insert a ‘straight cath’ into the patient’s bladder,False,False,W->W,
medqa::0067,medqa,roman_numeral,correctness,True,True,True,True,True,1.0,1.0,Transplacental passage of TSH receptor antibodies,Transplacental passage of TSH receptor antibodies,1.0,1.0,Transplacental passage of TSH receptor antibodies,Transplacental passage of TSH receptor antibodies,False,False,C->C,
medqa::0067,medqa,none_of_the_provided,adaptation,True,True,True,True,False,1.0,0.0,Transplacental passage of TSH receptor antibodies,Transplacental passage of thyroid peroxidase antibodies,1.0,1.0,Transplacental passage of TSH receptor antibodies,None of the provided options,True,True,C->W,failure_to_adapt_chose_distractor
medqa::0067,medqa,fixed_pos,correctness,True,True,True,True,True,1.0,3.0,Transplacental passage of TSH receptor antibodies,Transplacental passage of TSH receptor antibodies,1.0,3.0,Transplacental passage of TSH receptor antibodies,Transplacental passage of TSH receptor antibodies,True,False,C->C,
medqa::0067,medqa,incorrect,inversion,True,True,True,True,False,1.0,3.0,Transplacental passage of TSH receptor antibodies,Opiate use in the mother,1.0,,Transplacental passage of TSH receptor antibodies,,True,True,C->W,failure_to_adapt_included_gold
medqa::0067,medqa,open,open_generation,True,False,False,True,,1.0,,Transplacental passage of TSH receptor antibodies,,1.0,1.0,Transplacental passage of TSH receptor antibodies,Transplacental passage of TSH receptor antibodies,,,,
medqa::0067,medqa,no_symbols,correctness,True,True,True,True,False,1.0,0.0,Transplacental passage of TSH receptor antibodies,Transplacental passage of thyroid peroxidase antibodies,1.0,1.0,Transplacental passage of TSH receptor antibodies,Transplacental passage of TSH receptor antibodies,True,True,C->W,
medqa::0090,medqa,roman_numeral,correctness,True,True,True,False,False,2.0,2.0,Dog feces,Dog feces,3.0,3.0,Freshwater snails,Freshwater snails,False,False,W->W,
medqa::0090,medqa,none_of_the_provided,adaptation,True,True,True,False,False,2.0,2.0,Dog feces,Dog feces,3.0,3.0,Freshwater snails,None of the provided options,False,False,W->W,failure_to_adapt_kept_same_distractor
medqa::0090,medqa,fixed_pos,correctness,True,True,True,False,False,2.0,2.0,Dog feces,Dog feces,3.0,3.0,Freshwater snails,Freshwater snails,False,False,W->W,
medqa::0090,medqa,incorrect,inversion,True,True,True,False,False,2.0,2.0,Dog feces,Dog feces,3.0,,Freshwater snails,,False,False,W->W,failure_to_adapt_included_gold
medqa::0090,medqa,open,open_generation,True,False,False,False,,2.0,,Dog feces,,3.0,3.0,Freshwater snails,Freshwater snails,,,,
medqa::0090,medqa,no_symbols,correctness,True,True,True,False,False,2.0,0.0,Dog feces,Undercooked pork meat,3.0,3.0,Freshwater snails,Freshwater snails,True,True,W->W,
medqa::0095,medqa,roman_numeral,correctness,True,True,True,False,False,2.0,2.0,Liver function tests,Liver function tests,3.0,3.0,MR angiography of the brain,MR angiography of the brain,False,False,W->W,
medqa::0095,medqa,none_of_the_provided,adaptation,True,True,True,False,True,2.0,3.0,Liver function tests,None of the provided options,3.0,3.0,MR angiography of the brain,None of the provided options,True,True,W->C,successful_adaptation
medqa::0095,medqa,fixed_pos,correctness,True,True,True,False,False,2.0,2.0,Liver function tests,Liver function tests,3.0,3.0,MR angiography of the brain,MR angiography of the brain,False,False,W->W,
medqa::0095,medqa,incorrect,inversion,True,True,True,False,False,2.0,,Liver function tests,,3.0,,MR angiography of the brain,,,,W->W,failure_to_adapt_wrong_set_size
medqa::0095,medqa,open,open_generation,True,False,False,False,,2.0,,Liver function tests,,3.0,3.0,MR angiography of the brain,MR angiography of the brain,,,,
medqa::0095,medqa,no_symbols,correctness,True,True,True,False,True,2.0,3.0,Liver function tests,MR angiography of the brain,3.0,3.0,MR angiography of the brain,MR angiography of the brain,True,True,W->C,
medqa::0117,medqa,roman_numeral,correctness,True,True,True,False,True,0.0,2.0,Acyclovir,Metformin,2.0,2.0,Metformin,Metformin,True,True,W->C,
medqa::0117,medqa,none_of_the_provided,adaptation,True,True,True,False,False,0.0,0.0,Acyclovir,Acyclovir,2.0,2.0,Metformin,None of the provided options,False,False,W->W,failure_to_adapt_kept_same_distractor
medqa::0117,medqa,fixed_pos,correctness,True,True,True,False,False,0.0,0.0,Acyclovir,Acyclovir,2.0,3.0,Metformin,Metformin,False,False,W->W,
medqa::0117,medqa,incorrect,inversion,True,True,True,False,False,0.0,,Acyclovir,,2.0,,Metformin,,,,W->W,failure_to_adapt_wrong_set_size
medqa::0117,medqa,open,open_generation,True,False,False,False,,0.0,,Acyclovir,,2.0,2.0,Metformin,Metformin,,,,
medqa::0117,medqa,no_symbols,correctness,True,True,True,False,False,0.0,0.0,Acyclovir,Acyclovir,2.0,2.0,Metformin,Metformin,False,False,W->W,
medqa::0146,medqa,roman_numeral,correctness,True,True,True,False,False,3.0,3.0,Tumor arising from epidermal keratinocytes,Tumor arising from epidermal keratinocytes,2.0,2.0,Tumor arising from cutaneous T cells,Tumor arising from cutaneous T cells,False,False,W->W,
medqa::0146,medqa,none_of_the_provided,adaptation,True,True,True,False,True,3.0,2.0,Tumor arising from epidermal keratinocytes,None of the provided options,2.0,2.0,Tumor arising from cutaneous T cells,None of the provided options,True,True,W->C,successful_adaptation
medqa::0146,medqa,fixed_pos,correctness,True,True,True,False,False,3.0,1.0,Tumor arising from epidermal keratinocytes,Tumor arising from the folliculosebaceous–apocrine germ,2.0,3.0,Tumor arising from cutaneous T cells,Tumor arising from cutaneous T cells,True,True,W->W,
medqa::0146,medqa,incorrect,inversion,True,True,True,False,False,3.0,,Tumor arising from epidermal keratinocytes,,2.0,,Tumor arising from cutaneous T cells,,,,W->W,failure_to_adapt_wrong_set_size
medqa::0146,medqa,open,open_generation,True,False,False,False,,3.0,,Tumor arising from epidermal keratinocytes,,2.0,2.0,Tumor arising from cutaneous T cells,Tumor arising from cutaneous T cells,,,,
medqa::0146,medqa,no_symbols,correctness,True,True,True,False,False,3.0,1.0,Tumor arising from epidermal keratinocytes,Tumor arising from the folliculosebaceous–apocrine germ,2.0,2.0,Tumor arising from cutaneous T cells,Tumor arising from cutaneous T cells,True,True,W->W,
medqa::0150,medqa,roman_numeral,correctness,True,True,True,True,False,0.0,1.0,Levofloxacin,Trimethoprim/sulfamethoxazole,0.0,0.0,Levofloxacin,Levofloxacin,True,True,C->W,
medqa::0150,medqa,none_of_the_provided,adaptation,True,True,True,True,False,0.0,1.0,Levofloxacin,Trimethoprim/sulfamethoxazole,0.0,0.0,Levofloxacin,None of the provided options,True,True,C->W,failure_to_adapt_chose_distractor
medqa::0150,medqa,fixed_pos,correctness,True,True,True,True,False,0.0,1.0,Levofloxacin,Trimethoprim/sulfamethoxazole,0.0,3.0,Levofloxacin,Levofloxacin,True,True,C->W,
medqa::0150,medqa,incorrect,inversion,True,True,True,True,False,0.0,,Levofloxacin,,0.0,,Levofloxacin,,,,C->W,failure_to_adapt_wrong_set_size
medqa::0150,medqa,open,open_generation,True,False,False,True,,0.0,,Levofloxacin,,0.0,0.0,Levofloxacin,Levofloxacin,,,,
medqa::0150,medqa,no_symbols,correctness,True,True,True,True,True,0.0,0.0,Levofloxacin,Levofloxacin,0.0,0.0,Levofloxacin,Levofloxacin,False,False,C->C,
medqa::0165,medqa,roman_numeral,correctness,True,True,True,False,False,0.0,0.0,Using survival rates in the analysis,Using survival rates in the analysis,1.0,1.0,Using mortality rates in the analysis,Using mortality rates in the analysis,False,False,W->W,
medqa::0165,medqa,none_of_the_provided,adaptation,True,True,True,False,False,0.0,0.0,Using survival rates in the analysis,Using survival rates in the analysis,1.0,1.0,Using mortality rates in the analysis,None of the provided options,False,False,W->W,failure_to_adapt_kept_same_distractor
medqa::0165,medqa,fixed_pos,correctness,True,True,True,False,False,0.0,0.0,Using survival rates in the analysis,Using survival rates in the analysis,1.0,3.0,Using mortality rates in the analysis,Using mortality rates in the analysis,False,False,W->W,
medqa::0165,medqa,incorrect,inversion,True,True,True,False,False,0.0,0.0,Using survival rates in the analysis,Using survival rates in the analysis,1.0,,Using mortality rates in the analysis,,False,False,W->W,failure_to_adapt_included_gold
medqa::0165,medqa,open,open_generation,True,False,False,False,,0.0,,Using survival rates in the analysis,,1.0,1.0,Using mortality rates in the analysis,Using mortality rates in the analysis,,,,
medqa::0165,medqa,no_symbols,correctness,True,True,True,False,False,0.0,0.0,Using survival rates in the analysis,Using survival rates in the analysis,1.0,1.0,Using mortality rates in the analysis,Using mortality rates in the analysis,False,False,W->W,
medqa::0167,medqa,roman_numeral,correctness,True,True,True,True,True,2.0,2.0,Takotsubo cardiomyopathy,Takotsubo cardiomyopathy,2.0,2.0,Takotsubo cardiomyopathy,Takotsubo cardiomyopathy,False,False,C->C,
medqa::0167,medqa,none_of_the_provided,adaptation,True,True,True,True,False,2.0,3.0,Takotsubo cardiomyopathy,Restrictive cardiomyopathy,2.0,2.0,Takotsubo cardiomyopathy,None of the provided options,True,True,C->W,failure_to_adapt_chose_distractor
medqa::0167,medqa,fixed_pos,correctness,True,True,True,True,True,2.0,3.0,Takotsubo cardiomyopathy,Takotsubo cardiomyopathy,2.0,3.0,Takotsubo cardiomyopathy,Takotsubo cardiomyopathy,True,False,C->C,
medqa::0167,medqa,incorrect,inversion,True,True,True,True,False,2.0,1.0,Takotsubo cardiomyopathy,Constrictive pericarditis,2.0,,Takotsubo cardiomyopathy,,True,True,C->W,failure_to_adapt_included_gold
medqa::0167,medqa,open,open_generation,True,False,False,True,,2.0,,Takotsubo cardiomyopathy,,2.0,2.0,Takotsubo cardiomyopathy,Takotsubo cardiomyopathy,,,,
medqa::0167,medqa,no_symbols,correctness,True,True,True,True,True,2.0,2.0,Takotsubo cardiomyopathy,Takotsubo cardiomyopathy,2.0,2.0,Takotsubo cardiomyopathy,Takotsubo cardiomyopathy,False,False,C->C,
medqa::0182,medqa,roman_numeral,correctness,True,True,True,True,True,1.0,1.0,Glandular tissue enlargement,Glandular tissue enlargement,1.0,1.0,Glandular tissue enlargement,Glandular tissue enlargement,False,False,C->C,
medqa::0182,medqa,none_of_the_provided,adaptation,True,True,True,True,False,1.0,2.0,Glandular tissue enlargement,Lipomastia (pseudogynecomastia),1.0,1.0,Glandular tissue enlargement,None of the provided options,True,True,C->W,failure_to_adapt_chose_distractor
medqa::0182,medqa,fixed_pos,correctness,True,True,True,True,True,1.0,3.0,Glandular tissue enlargement,Glandular tissue enlargement,1.0,3.0,Glandular tissue enlargement,Glandular tissue enlargement,True,False,C->C,
medqa::0182,medqa,incorrect,inversion,True,True,True,True,False,1.0,,Glandular tissue enlargement,,1.0,,Glandular tissue enlargement,,,,C->W,failure_to_adapt_wrong_set_size
medqa::0182,medqa,open,open_generation,True,False,False,True,,1.0,,Glandular tissue enlargement,,1.0,1.0,Glandular tissue enlargement,Glandular tissue enlargement,,,,
medqa::0182,medqa,no_symbols,correctness,True,True,True,True,True,1.0,1.0,Glandular tissue enlargement,Glandular tissue enlargement,1.0,1.0,Glandular tissue enlargement,Glandular tissue enlargement,False,False,C->C,
medqa::0193,medqa,roman_numeral,correctness,True,True,True,True,True,2.0,2.0,IFN-gamma,IFN-gamma,2.0,2.0,IFN-gamma,IFN-gamma,False,False,C->C,
medqa::0193,medqa,none_of_the_provided,adaptation,True,True,True,True,False,2.0,1.0,IFN-gamma,TNF-alpha,2.0,2.0,IFN-gamma,None of the provided options,True,True,C->W,failure_to_adapt_chose_distractor
medqa::0193,medqa,fixed_pos,correctness,True,True,True,True,True,2.0,3.0,IFN-gamma,IFN-gamma,2.0,3.0,IFN-gamma,IFN-gamma,True,False,C->C,
medqa::0193,medqa,incorrect,inversion,True,True,True,True,False,2.0,,IFN-gamma,,2.0,,IFN-gamma,,,,C->W,failure_to_adapt_wrong_set_size
medqa::0193,medqa,open,open_generation,True,False,False,True,,2.0,,IFN-gamma,,2.0,2.0,IFN-gamma,IFN-gamma,,,,
medqa::0193,medqa,no_symbols,correctness,True,True,True,True,True,2.0,2.0,IFN-gamma,IFN-gamma,2.0,2.0,IFN-gamma,IFN-gamma,False,False,C->C,
medqa::0195,medqa,roman_numeral,correctness,True,True,True,True,True,2.0,2.0,Recall bias,Recall bias,2.0,2.0,Recall bias,Recall bias,False,False,C->C,
medqa::0195,medqa,none_of_the_provided,adaptation,True,True,True,True,False,2.0,0.0,Recall bias,Interviewer bias,2.0,2.0,Recall bias,None of the provided options,True,True,C->W,failure_to_adapt_chose_distractor
medqa::0195,medqa,fixed_pos,correctness,True,True,True,True,True,2.0,3.0,Recall bias,Recall bias,2.0,3.0,Recall bias,Recall bias,True,False,C->C,
medqa::0195,medqa,incorrect,inversion,True,True,True,True,False,2.0,0.0,Recall bias,Interviewer bias,2.0,,Recall bias,,True,True,C->W,failure_to_adapt_included_gold
medqa::0195,medqa,open,open_generation,True,False,False,True,,2.0,,Recall bias,,2.0,2.0,Recall bias,Recall bias,,,,
medqa::0195,medqa,no_symbols,correctness,True,True,True,True,True,2.0,2.0,Recall bias,Recall bias,2.0,2.0,Recall bias,Recall bias,False,False,C->C,
medqa::0202,medqa,roman_numeral,correctness,True,True,True,False,True,1.0,2.0,Cervical lymph nodes,Inferior thyroid arteries,2.0,2.0,Inferior thyroid arteries,Inferior thyroid arteries,True,True,W->C,
medqa::0202,medqa,none_of_the_provided,adaptation,True,True,True,False,False,1.0,1.0,Cervical lymph nodes,Cervical lymph nodes,2.0,2.0,Inferior thyroid arteries,None of the provided options,False,False,W->W,failure_to_adapt_kept_same_distractor
medqa::0202,medqa,fixed_pos,correctness,True,True,True,False,False,1.0,1.0,Cervical lymph nodes,Cervical lymph nodes,2.0,3.0,Inferior thyroid arteries,Inferior thyroid arteries,False,False,W->W,
medqa::0202,medqa,incorrect,inversion,True,True,True,False,False,1.0,1.0,Cervical lymph nodes,Cervical lymph nodes,2.0,,Inferior thyroid arteries,,False,False,W->W,failure_to_adapt_included_gold
medqa::0202,medqa,open,open_generation,True,False,False,False,,1.0,,Cervical lymph nodes,,2.0,2.0,Inferior thyroid arteries,Inferior thyroid arteries,,,,
medqa::0202,medqa,no_symbols,correctness,True,True,True,False,False,1.0,1.0,Cervical lymph nodes,Cervical lymph nodes,2.0,2.0,Inferior thyroid arteries,Inferior thyroid arteries,False,False,W->W,
medqa::0211,medqa,roman_numeral,correctness,True,True,True,False,False,3.0,3.0,Tartrate-resistant acid phosphatase (TRAP) test,Tartrate-resistant acid phosphatase (TRAP) test,1.0,1.0,Hepatitis C virus antibodies,Hepatitis C virus antibodies,False,False,W->W,
medqa::0211,medqa,none_of_the_provided,adaptation,True,True,True,False,False,3.0,3.0,Tartrate-resistant acid phosphatase (TRAP) test,Tartrate-resistant acid phosphatase (TRAP) test,1.0,1.0,Hepatitis C virus antibodies,None of the provided options,False,False,W->W,failure_to_adapt_kept_same_distractor
medqa::0211,medqa,fixed_pos,correctness,True,True,True,False,False,3.0,1.0,Tartrate-resistant acid phosphatase (TRAP) test,Tartrate-resistant acid phosphatase (TRAP) test,1.0,3.0,Hepatitis C virus antibodies,Hepatitis C virus antibodies,True,False,W->W,
medqa::0211,medqa,incorrect,inversion,True,True,True,False,False,3.0,3.0,Tartrate-resistant acid phosphatase (TRAP) test,Tartrate-resistant acid phosphatase (TRAP) test,1.0,,Hepatitis C virus antibodies,,False,False,W->W,failure_to_adapt_included_gold
medqa::0211,medqa,open,open_generation,True,False,False,False,,3.0,,Tartrate-resistant acid phosphatase (TRAP) test,,1.0,1.0,Hepatitis C virus antibodies,Hepatitis C virus antibodies,,,,
medqa::0211,medqa,no_symbols,correctness,True,True,True,False,False,3.0,3.0,Tartrate-resistant acid phosphatase (TRAP) test,Tartrate-resistant acid phosphatase (TRAP) test,1.0,1.0,Hepatitis C virus antibodies,Hepatitis C virus antibodies,False,False,W->W,
medqa::0214,medqa,roman_numeral,correctness,True,True,True,False,True,0.0,1.0,Insulinoma,Factitious disorder,1.0,1.0,Factitious disorder,Factitious disorder,True,True,W->C,
medqa::0214,medqa,none_of_the_provided,adaptation,True,True,True,False,False,0.0,0.0,Insulinoma,Insulinoma,1.0,1.0,Factitious disorder,None of the provided options,False,False,W->W,failure_to_adapt_kept_same_distractor
medqa::0214,medqa,fixed_pos,correctness,True,True,True,False,False,0.0,0.0,Insulinoma,Insulinoma,1.0,3.0,Factitious disorder,Factitious disorder,False,False,W->W,
medqa::0214,medqa,incorrect,inversion,True,True,True,False,False,0.0,0.0,Insulinoma,Insulinoma,1.0,,Factitious disorder,,False,False,W->W,failure_to_adapt_included_gold
medqa::0214,medqa,open,open_generation,True,False,False,False,,0.0,,Insulinoma,,1.0,1.0,Factitious disorder,Factitious disorder,,,,
medqa::0214,medqa,no_symbols,correctness,True,True,True,False,False,0.0,0.0,Insulinoma,Insulinoma,1.0,1.0,Factitious disorder,Factitious disorder,False,False,W->W,
medqa::0233,medqa,roman_numeral,correctness,True,True,True,True,True,0.0,0.0,Acid-fast,Acid-fast,0.0,0.0,Acid-fast,Acid-fast,False,False,C->C,
medqa::0233,medqa,none_of_the_provided,adaptation,True,True,True,True,False,0.0,3.0,Acid-fast,Tennis-racket shaped,0.0,0.0,Acid-fast,None of the provided options,True,True,C->W,failure_to_adapt_chose_distractor
medqa::0233,medqa,fixed_pos,correctness,True,True,True,True,True,0.0,3.0,Acid-fast,Acid-fast,0.0,3.0,Acid-fast,Acid-fast,True,False,C->C,
medqa::0233,medqa,incorrect,inversion,True,True,True,True,False,0.0,,Acid-fast,,0.0,,Acid-fast,,,,C->W,failure_to_adapt_wrong_set_size
medqa::0233,medqa,open,open_generation,True,False,False,True,,0.0,,Acid-fast,,0.0,0.0,Acid-fast,Acid-fast,,,,
medqa::0233,medqa,no_symbols,correctness,True,True,True,True,False,0.0,3.0,Acid-fast,Tennis-racket shaped,0.0,0.0,Acid-fast,Acid-fast,True,True,C->W,
medqa::0260,medqa,roman_numeral,correctness,True,True,True,False,True,3.0,2.0,Referral for surgery,Reassurance,2.0,2.0,Reassurance,Reassurance,True,True,W->C,
medqa::0260,medqa,none_of_the_provided,adaptation,True,True,True,False,False,3.0,3.0,Referral for surgery,Referral for surgery,2.0,2.0,Reassurance,None of the provided options,False,False,W->W,failure_to_adapt_kept_same_distractor
medqa::0260,medqa,fixed_pos,correctness,True,True,True,False,True,3.0,3.0,Referral for surgery,Reassurance,2.0,3.0,Reassurance,Reassurance,False,True,W->C,
medqa::0260,medqa,incorrect,inversion,True,True,True,False,False,3.0,3.0,Referral for surgery,Referral for surgery,2.0,,Reassurance,,False,False,W->W,failure_to_adapt_included_gold
medqa::0260,medqa,open,open_generation,True,False,False,False,,3.0,,Referral for surgery,,2.0,2.0,Reassurance,Reassurance,,,,
medqa::0260,medqa,no_symbols,correctness,True,True,True,False,False,3.0,3.0,Referral for surgery,Referral for surgery,2.0,2.0,Reassurance,Reassurance,False,False,W->W,
medqa::0290,medqa,roman_numeral,correctness,True,True,True,False,False,0.0,0.0,"If 100 similar experiments were conducted, 5.2 of them would show similar results","If 100 similar experiments were conducted, 5.2 of them would show similar results",1.0,1.0,There is a 5.2% chance that A is more effective than B is due to chance,There is a 5.2% chance that A is more effective than B is due to chance,False,False,W->W,
medqa::0290,medqa,none_of_the_provided,adaptation,True,True,True,False,False,0.0,0.0,"If 100 similar experiments were conducted, 5.2 of them would show similar results","If 100 similar experiments were conducted, 5.2 of them would show similar results",1.0,1.0,There is a 5.2% chance that A is more effective than B is due to chance,None of the provided options,False,False,W->W,failure_to_adapt_kept_same_distractor
medqa::0290,medqa,fixed_pos,correctness,True,True,True,False,False,0.0,0.0,"If 100 similar experiments were conducted, 5.2 of them would show similar results","If 100 similar experiments were conducted, 5.2 of them would show similar results",1.0,3.0,There is a 5.2% chance that A is more effective than B is due to chance,There is a 5.2% chance that A is more effective than B is due to chance,False,False,W->W,
medqa::0290,medqa,incorrect,inversion,True,True,True,False,False,0.0,2.0,"If 100 similar experiments were conducted, 5.2 of them would show similar results",There is a 94.8% chance that the difference observed reflects a real difference,1.0,,There is a 5.2% chance that A is more effective than B is due to chance,,True,True,W->W,failure_to_adapt_included_gold
medqa::0290,medqa,open,open_generation,True,False,False,False,,0.0,,"If 100 similar experiments were conducted, 5.2 of them would show similar results",,1.0,1.0,There is a 5.2% chance that A is more effective than B is due to chance,There is a 5.2% chance that A is more effective than B is due to chance,,,,
medqa::0290,medqa,no_symbols,correctness,True,True,True,False,False,0.0,0.0,"If 100 similar experiments were conducted, 5.2 of them would show similar results","If 100 similar experiments were conducted, 5.2 of them would show similar results",1.0,1.0,There is a 5.2% chance that A is more effective than B is due to chance,There is a 5.2% chance that A is more effective than B is due to chance,False,False,W->W,
medqa::0324,medqa,roman_numeral,correctness,True,True,True,True,True,0.0,0.0,ERCP,ERCP,0.0,0.0,ERCP,ERCP,False,False,C->C,
medqa::0324,medqa,none_of_the_provided,adaptation,True,True,True,True,False,0.0,1.0,ERCP,MRCP,0.0,0.0,ERCP,None of the provided options,True,True,C->W,failure_to_adapt_chose_distractor
medqa::0324,medqa,fixed_pos,correctness,True,True,True,True,True,0.0,3.0,ERCP,ERCP,0.0,3.0,ERCP,ERCP,True,False,C->C,
medqa::0324,medqa,incorrect,inversion,True,True,True,True,True,0.0,0.0,ERCP,ERCP,0.0,,ERCP,,False,False,C->C,successful_adaptation
medqa::0324,medqa,open,open_generation,True,False,False,True,,0.0,,ERCP,,0.0,0.0,ERCP,ERCP,,,,
medqa::0324,medqa,no_symbols,correctness,True,True,True,True,True,0.0,0.0,ERCP,ERCP,0.0,0.0,ERCP,ERCP,False,False,C->C,
medqa::0332,medqa,roman_numeral,correctness,True,True,True,False,False,0.0,0.0,Drug-induced hypokalemia,Drug-induced hypokalemia,3.0,3.0,Inhibition of P-glycoprotein,Inhibition of P-glycoprotein,False,False,W->W,
medqa::0332,medqa,none_of_the_provided,adaptation,True,True,True,False,False,0.0,0.0,Drug-induced hypokalemia,Drug-induced hypokalemia,3.0,3.0,Inhibition of P-glycoprotein,None of the provided options,False,False,W->W,failure_to_adapt_kept_same_distractor
medqa::0332,medqa,fixed_pos,correctness,True,True,True,False,False,0.0,0.0,Drug-induced hypokalemia,Drug-induced hypokalemia,3.0,3.0,Inhibition of P-glycoprotein,Inhibition of P-glycoprotein,False,False,W->W,
medqa::0332,medqa,incorrect,inversion,True,True,True,False,True,0.0,3.0,Drug-induced hypokalemia,Inhibition of P-glycoprotein,3.0,,Inhibition of P-glycoprotein,,True,True,W->C,successful_adaptation
medqa::0332,medqa,open,open_generation,True,False,False,False,,0.0,,Drug-induced hypokalemia,,3.0,3.0,Inhibition of P-glycoprotein,Inhibition of P-glycoprotein,,,,
medqa::0332,medqa,no_symbols,correctness,True,True,True,False,False,0.0,0.0,Drug-induced hypokalemia,Drug-induced hypokalemia,3.0,3.0,Inhibition of P-glycoprotein,Inhibition of P-glycoprotein,False,False,W->W,
medqa::0339,medqa,roman_numeral,correctness,True,True,True,True,True,0.0,0.0,Desensitization,Desensitization,0.0,0.0,Desensitization,Desensitization,False,False,C->C,
medqa::0339,medqa,none_of_the_provided,adaptation,True,True,True,True,False,0.0,3.0,Desensitization,Psychotherapy,0.0,0.0,Desensitization,None of the provided options,True,True,C->W,failure_to_adapt_chose_distractor
medqa::0339,medqa,fixed_pos,correctness,True,True,True,True,True,0.0,3.0,Desensitization,Desensitization,0.0,3.0,Desensitization,Desensitization,True,False,C->C,
medqa::0339,medqa,incorrect,inversion,True,True,True,True,False,0.0,,Desensitization,,0.0,,Desensitization,,,,C->W,failure_to_adapt_wrong_set_size
medqa::0339,medqa,open,open_generation,True,False,False,True,,0.0,,Desensitization,,0.0,0.0,Desensitization,Desensitization,,,,
medqa::0339,medqa,no_symbols,correctness,True,True,True,True,True,0.0,0.0,Desensitization,Desensitization,0.0,0.0,Desensitization,Desensitization,False,False,C->C,
medqa::0340,medqa,roman_numeral,correctness,True,True,True,False,False,0.0,2.0,Warfarin therapy,Tetrabenazine therapy,3.0,3.0,Cognitive training,Cognitive training,True,True,W->W,
medqa::0340,medqa,none_of_the_provided,adaptation,True,True,True,False,True,0.0,3.0,Warfarin therapy,None of the provided options,3.0,3.0,Cognitive training,None of the provided options,True,True,W->C,successful_adaptation
medqa::0340,medqa,fixed_pos,correctness,True,True,True,False,False,0.0,0.0,Warfarin therapy,Warfarin therapy,3.0,3.0,Cognitive training,Cognitive training,False,False,W->W,
medqa::0340,medqa,incorrect,inversion,True,True,True,False,False,0.0,0.0,Warfarin therapy,Warfarin therapy,3.0,,Cognitive training,,False,False,W->W,failure_to_adapt_included_gold
medqa::0340,medqa,open,open_generation,True,False,False,False,,0.0,,Warfarin therapy,,3.0,3.0,Cognitive training,Cognitive training,,,,
medqa::0340,medqa,no_symbols,correctness,True,True,True,False,False,0.0,0.0,Warfarin therapy,Warfarin therapy,3.0,3.0,Cognitive training,Cognitive training,False,False,W->W,
medqa::0357,medqa,roman_numeral,correctness,True,True,True,False,False,0.0,1.0,Amitriptyline,Cocaine,3.0,3.0,Heroin,Heroin,True,True,W->W,
medqa::0357,medqa,none_of_the_provided,adaptation,True,True,True,False,False,0.0,0.0,Amitriptyline,Amitriptyline,3.0,3.0,Heroin,None of the provided options,False,False,W->W,failure_to_adapt_kept_same_distractor
medqa::0357,medqa,fixed_pos,correctness,True,True,True,False,False,0.0,0.0,Amitriptyline,Amitriptyline,3.0,3.0,Heroin,Heroin,False,False,W->W,
medqa::0357,medqa,incorrect,inversion,True,True,True,False,False,0.0,1.0,Amitriptyline,Cocaine,3.0,,Heroin,,True,True,W->W,failure_to_adapt_included_gold
medqa::0357,medqa,open,open_generation,True,False,False,False,,0.0,,Amitriptyline,,3.0,3.0,Heroin,Heroin,,,,
medqa::0357,medqa,no_symbols,correctness,True,True,True,False,False,0.0,0.0,Amitriptyline,Amitriptyline,3.0,3.0,Heroin,Heroin,False,False,W->W,
medqa::0401,medqa,roman_numeral,correctness,True,True,True,False,False,0.0,0.0,Insert copper-containing intra-uterine device,Insert copper-containing intra-uterine device,2.0,2.0,Administer ulipristal acetate,Administer ulipristal acetate,False,False,W->W,
medqa::0401,medqa,none_of_the_provided,adaptation,True,True,True,False,False,0.0,0.0,Insert copper-containing intra-uterine device,Insert copper-containing intra-uterine device,2.0,2.0,Administer ulipristal acetate,None of the provided options,False,False,W->W,failure_to_adapt_kept_same_distractor
medqa::0401,medqa,fixed_pos,correctness,True,True,True,False,False,0.0,0.0,Insert copper-containing intra-uterine device,Insert copper-containing intra-uterine device,2.0,3.0,Administer ulipristal acetate,Administer ulipristal acetate,False,False,W->W,
medqa::0401,medqa,incorrect,inversion,True,True,True,False,False,0.0,3.0,Insert copper-containing intra-uterine device,Administer depot medroxyprogesterone acetate,2.0,,Administer ulipristal acetate,,True,True,W->W,failure_to_adapt_included_gold
medqa::0401,medqa,open,open_generation,True,False,False,False,,0.0,,Insert copper-containing intra-uterine device,,2.0,2.0,Administer ulipristal acetate,Administer ulipristal acetate,,,,
medqa::0401,medqa,no_symbols,correctness,True,True,True,False,False,0.0,3.0,Insert copper-containing intra-uterine device,Administer depot medroxyprogesterone acetate,2.0,2.0,Administer ulipristal acetate,Administer ulipristal acetate,True,True,W->W,
medqa::0415,medqa,roman_numeral,correctness,True,True,True,False,False,1.0,2.0,The power of the test is 0.8.,"If the specificity of this screening test were increased, the statistical power would increase.",3.0,3.0,"If the sensitivity of this screening test were decreased, the statistical power would decrease.","If the sensitivity of this screening test were decreased, the statistical power would decrease.",True,True,W->W,
medqa::0415,medqa,none_of_the_provided,adaptation,True,True,True,False,False,1.0,1.0,The power of the test is 0.8.,The power of the test is 0.8.,3.0,3.0,"If the sensitivity of this screening test were decreased, the statistical power would decrease.",None of the provided options,False,False,W->W,failure_to_adapt_kept_same_distractor
medqa::0415,medqa,fixed_pos,correctness,True,True,True,False,False,1.0,1.0,The power of the test is 0.8.,The power of the test is 0.8.,3.0,3.0,"If the sensitivity of this screening test were decreased, the statistical power would decrease.","If the sensitivity of this screening test were decreased, the statistical power would decrease.",False,False,W->W,
medqa::0415,medqa,incorrect,inversion,True,True,True,False,False,1.0,1.0,The power of the test is 0.8.,The power of the test is 0.8.,3.0,,"If the sensitivity of this screening test were decreased, the statistical power would decrease.",,False,False,W->W,failure_to_adapt_included_gold
medqa::0415,medqa,open,open_generation,True,False,False,False,,1.0,,The power of the test is 0.8.,,3.0,3.0,"If the sensitivity of this screening test were decreased, the statistical power would decrease.","If the sensitivity of this screening test were decreased, the statistical power would decrease.",,,,
medqa::0415,medqa,no_symbols,correctness,True,True,True,False,False,1.0,1.0,The power of the test is 0.8.,The power of the test is 0.8.,3.0,3.0,"If the sensitivity of this screening test were decreased, the statistical power would decrease.","If the sensitivity of this screening test were decreased, the statistical power would decrease.",False,False,W->W,
medqa::0438,medqa,roman_numeral,correctness,True,True,True,True,True,2.0,2.0,Na+/Cl- cotransporter in the membranes of epithelial cells in the distal convoluted tubule,Na+/Cl- cotransporter in the membranes of epithelial cells in the distal convoluted tubule,2.0,2.0,Na+/Cl- cotransporter in the membranes of epithelial cells in the distal convoluted tubule,Na+/Cl- cotransporter in the membranes of epithelial cells in the distal convoluted tubule,False,False,C->C,
medqa::0438,medqa,none_of_the_provided,adaptation,True,True,True,True,True,2.0,2.0,Na+/Cl- cotransporter in the membranes of epithelial cells in the distal convoluted tubule,None of the provided options,2.0,2.0,Na+/Cl- cotransporter in the membranes of epithelial cells in the distal convoluted tubule,None of the provided options,False,True,C->C,successful_adaptation
medqa::0438,medqa,fixed_pos,correctness,True,True,True,True,False,2.0,2.0,Na+/Cl- cotransporter in the membranes of epithelial cells in the distal convoluted tubule,Na+/K+/2Cl- transporters in the membranes of epithelial cells in the ascending loop of Henle,2.0,3.0,Na+/Cl- cotransporter in the membranes of epithelial cells in the distal convoluted tubule,Na+/Cl- cotransporter in the membranes of epithelial cells in the distal convoluted tubule,False,True,C->W,
medqa::0438,medqa,incorrect,inversion,True,True,True,True,False,2.0,,Na+/Cl- cotransporter in the membranes of epithelial cells in the distal convoluted tubule,,2.0,,Na+/Cl- cotransporter in the membranes of epithelial cells in the distal convoluted tubule,,,,C->W,failure_to_adapt_wrong_set_size
medqa::0438,medqa,open,open_generation,True,False,False,True,,2.0,,Na+/Cl- cotransporter in the membranes of epithelial cells in the distal convoluted tubule,,2.0,2.0,Na+/Cl- cotransporter in the membranes of epithelial cells in the distal convoluted tubule,Na+/Cl- cotransporter in the membranes of epithelial cells in the distal convoluted tubule,,,,
medqa::0438,medqa,no_symbols,correctness,True,True,True,True,True,2.0,2.0,Na+/Cl- cotransporter in the membranes of epithelial cells in the distal convoluted tubule,Na+/Cl- cotransporter in the membranes of epithelial cells in the distal convoluted tubule,2.0,2.0,Na+/Cl- cotransporter in the membranes of epithelial cells in the distal convoluted tubule,Na+/Cl- cotransporter in the membranes of epithelial cells in the distal convoluted tubule,False,False,C->C,
medqa::0449,medqa,roman_numeral,correctness,True,True,True,True,True,1.0,1.0,Recurrent laryngeal nerve injury,Recurrent laryngeal nerve injury,1.0,1.0,Recurrent laryngeal nerve injury,Recurrent laryngeal nerve injury,False,False,C->C,
medqa::0449,medqa,none_of_the_provided,adaptation,True,True,True,True,False,1.0,0.0,Recurrent laryngeal nerve injury,Internal laryngeal nerve injury,1.0,1.0,Recurrent laryngeal nerve injury,None of the provided options,True,True,C->W,failure_to_adapt_chose_distractor
medqa::0449,medqa,fixed_pos,correctness,True,True,True,True,True,1.0,3.0,Recurrent laryngeal nerve injury,Recurrent laryngeal nerve injury,1.0,3.0,Recurrent laryngeal nerve injury,Recurrent laryngeal nerve injury,True,False,C->C,
medqa::0449,medqa,incorrect,inversion,True,True,True,True,False,1.0,0.0,Recurrent laryngeal nerve injury,Internal laryngeal nerve injury,1.0,,Recurrent laryngeal nerve injury,,True,True,C->W,failure_to_adapt_included_gold
medqa::0449,medqa,open,open_generation,True,False,False,True,,1.0,,Recurrent laryngeal nerve injury,,1.0,1.0,Recurrent laryngeal nerve injury,Recurrent laryngeal nerve injury,,,,
medqa::0449,medqa,no_symbols,correctness,True,True,True,True,True,1.0,1.0,Recurrent laryngeal nerve injury,Recurrent laryngeal nerve injury,1.0,1.0,Recurrent laryngeal nerve injury,Recurrent laryngeal nerve injury,False,False,C->C,
medqa::0456,medqa,roman_numeral,correctness,True,True,True,True,True,1.0,1.0,Breastfeeding jaundice,Breastfeeding jaundice,1.0,1.0,Breastfeeding jaundice,Breastfeeding jaundice,False,False,C->C,
medqa::0456,medqa,none_of_the_provided,adaptation,True,True,True,True,False,1.0,0.0,Breastfeeding jaundice,Breast milk jaundice,1.0,1.0,Breastfeeding jaundice,None of the provided options,True,True,C->W,failure_to_adapt_chose_distractor
medqa::0456,medqa,fixed_pos,correctness,True,True,True,True,False,1.0,0.0,Breastfeeding jaundice,Breast milk jaundice,1.0,3.0,Breastfeeding jaundice,Breastfeeding jaundice,True,True,C->W,
medqa::0456,medqa,incorrect,inversion,True,True,True,True,False,1.0,0.0,Breastfeeding jaundice,Breast milk jaundice,1.0,,Breastfeeding jaundice,,True,True,C->W,failure_to_adapt_included_gold
medqa::0456,medqa,open,open_generation,True,False,False,True,,1.0,,Breastfeeding jaundice,,1.0,1.0,Breastfeeding jaundice,Breastfeeding jaundice,,,,
medqa::0456,medqa,no_symbols,correctness,True,True,True,True,False,1.0,0.0,Breastfeeding jaundice,Breast milk jaundice,1.0,1.0,Breastfeeding jaundice,Breastfeeding jaundice,True,True,C->W,
medqa::0458,medqa,roman_numeral,correctness,True,True,True,True,True,2.0,2.0,Sympathetic nervous system activation,Sympathetic nervous system activation,2.0,2.0,Sympathetic nervous system activation,Sympathetic nervous system activation,False,False,C->C,
medqa::0458,medqa,none_of_the_provided,adaptation,True,True,True,True,True,2.0,2.0,Sympathetic nervous system activation,None of the provided options,2.0,2.0,Sympathetic nervous system activation,None of the provided options,False,True,C->C,successful_adaptation
medqa::0458,medqa,fixed_pos,correctness,True,True,True,True,True,2.0,3.0,Sympathetic nervous system activation,Sympathetic nervous system activation,2.0,3.0,Sympathetic nervous system activation,Sympathetic nervous system activation,True,False,C->C,
medqa::0458,medqa,incorrect,inversion,True,True,True,True,False,2.0,0.0,Sympathetic nervous system activation,Baroreceptor reflex,2.0,,Sympathetic nervous system activation,,True,True,C->W,failure_to_adapt_included_gold
medqa::0458,medqa,open,open_generation,True,False,False,True,,2.0,,Sympathetic nervous system activation,,2.0,2.0,Sympathetic nervous system activation,Sympathetic nervous system activation,,,,
medqa::0458,medqa,no_symbols,correctness,True,True,True,True,True,2.0,2.0,Sympathetic nervous system activation,Sympathetic nervous system activation,2.0,2.0,Sympathetic nervous system activation,Sympathetic nervous system activation,False,False,C->C,
medqa::0460,medqa,roman_numeral,correctness,True,True,True,True,False,0.0,1.0,Leydig cell tumor,Obesity,0.0,0.0,Leydig cell tumor,Leydig cell tumor,True,True,C->W,
medqa::0460,medqa,none_of_the_provided,adaptation,True,True,True,True,False,0.0,2.0,Leydig cell tumor,Klinefelter syndrome,0.0,0.0,Leydig cell tumor,None of the provided options,True,True,C->W,failure_to_adapt_chose_distractor
medqa::0460,medqa,fixed_pos,correctness,True,True,True,True,True,0.0,3.0,Leydig cell tumor,Leydig cell tumor,0.0,3.0,Leydig cell tumor,Leydig cell tumor,True,False,C->C,
medqa::0460,medqa,incorrect,inversion,True,True,True,True,False,0.0,,Leydig cell tumor,,0.0,,Leydig cell tumor,,,,C->W,failure_to_adapt_wrong_set_size
medqa::0460,medqa,open,open_generation,True,False,False,True,,0.0,,Leydig cell tumor,,0.0,0.0,Leydig cell tumor,Leydig cell tumor,,,,
medqa::0460,medqa,no_symbols,correctness,True,True,True,True,True,0.0,0.0,Leydig cell tumor,Leydig cell tumor,0.0,0.0,Leydig cell tumor,Leydig cell tumor,False,False,C->C,
medqa::0466,medqa,roman_numeral,correctness,True,True,True,True,True,1.0,1.0,Excess weight,Excess weight,1.0,1.0,Excess weight,Excess weight,False,False,C->C,
medqa::0466,medqa,none_of_the_provided,adaptation,True,True,True,True,True,1.0,1.0,Excess weight,None of the provided options,1.0,1.0,Excess weight,None of the provided options,False,True,C->C,successful_adaptation
medqa::0466,medqa,fixed_pos,correctness,True,True,True,True,True,1.0,3.0,Excess weight,Excess weight,1.0,3.0,Excess weight,Excess weight,True,False,C->C,
medqa::0466,medqa,incorrect,inversion,True,True,True,True,True,1.0,1.0,Excess weight,Excess weight,1.0,,Excess weight,,False,False,C->C,successful_adaptation
medqa::0466,medqa,open,open_generation,True,False,False,True,,1.0,,Excess weight,,1.0,1.0,Excess weight,Excess weight,,,,
medqa::0466,medqa,no_symbols,correctness,True,True,True,True,False,1.0,,Excess weight,,1.0,1.0,Excess weight,Excess weight,,,C->W,
medqa::0475,medqa,roman_numeral,correctness,True,True,True,False,False,1.0,1.0,Intravenous esmolol,Intravenous esmolol,3.0,3.0,Synchronized cardioversion,Synchronized cardioversion,False,False,W->W,
medqa::0475,medqa,none_of_the_provided,adaptation,True,True,True,False,False,1.0,0.0,Intravenous esmolol,Coronary angiogram,3.0,3.0,Synchronized cardioversion,None of the provided options,True,True,W->W,failure_to_adapt_chose_distractor
medqa::0475,medqa,fixed_pos,correctness,True,True,True,False,False,1.0,1.0,Intravenous esmolol,Intravenous esmolol,3.0,3.0,Synchronized cardioversion,Synchronized cardioversion,False,False,W->W,
medqa::0475,medqa,incorrect,inversion,True,True,True,False,False,1.0,1.0,Intravenous esmolol,Intravenous esmolol,3.0,,Synchronized cardioversion,,False,False,W->W,failure_to_adapt_included_gold
medqa::0475,medqa,open,open_generation,True,False,False,False,,1.0,,Intravenous esmolol,,3.0,3.0,Synchronized cardioversion,Synchronized cardioversion,,,,
medqa::0475,medqa,no_symbols,correctness,True,True,True,False,False,1.0,1.0,Intravenous esmolol,Intravenous esmolol,3.0,3.0,Synchronized cardioversion,Synchronized cardioversion,False,False,W->W,
medqa::0478,medqa,roman_numeral,correctness,True,True,True,False,False,0.0,0.0,Needlestick,Needlestick,2.0,2.0,Shellfish,Shellfish,False,False,W->W,
medqa::0478,medqa,none_of_the_provided,adaptation,True,True,True,False,False,0.0,0.0,Needlestick,Needlestick,2.0,2.0,Shellfish,None of the provided options,False,False,W->W,failure_to_adapt_kept_same_distractor
medqa::0478,medqa,fixed_pos,correctness,True,True,True,False,False,0.0,0.0,Needlestick,Needlestick,2.0,3.0,Shellfish,Shellfish,False,False,W->W,
medqa::0478,medqa,incorrect,inversion,True,True,True,False,False,0.0,,Needlestick,,2.0,,Shellfish,,,,W->W,failure_to_adapt_wrong_set_size
medqa::0478,medqa,open,open_generation,True,False,False,False,,0.0,,Needlestick,,2.0,2.0,Shellfish,Shellfish,,,,
medqa::0478,medqa,no_symbols,correctness,True,True,True,False,False,0.0,1.0,Needlestick,Unprotected sex,2.0,2.0,Shellfish,Shellfish,True,True,W->W,
medqa::0485,medqa,roman_numeral,correctness,True,True,True,False,False,0.0,0.0,Budesonide,Budesonide,3.0,3.0,Omeprazole,Omeprazole,False,False,W->W,
medqa::0485,medqa,none_of_the_provided,adaptation,True,True,True,False,False,0.0,0.0,Budesonide,Budesonide,3.0,3.0,Omeprazole,None of the provided options,False,False,W->W,failure_to_adapt_kept_same_distractor
medqa::0485,medqa,fixed_pos,correctness,True,True,True,False,False,0.0,0.0,Budesonide,Budesonide,3.0,3.0,Omeprazole,Omeprazole,False,False,W->W,
medqa::0485,medqa,incorrect,inversion,True,True,True,False,False,0.0,,Budesonide,,3.0,,Omeprazole,,,,W->W,failure_to_adapt_wrong_set_size
medqa::0485,medqa,open,open_generation,True,False,False,False,,0.0,,Budesonide,,3.0,3.0,Omeprazole,Omeprazole,,,,
medqa::0485,medqa,no_symbols,correctness,True,True,True,False,True,0.0,3.0,Budesonide,Omeprazole,3.0,3.0,Omeprazole,Omeprazole,True,True,W->C,
medqa::0511,medqa,roman_numeral,correctness,True,True,True,True,False,0.0,2.0,Ultrasonography of the neck,Warfarin therapy,0.0,0.0,Ultrasonography of the neck,Ultrasonography of the neck,True,True,C->W,
medqa::0511,medqa,none_of_the_provided,adaptation,True,True,True,True,False,0.0,1.0,Ultrasonography of the neck,Echocardiography,0.0,0.0,Ultrasonography of the neck,None of the provided options,True,True,C->W,failure_to_adapt_chose_distractor
medqa::0511,medqa,fixed_pos,correctness,True,True,True,True,True,0.0,3.0,Ultrasonography of the neck,Ultrasonography of the neck,0.0,3.0,Ultrasonography of the neck,Ultrasonography of the neck,True,False,C->C,
medqa::0511,medqa,incorrect,inversion,True,True,True,True,False,0.0,1.0,Ultrasonography of the neck,Echocardiography,0.0,,Ultrasonography of the neck,,True,True,C->W,failure_to_adapt_included_gold
medqa::0511,medqa,open,open_generation,True,False,False,True,,0.0,,Ultrasonography of the neck,,0.0,0.0,Ultrasonography of the neck,Ultrasonography of the neck,,,,
medqa::0511,medqa,no_symbols,correctness,True,True,True,True,False,0.0,3.0,Ultrasonography of the neck,CT angiography of the head,0.0,0.0,Ultrasonography of the neck,Ultrasonography of the neck,True,True,C->W,
medqa::0551,medqa,roman_numeral,correctness,True,True,True,False,False,3.0,2.0,Increased lipoprotein lipase activity,Decreased proteolysis,0.0,0.0,Decreased glucose uptake by adipocytes,Decreased glucose uptake by adipocytes,True,True,W->W,
medqa::0551,medqa,none_of_the_provided,adaptation,True,True,True,False,False,3.0,3.0,Increased lipoprotein lipase activity,Increased lipoprotein lipase activity,0.0,0.0,Decreased glucose uptake by adipocytes,None of the provided options,False,False,W->W,failure_to_adapt_kept_same_distractor
medqa::0551,medqa,fixed_pos,correctness,True,True,True,False,True,3.0,3.0,Increased lipoprotein lipase activity,Decreased glucose uptake by adipocytes,0.0,3.0,Decreased glucose uptake by adipocytes,Decreased glucose uptake by adipocytes,False,True,W->C,
medqa::0551,medqa,incorrect,inversion,True,True,True,False,False,3.0,3.0,Increased lipoprotein lipase activity,Increased lipoprotein lipase activity,0.0,,Decreased glucose uptake by adipocytes,,False,False,W->W,failure_to_adapt_included_gold
medqa::0551,medqa,open,open_generation,True,False,False,False,,3.0,,Increased lipoprotein lipase activity,,0.0,0.0,Decreased glucose uptake by adipocytes,Decreased glucose uptake by adipocytes,,,,
medqa::0551,medqa,no_symbols,correctness,True,True,True,False,False,3.0,1.0,Increased lipoprotein lipase activity,Decreased activity of hormone sensitive lipase,0.0,0.0,Decreased glucose uptake by adipocytes,Decreased glucose uptake by adipocytes,True,True,W->W,
medqa::0556,medqa,roman_numeral,correctness,True,True,True,False,False,2.0,2.0,Brucellosis,Brucellosis,0.0,0.0,Bacillary angiomatosis,Bacillary angiomatosis,False,False,W->W,
medqa::0556,medqa,none_of_the_provided,adaptation,True,True,True,False,False,2.0,3.0,Brucellosis,Bubonic plague,0.0,0.0,Bacillary angiomatosis,None of the provided options,True,True,W->W,failure_to_adapt_chose_distractor
medqa::0556,medqa,fixed_pos,correctness,True,True,True,False,False,2.0,2.0,Brucellosis,Brucellosis,0.0,3.0,Bacillary angiomatosis,Bacillary angiomatosis,False,False,W->W,
medqa::0556,medqa,incorrect,inversion,True,True,True,False,False,2.0,3.0,Brucellosis,Bubonic plague,0.0,,Bacillary angiomatosis,,True,True,W->W,failure_to_adapt_included_gold
medqa::0556,medqa,open,open_generation,True,False,False,False,,2.0,,Brucellosis,,0.0,0.0,Bacillary angiomatosis,Bacillary angiomatosis,,,,
medqa::0556,medqa,no_symbols,correctness,True,True,True,False,False,2.0,2.0,Brucellosis,Brucellosis,0.0,0.0,Bacillary angiomatosis,Bacillary angiomatosis,False,False,W->W,
medqa::0558,medqa,roman_numeral,correctness,True,True,True,True,True,1.0,1.0,Molluscum contagiosum,Molluscum contagiosum,1.0,1.0,Molluscum contagiosum,Molluscum contagiosum,False,False,C->C,
medqa::0558,medqa,none_of_the_provided,adaptation,True,True,True,True,True,1.0,1.0,Molluscum contagiosum,None of the provided options,1.0,1.0,Molluscum contagiosum,None of the provided options,False,True,C->C,successful_adaptation
medqa::0558,medqa,fixed_pos,correctness,True,True,True,True,True,1.0,3.0,Molluscum contagiosum,Molluscum contagiosum,1.0,3.0,Molluscum contagiosum,Molluscum contagiosum,True,False,C->C,
medqa::0558,medqa,incorrect,inversion,True,True,True,True,True,1.0,1.0,Molluscum contagiosum,Molluscum contagiosum,1.0,,Molluscum contagiosum,,False,False,C->C,successful_adaptation
medqa::0558,medqa,open,open_generation,True,False,False,True,,1.0,,Molluscum contagiosum,,1.0,1.0,Molluscum contagiosum,Molluscum contagiosum,,,,
medqa::0558,medqa,no_symbols,correctness,True,True,True,True,True,1.0,1.0,Molluscum contagiosum,Molluscum contagiosum,1.0,1.0,Molluscum contagiosum,Molluscum contagiosum,False,False,C->C,
medqa::0562,medqa,roman_numeral,correctness,True,True,True,True,False,1.0,2.0,Gynecomastia,Jaundice,1.0,1.0,Gynecomastia,Gynecomastia,True,True,C->W,
medqa::0562,medqa,none_of_the_provided,adaptation,True,True,True,True,False,1.0,3.0,Gynecomastia,Caput medusae,1.0,1.0,Gynecomastia,None of the provided options,True,True,C->W,failure_to_adapt_chose_distractor
medqa::0562,medqa,fixed_pos,correctness,True,True,True,True,True,1.0,3.0,Gynecomastia,Gynecomastia,1.0,3.0,Gynecomastia,Gynecomastia,True,False,C->C,
medqa::0562,medqa,incorrect,inversion,True,True,True,True,True,1.0,1.0,Gynecomastia,Gynecomastia,1.0,,Gynecomastia,,False,False,C->C,successful_adaptation
medqa::0562,medqa,open,open_generation,True,False,False,True,,1.0,,Gynecomastia,,1.0,1.0,Gynecomastia,Gynecomastia,,,,
medqa::0562,medqa,no_symbols,correctness,True,True,True,True,True,1.0,1.0,Gynecomastia,Gynecomastia,1.0,1.0,Gynecomastia,Gynecomastia,False,False,C->C,
medqa::0573,medqa,roman_numeral,correctness,True,True,True,False,True,0.0,2.0,Increased right ventricular preload,Increased right ventricular afterload,2.0,2.0,Increased right ventricular afterload,Increased right ventricular afterload,True,True,W->C,
medqa::0573,medqa,none_of_the_provided,adaptation,True,True,True,False,False,0.0,0.0,Increased right ventricular preload,Increased right ventricular preload,2.0,2.0,Increased right ventricular afterload,None of the provided options,False,False,W->W,failure_to_adapt_kept_same_distractor
medqa::0573,medqa,fixed_pos,correctness,True,True,True,False,False,0.0,0.0,Increased right ventricular preload,Increased right ventricular preload,2.0,3.0,Increased right ventricular afterload,Increased right ventricular afterload,False,False,W->W,
medqa::0573,medqa,incorrect,inversion,True,True,True,False,False,0.0,3.0,Increased right ventricular preload,Increased left-to-right shunting,2.0,,Increased right ventricular afterload,,True,True,W->W,failure_to_adapt_included_gold
medqa::0573,medqa,open,open_generation,True,False,False,False,,0.0,,Increased right ventricular preload,,2.0,2.0,Increased right ventricular afterload,Increased right ventricular afterload,,,,
medqa::0573,medqa,no_symbols,correctness,True,True,True,False,True,0.0,2.0,Increased right ventricular preload,Increased right ventricular afterload,2.0,2.0,Increased right ventricular afterload,Increased right ventricular afterload,True,True,W->C,
medqa::0579,medqa,roman_numeral,correctness,True,True,True,False,False,1.0,1.0,Medullary bone destruction with elevated periosteum from cortical bone,Medullary bone destruction with elevated periosteum from cortical bone,3.0,3.0,Well-defined cystic lesion with peritrabecular fibrosis,Well-defined cystic lesion with peritrabecular fibrosis,False,False,W->W,
medqa::0579,medqa,none_of_the_provided,adaptation,True,True,True,False,True,1.0,3.0,Medullary bone destruction with elevated periosteum from cortical bone,None of the provided options,3.0,3.0,Well-defined cystic lesion with peritrabecular fibrosis,None of the provided options,True,True,W->C,successful_adaptation
medqa::0579,medqa,fixed_pos,correctness,True,True,True,False,False,1.0,1.0,Medullary bone destruction with elevated periosteum from cortical bone,Medullary bone destruction with elevated periosteum from cortical bone,3.0,3.0,Well-defined cystic lesion with peritrabecular fibrosis,Well-defined cystic lesion with peritrabecular fibrosis,False,False,W->W,
medqa::0579,medqa,incorrect,inversion,True,True,True,False,True,1.0,3.0,Medullary bone destruction with elevated periosteum from cortical bone,Well-defined cystic lesion with peritrabecular fibrosis,3.0,,Well-defined cystic lesion with peritrabecular fibrosis,,True,True,W->C,successful_adaptation
medqa::0579,medqa,open,open_generation,True,False,False,False,,1.0,,Medullary bone destruction with elevated periosteum from cortical bone,,3.0,3.0,Well-defined cystic lesion with peritrabecular fibrosis,Well-defined cystic lesion with peritrabecular fibrosis,,,,
medqa::0579,medqa,no_symbols,correctness,True,True,True,False,False,1.0,0.0,Medullary bone destruction with elevated periosteum from cortical bone,Expansile lytic lesion with thin sclerotic margins,3.0,3.0,Well-defined cystic lesion with peritrabecular fibrosis,Well-defined cystic lesion with peritrabecular fibrosis,True,True,W->W,
medqa::0602,medqa,roman_numeral,correctness,True,True,True,True,True,0.0,0.0,"Rifampin alters normal gastrointestinal flora, which leads to a decrease in the enterohepatic circulation of estrogens.","Rifampin alters normal gastrointestinal flora, which leads to a decrease in the enterohepatic circulation of estrogens.",0.0,0.0,"Rifampin alters normal gastrointestinal flora, which leads to a decrease in the enterohepatic circulation of estrogens.","Rifampin alters normal gastrointestinal flora, which leads to a decrease in the enterohepatic circulation of estrogens.",False,False,C->C,
medqa::0602,medqa,none_of_the_provided,adaptation,True,True,True,True,False,0.0,1.0,"Rifampin alters normal gastrointestinal flora, which leads to a decrease in the enterohepatic circulation of estrogens.","Rifampin inhibits CYP3A4, which metabolizes progestins.",0.0,0.0,"Rifampin alters normal gastrointestinal flora, which leads to a decrease in the enterohepatic circulation of estrogens.",None of the provided options,True,True,C->W,failure_to_adapt_chose_distractor
medqa::0602,medqa,fixed_pos,correctness,True,True,True,True,False,0.0,0.0,"Rifampin alters normal gastrointestinal flora, which leads to a decrease in the enterohepatic circulation of estrogens.",Rifampin directly interferes with intestinal absorption of estrogens.,0.0,3.0,"Rifampin alters normal gastrointestinal flora, which leads to a decrease in the enterohepatic circulation of estrogens.","Rifampin alters normal gastrointestinal flora, which leads to a decrease in the enterohepatic circulation of estrogens.",False,True,C->W,
medqa::0602,medqa,incorrect,inversion,True,True,True,True,False,0.0,1.0,"Rifampin alters normal gastrointestinal flora, which leads to a decrease in the enterohepatic circulation of estrogens.","Rifampin inhibits CYP3A4, which metabolizes progestins.",0.0,,"Rifampin alters normal gastrointestinal flora, which leads to a decrease in the enterohepatic circulation of estrogens.",,True,True,C->W,failure_to_adapt_included_gold
medqa::0602,medqa,open,open_generation,True,False,False,True,,0.0,,"Rifampin alters normal gastrointestinal flora, which leads to a decrease in the enterohepatic circulation of estrogens.",,0.0,0.0,"Rifampin alters normal gastrointestinal flora, which leads to a decrease in the enterohepatic circulation of estrogens.","Rifampin alters normal gastrointestinal flora, which leads to a decrease in the enterohepatic circulation of estrogens.",,,,
medqa::0602,medqa,no_symbols,correctness,True,True,True,True,True,0.0,0.0,"Rifampin alters normal gastrointestinal flora, which leads to a decrease in the enterohepatic circulation of estrogens.","Rifampin alters normal gastrointestinal flora, which leads to a decrease in the enterohepatic circulation of estrogens.",0.0,0.0,"Rifampin alters normal gastrointestinal flora, which leads to a decrease in the enterohepatic circulation of estrogens.","Rifampin alters normal gastrointestinal flora, which leads to a decrease in the enterohepatic circulation of estrogens.",False,False,C->C,
medqa::0610,medqa,roman_numeral,correctness,True,True,True,True,True,0.0,0.0,Repeat antibody screening at 28 weeks. Administer anti-D immunoglobulin at 28 weeks and after delivery if the newborn is Rh(D) positive.,Repeat antibody screening at 28 weeks. Administer anti-D immunoglobulin at 28 weeks and after delivery if the newborn is Rh(D) positive.,0.0,0.0,Repeat antibody screening at 28 weeks. Administer anti-D immunoglobulin at 28 weeks and after delivery if the newborn is Rh(D) positive.,Repeat antibody screening at 28 weeks. Administer anti-D immunoglobulin at 28 weeks and after delivery if the newborn is Rh(D) positive.,False,False,C->C,
medqa::0610,medqa,none_of_the_provided,adaptation,True,True,True,True,False,0.0,1.0,Repeat antibody screening at 28 weeks. Administer anti-D immunoglobulin at 28 weeks and after delivery if the newborn is Rh(D) positive.,Repeat antibody screening at 28 weeks and administer anti-D immunoglobulin at 28 weeks. No further management is needed.,0.0,0.0,Repeat antibody screening at 28 weeks. Administer anti-D immunoglobulin at 28 weeks and after delivery if the newborn is Rh(D) positive.,None of the provided options,True,True,C->W,failure_to_adapt_chose_distractor
medqa::0610,medqa,fixed_pos,correctness,True,True,True,True,True,0.0,3.0,Repeat antibody screening at 28 weeks. Administer anti-D immunoglobulin at 28 weeks and after delivery if the newborn is Rh(D) positive.,Repeat antibody screening at 28 weeks. Administer anti-D immunoglobulin at 28 weeks and after delivery if the newborn is Rh(D) positive.,0.0,3.0,Repeat antibody screening at 28 weeks. Administer anti-D immunoglobulin at 28 weeks and after delivery if the newborn is Rh(D) positive.,Repeat antibody screening at 28 weeks. Administer anti-D immunoglobulin at 28 weeks and after delivery if the newborn is Rh(D) positive.,True,False,C->C,
medqa::0610,medqa,incorrect,inversion,True,True,True,True,False,0.0,1.0,Repeat antibody screening at 28 weeks. Administer anti-D immunoglobulin at 28 weeks and after delivery if the newborn is Rh(D) positive.,Repeat antibody screening at 28 weeks and administer anti-D immunoglobulin at 28 weeks. No further management is needed.,0.0,,Repeat antibody screening at 28 weeks. Administer anti-D immunoglobulin at 28 weeks and after delivery if the newborn is Rh(D) positive.,,True,True,C->W,failure_to_adapt_included_gold
medqa::0610,medqa,open,open_generation,True,False,False,True,,0.0,,Repeat antibody screening at 28 weeks. Administer anti-D immunoglobulin at 28 weeks and after delivery if the newborn is Rh(D) positive.,,0.0,0.0,Repeat antibody screening at 28 weeks. Administer anti-D immunoglobulin at 28 weeks and after delivery if the newborn is Rh(D) positive.,Repeat antibody screening at 28 weeks. Administer anti-D immunoglobulin at 28 weeks and after delivery if the newborn is Rh(D) positive.,,,,
medqa::0610,medqa,no_symbols,correctness,True,True,True,True,True,0.0,0.0,Repeat antibody screening at 28 weeks. Administer anti-D immunoglobulin at 28 weeks and after delivery if the newborn is Rh(D) positive.,Repeat antibody screening at 28 weeks. Administer anti-D immunoglobulin at 28 weeks and after delivery if the newborn is Rh(D) positive.,0.0,0.0,Repeat antibody screening at 28 weeks. Administer anti-D immunoglobulin at 28 weeks and after delivery if the newborn is Rh(D) positive.,Repeat antibody screening at 28 weeks. Administer anti-D immunoglobulin at 28 weeks and after delivery if the newborn is Rh(D) positive.,False,False,C->C,
medqa::0656,medqa,roman_numeral,correctness,True,True,True,True,True,3.0,3.0,Perforated gastric peptic ulcer,Perforated gastric peptic ulcer,3.0,3.0,Perforated gastric peptic ulcer,Perforated gastric peptic ulcer,False,False,C->C,
medqa::0656,medqa,none_of_the_provided,adaptation,True,True,True,True,False,3.0,0.0,Perforated gastric peptic ulcer,Duodenal peptic ulcer,3.0,3.0,Perforated gastric peptic ulcer,None of the provided options,True,True,C->W,failure_to_adapt_chose_distractor
medqa::0656,medqa,fixed_pos,correctness,True,True,True,True,True,3.0,3.0,Perforated gastric peptic ulcer,Perforated gastric peptic ulcer,3.0,3.0,Perforated gastric peptic ulcer,Perforated gastric peptic ulcer,False,False,C->C,
medqa::0656,medqa,incorrect,inversion,True,True,True,True,False,3.0,,Perforated gastric peptic ulcer,,3.0,,Perforated gastric peptic ulcer,,,,C->W,failure_to_adapt_wrong_set_size
medqa::0656,medqa,open,open_generation,True,False,False,True,,3.0,,Perforated gastric peptic ulcer,,3.0,3.0,Perforated gastric peptic ulcer,Perforated gastric peptic ulcer,,,,
medqa::0656,medqa,no_symbols,correctness,True,True,True,True,True,3.0,3.0,Perforated gastric peptic ulcer,Perforated gastric peptic ulcer,3.0,3.0,Perforated gastric peptic ulcer,Perforated gastric peptic ulcer,False,False,C->C,
medqa::0674,medqa,roman_numeral,correctness,True,True,True,True,True,0.0,0.0,Sitagliptin,Sitagliptin,0.0,0.0,Sitagliptin,Sitagliptin,False,False,C->C,
medqa::0674,medqa,none_of_the_provided,adaptation,True,True,True,True,False,0.0,2.0,Sitagliptin,Canagliflozin,0.0,0.0,Sitagliptin,None of the provided options,True,True,C->W,failure_to_adapt_chose_distractor
medqa::0674,medqa,fixed_pos,correctness,True,True,True,True,True,0.0,3.0,Sitagliptin,Sitagliptin,0.0,3.0,Sitagliptin,Sitagliptin,True,False,C->C,
medqa::0674,medqa,incorrect,inversion,True,True,True,True,True,0.0,0.0,Sitagliptin,Sitagliptin,0.0,,Sitagliptin,,False,False,C->C,successful_adaptation
medqa::0674,medqa,open,open_generation,True,False,False,True,,0.0,,Sitagliptin,,0.0,0.0,Sitagliptin,Sitagliptin,,,,
medqa::0674,medqa,no_symbols,correctness,True,True,True,True,True,0.0,0.0,Sitagliptin,Sitagliptin,0.0,0.0,Sitagliptin,Sitagliptin,False,False,C->C,
medqa::0700,medqa,roman_numeral,correctness,True,True,True,True,True,1.0,1.0,International normalized ratio,International normalized ratio,1.0,1.0,International normalized ratio,International normalized ratio,False,False,C->C,
medqa::0700,medqa,none_of_the_provided,adaptation,True,True,True,True,False,1.0,0.0,International normalized ratio,Echocardiogram,1.0,1.0,International normalized ratio,None of the provided options,True,True,C->W,failure_to_adapt_chose_distractor
medqa::0700,medqa,fixed_pos,correctness,True,True,True,True,True,1.0,3.0,International normalized ratio,International normalized ratio,1.0,3.0,International normalized ratio,International normalized ratio,True,False,C->C,
medqa::0700,medqa,incorrect,inversion,True,True,True,True,False,1.0,0.0,International normalized ratio,Echocardiogram,1.0,,International normalized ratio,,True,True,C->W,failure_to_adapt_included_gold
medqa::0700,medqa,open,open_generation,True,False,False,True,,1.0,,International normalized ratio,,1.0,1.0,International normalized ratio,International normalized ratio,,,,
medqa::0700,medqa,no_symbols,correctness,True,True,True,True,True,1.0,1.0,International normalized ratio,International normalized ratio,1.0,1.0,International normalized ratio,International normalized ratio,False,False,C->C,
medqa::0707,medqa,roman_numeral,correctness,True,True,True,True,True,2.0,2.0,Proximal tubule,Proximal tubule,2.0,2.0,Proximal tubule,Proximal tubule,False,False,C->C,
medqa::0707,medqa,none_of_the_provided,adaptation,True,True,True,True,False,2.0,0.0,Proximal tubule,Distal tubule,2.0,2.0,Proximal tubule,None of the provided options,True,True,C->W,failure_to_adapt_chose_distractor
medqa::0707,medqa,fixed_pos,correctness,True,True,True,True,True,2.0,3.0,Proximal tubule,Proximal tubule,2.0,3.0,Proximal tubule,Proximal tubule,True,False,C->C,
medqa::0707,medqa,incorrect,inversion,True,True,True,True,True,2.0,2.0,Proximal tubule,Proximal tubule,2.0,,Proximal tubule,,False,False,C->C,successful_adaptation
medqa::0707,medqa,open,open_generation,True,False,False,True,,2.0,,Proximal tubule,,2.0,2.0,Proximal tubule,Proximal tubule,,,,
medqa::0707,medqa,no_symbols,correctness,True,True,True,True,True,2.0,2.0,Proximal tubule,Proximal tubule,2.0,2.0,Proximal tubule,Proximal tubule,False,False,C->C,
medqa::0716,medqa,roman_numeral,correctness,True,True,True,False,False,3.0,3.0,Mast cell activation in subcutaneous tissues,Mast cell activation in subcutaneous tissues,2.0,2.0,Hyperpermeability of superficial dermal microvasculature,Hyperpermeability of superficial dermal microvasculature,False,False,W->W,
medqa::0716,medqa,none_of_the_provided,adaptation,True,True,True,False,False,3.0,3.0,Mast cell activation in subcutaneous tissues,Mast cell activation in subcutaneous tissues,2.0,2.0,Hyperpermeability of superficial dermal microvasculature,None of the provided options,False,False,W->W,failure_to_adapt_kept_same_distractor
medqa::0716,medqa,fixed_pos,correctness,True,True,True,False,False,3.0,2.0,Mast cell activation in subcutaneous tissues,Mast cell activation in subcutaneous tissues,2.0,3.0,Hyperpermeability of superficial dermal microvasculature,Hyperpermeability of superficial dermal microvasculature,True,False,W->W,
medqa::0716,medqa,incorrect,inversion,True,True,True,False,False,3.0,,Mast cell activation in subcutaneous tissues,,2.0,,Hyperpermeability of superficial dermal microvasculature,,,,W->W,failure_to_adapt_wrong_set_size
medqa::0716,medqa,open,open_generation,True,False,False,False,,3.0,,Mast cell activation in subcutaneous tissues,,2.0,2.0,Hyperpermeability of superficial dermal microvasculature,Hyperpermeability of superficial dermal microvasculature,,,,
medqa::0716,medqa,no_symbols,correctness,True,True,True,False,False,3.0,3.0,Mast cell activation in subcutaneous tissues,Mast cell activation in subcutaneous tissues,2.0,2.0,Hyperpermeability of superficial dermal microvasculature,Hyperpermeability of superficial dermal microvasculature,False,False,W->W,
medqa::0739,medqa,roman_numeral,correctness,True,True,True,False,False,3.0,3.0,Arteriovenous malformation,Arteriovenous malformation,0.0,0.0,Tearing of the middle meningeal artery,Tearing of the middle meningeal artery,False,False,W->W,
medqa::0739,medqa,none_of_the_provided,adaptation,True,True,True,False,False,3.0,3.0,Arteriovenous malformation,Arteriovenous malformation,0.0,0.0,Tearing of the middle meningeal artery,None of the provided options,False,False,W->W,failure_to_adapt_kept_same_distractor
medqa::0739,medqa,fixed_pos,correctness,True,True,True,False,True,3.0,3.0,Arteriovenous malformation,Tearing of the middle meningeal artery,0.0,3.0,Tearing of the middle meningeal artery,Tearing of the middle meningeal artery,False,True,W->C,
medqa::0739,medqa,incorrect,inversion,True,True,True,False,False,3.0,3.0,Arteriovenous malformation,Arteriovenous malformation,0.0,,Tearing of the middle meningeal artery,,False,False,W->W,failure_to_adapt_included_gold
medqa::0739,medqa,open,open_generation,True,False,False,False,,3.0,,Arteriovenous malformation,,0.0,0.0,Tearing of the middle meningeal artery,Tearing of the middle meningeal artery,,,,
medqa::0739,medqa,no_symbols,correctness,True,True,True,False,False,3.0,,Arteriovenous malformation,,0.0,0.0,Tearing of the middle meningeal artery,Tearing of the middle meningeal artery,,,W->W,
medqa::0747,medqa,roman_numeral,correctness,True,True,True,False,True,1.0,2.0,Methylprednisolone and cyclophosphamide,"Methylprednisolone, plasmapheresis, and cyclophosphamide",2.0,2.0,"Methylprednisolone, plasmapheresis, and cyclophosphamide","Methylprednisolone, plasmapheresis, and cyclophosphamide",True,True,W->C,
medqa::0747,medqa,none_of_the_provided,adaptation,True,True,True,False,False,1.0,1.0,Methylprednisolone and cyclophosphamide,Methylprednisolone and cyclophosphamide,2.0,2.0,"Methylprednisolone, plasmapheresis, and cyclophosphamide",None of the provided options,False,False,W->W,failure_to_adapt_kept_same_distractor
medqa::0747,medqa,fixed_pos,correctness,True,True,True,False,False,1.0,1.0,Methylprednisolone and cyclophosphamide,Methylprednisolone and cyclophosphamide,2.0,3.0,"Methylprednisolone, plasmapheresis, and cyclophosphamide","Methylprednisolone, plasmapheresis, and cyclophosphamide",False,False,W->W,
medqa::0747,medqa,incorrect,inversion,True,True,True,False,False,1.0,3.0,Methylprednisolone and cyclophosphamide,Plasmapheresis and cyclophosphamide,2.0,,"Methylprednisolone, plasmapheresis, and cyclophosphamide",,True,True,W->W,failure_to_adapt_included_gold
medqa::0747,medqa,open,open_generation,True,False,False,False,,1.0,,Methylprednisolone and cyclophosphamide,,2.0,2.0,"Methylprednisolone, plasmapheresis, and cyclophosphamide","Methylprednisolone, plasmapheresis, and cyclophosphamide",,,,
medqa::0747,medqa,no_symbols,correctness,True,True,True,False,False,1.0,,Methylprednisolone and cyclophosphamide,,2.0,2.0,"Methylprednisolone, plasmapheresis, and cyclophosphamide","Methylprednisolone, plasmapheresis, and cyclophosphamide",,,W->W,
medqa::0752,medqa,roman_numeral,correctness,True,True,True,False,True,0.0,2.0,Aldesleukin,Filgrastim,2.0,2.0,Filgrastim,Filgrastim,True,True,W->C,
medqa::0752,medqa,none_of_the_provided,adaptation,True,True,True,False,False,0.0,0.0,Aldesleukin,Aldesleukin,2.0,2.0,Filgrastim,None of the provided options,False,False,W->W,failure_to_adapt_kept_same_distractor
medqa::0752,medqa,fixed_pos,correctness,True,True,True,False,False,0.0,0.0,Aldesleukin,Aldesleukin,2.0,3.0,Filgrastim,Filgrastim,False,False,W->W,
medqa::0752,medqa,incorrect,inversion,True,True,True,False,False,0.0,0.0,Aldesleukin,Aldesleukin,2.0,,Filgrastim,,False,False,W->W,failure_to_adapt_included_gold
medqa::0752,medqa,open,open_generation,True,False,False,False,,0.0,,Aldesleukin,,2.0,2.0,Filgrastim,Filgrastim,,,,
medqa::0752,medqa,no_symbols,correctness,True,True,True,False,True,0.0,2.0,Aldesleukin,Filgrastim,2.0,2.0,Filgrastim,Filgrastim,True,True,W->C,
medqa::0759,medqa,roman_numeral,correctness,True,True,True,True,True,2.0,2.0,Sargramostim,Sargramostim,2.0,2.0,Sargramostim,Sargramostim,False,False,C->C,
medqa::0759,medqa,none_of_the_provided,adaptation,True,True,True,True,True,2.0,2.0,Sargramostim,None of the provided options,2.0,2.0,Sargramostim,None of the provided options,False,True,C->C,successful_adaptation
medqa::0759,medqa,fixed_pos,correctness,True,True,True,True,False,2.0,2.0,Sargramostim,Thrombopoietin,2.0,3.0,Sargramostim,Sargramostim,False,True,C->W,
medqa::0759,medqa,incorrect,inversion,True,True,True,True,False,2.0,,Sargramostim,,2.0,,Sargramostim,,,,C->W,failure_to_adapt_wrong_set_size
medqa::0759,medqa,open,open_generation,True,False,False,True,,2.0,,Sargramostim,,2.0,2.0,Sargramostim,Sargramostim,,,,
medqa::0759,medqa,no_symbols,correctness,True,True,True,True,True,2.0,2.0,Sargramostim,Sargramostim,2.0,2.0,Sargramostim,Sargramostim,False,False,C->C,
medqa::0770,medqa,roman_numeral,correctness,True,True,True,True,True,1.0,1.0,Hypothesis testing cannot be performed,Hypothesis testing cannot be performed,1.0,1.0,Hypothesis testing cannot be performed,Hypothesis testing cannot be performed,False,False,C->C,
medqa::0770,medqa,none_of_the_provided,adaptation,True,True,True,True,True,1.0,1.0,Hypothesis testing cannot be performed,None of the provided options,1.0,1.0,Hypothesis testing cannot be performed,None of the provided options,False,True,C->C,successful_adaptation
medqa::0770,medqa,fixed_pos,correctness,True,True,True,True,True,1.0,3.0,Hypothesis testing cannot be performed,Hypothesis testing cannot be performed,1.0,3.0,Hypothesis testing cannot be performed,Hypothesis testing cannot be performed,True,False,C->C,
medqa::0770,medqa,incorrect,inversion,True,True,True,True,False,1.0,0.0,Hypothesis testing cannot be performed,Different interventions with 2 or more variables can be studied,1.0,,Hypothesis testing cannot be performed,,True,True,C->W,failure_to_adapt_included_gold
medqa::0770,medqa,open,open_generation,True,False,False,True,,1.0,,Hypothesis testing cannot be performed,,1.0,1.0,Hypothesis testing cannot be performed,Hypothesis testing cannot be performed,,,,
medqa::0770,medqa,no_symbols,correctness,True,True,True,True,True,1.0,1.0,Hypothesis testing cannot be performed,Hypothesis testing cannot be performed,1.0,1.0,Hypothesis testing cannot be performed,Hypothesis testing cannot be performed,False,False,C->C,
medqa::0787,medqa,roman_numeral,correctness,True,True,True,False,True,0.0,2.0,Carpopedal spasm,Night blindness,2.0,2.0,Night blindness,Night blindness,True,True,W->C,
medqa::0787,medqa,none_of_the_provided,adaptation,True,True,True,False,False,0.0,0.0,Carpopedal spasm,Carpopedal spasm,2.0,2.0,Night blindness,None of the provided options,False,False,W->W,failure_to_adapt_kept_same_distractor
medqa::0787,medqa,fixed_pos,correctness,True,True,True,False,False,0.0,0.0,Carpopedal spasm,Carpopedal spasm,2.0,3.0,Night blindness,Night blindness,False,False,W->W,
medqa::0787,medqa,incorrect,inversion,True,True,True,False,False,0.0,,Carpopedal spasm,,2.0,,Night blindness,,,,W->W,failure_to_adapt_wrong_set_size
medqa::0787,medqa,open,open_generation,True,False,False,False,,0.0,,Carpopedal spasm,,2.0,2.0,Night blindness,Night blindness,,,,
medqa::0787,medqa,no_symbols,correctness,True,True,True,False,False,0.0,0.0,Carpopedal spasm,Carpopedal spasm,2.0,2.0,Night blindness,Night blindness,False,False,W->W,
medqa::0789,medqa,roman_numeral,correctness,True,True,True,False,False,1.0,3.0,Brugada syndrome,Hyperkalemia,2.0,2.0,Prolonged QT interval,Prolonged QT interval,True,True,W->W,
medqa::0789,medqa,none_of_the_provided,adaptation,True,True,True,False,False,1.0,3.0,Brugada syndrome,Hyperkalemia,2.0,2.0,Prolonged QT interval,None of the provided options,True,True,W->W,failure_to_adapt_chose_distractor
medqa::0789,medqa,fixed_pos,correctness,True,True,True,False,False,1.0,2.0,Brugada syndrome,Hyperkalemia,2.0,3.0,Prolonged QT interval,Prolonged QT interval,True,True,W->W,
medqa::0789,medqa,incorrect,inversion,True,True,True,False,False,1.0,3.0,Brugada syndrome,Hyperkalemia,2.0,,Prolonged QT interval,,True,True,W->W,failure_to_adapt_included_gold
medqa::0789,medqa,open,open_generation,True,False,False,False,,1.0,,Brugada syndrome,,2.0,2.0,Prolonged QT interval,Prolonged QT interval,,,,
medqa::0789,medqa,no_symbols,correctness,True,True,True,False,False,1.0,1.0,Brugada syndrome,Brugada syndrome,2.0,2.0,Prolonged QT interval,Prolonged QT interval,False,False,W->W,
medqa::0790,medqa,roman_numeral,correctness,True,True,True,True,True,1.0,1.0,480 mg,480 mg,1.0,1.0,480 mg,480 mg,False,False,C->C,
medqa::0790,medqa,none_of_the_provided,adaptation,True,True,True,True,False,1.0,0.0,480 mg,270 mg,1.0,1.0,480 mg,None of the provided options,True,True,C->W,failure_to_adapt_chose_distractor
medqa::0790,medqa,fixed_pos,correctness,True,True,True,True,False,1.0,1.0,480 mg,"540 mg
""",1.0,3.0,480 mg,480 mg,False,True,C->W,
medqa::0790,medqa,incorrect,inversion,True,True,True,True,True,1.0,1.0,480 mg,480 mg,1.0,,480 mg,,False,False,C->C,successful_adaptation
medqa::0790,medqa,open,open_generation,True,False,False,True,,1.0,,480 mg,,1.0,1.0,480 mg,480 mg,,,,
medqa::0790,medqa,no_symbols,correctness,True,True,True,True,False,1.0,3.0,480 mg,"540 mg
""",1.0,1.0,480 mg,480 mg,True,True,C->W,
medqa::0833,medqa,roman_numeral,correctness,True,True,True,False,False,2.0,2.0,Periodic acid-Schiff,Periodic acid-Schiff,3.0,3.0,Tartrate-resistant acid phosphatase,Tartrate-resistant acid phosphatase,False,False,W->W,
medqa::0833,medqa,none_of_the_provided,adaptation,True,True,True,False,True,2.0,3.0,Periodic acid-Schiff,None of the provided options,3.0,3.0,Tartrate-resistant acid phosphatase,None of the provided options,True,True,W->C,successful_adaptation
medqa::0833,medqa,fixed_pos,correctness,True,True,True,False,False,2.0,2.0,Periodic acid-Schiff,Periodic acid-Schiff,3.0,3.0,Tartrate-resistant acid phosphatase,Tartrate-resistant acid phosphatase,False,False,W->W,
medqa::0833,medqa,incorrect,inversion,True,True,True,False,False,2.0,0.0,Periodic acid-Schiff,Prussian Blue,3.0,,Tartrate-resistant acid phosphatase,,True,True,W->W,failure_to_adapt_included_gold
medqa::0833,medqa,open,open_generation,True,False,False,False,,2.0,,Periodic acid-Schiff,,3.0,3.0,Tartrate-resistant acid phosphatase,Tartrate-resistant acid phosphatase,,,,
medqa::0833,medqa,no_symbols,correctness,True,True,True,False,False,2.0,2.0,Periodic acid-Schiff,Periodic acid-Schiff,3.0,3.0,Tartrate-resistant acid phosphatase,Tartrate-resistant acid phosphatase,False,False,W->W,
medqa::0871,medqa,roman_numeral,correctness,True,True,True,True,True,1.0,1.0,"Chronic, non-bacterial prostatitis","Chronic, non-bacterial prostatitis",1.0,1.0,"Chronic, non-bacterial prostatitis","Chronic, non-bacterial prostatitis",False,False,C->C,
medqa::0871,medqa,none_of_the_provided,adaptation,True,True,True,True,False,1.0,2.0,"Chronic, non-bacterial prostatitis",Chronic prostatitis by resistant Escherichia coli,1.0,1.0,"Chronic, non-bacterial prostatitis",None of the provided options,True,True,C->W,failure_to_adapt_chose_distractor
medqa::0871,medqa,fixed_pos,correctness,True,True,True,True,True,1.0,3.0,"Chronic, non-bacterial prostatitis","Chronic, non-bacterial prostatitis",1.0,3.0,"Chronic, non-bacterial prostatitis","Chronic, non-bacterial prostatitis",True,False,C->C,
medqa::0871,medqa,incorrect,inversion,True,True,True,True,True,1.0,1.0,"Chronic, non-bacterial prostatitis","Chronic, non-bacterial prostatitis",1.0,,"Chronic, non-bacterial prostatitis",,False,False,C->C,successful_adaptation
medqa::0871,medqa,open,open_generation,True,False,False,True,,1.0,,"Chronic, non-bacterial prostatitis",,1.0,1.0,"Chronic, non-bacterial prostatitis","Chronic, non-bacterial prostatitis",,,,
medqa::0871,medqa,no_symbols,correctness,True,True,True,True,True,1.0,1.0,"Chronic, non-bacterial prostatitis","Chronic, non-bacterial prostatitis",1.0,1.0,"Chronic, non-bacterial prostatitis","Chronic, non-bacterial prostatitis",False,False,C->C,
medqa::0876,medqa,roman_numeral,correctness,True,True,True,True,True,3.0,3.0,Sumatriptan,Sumatriptan,3.0,3.0,Sumatriptan,Sumatriptan,False,False,C->C,
medqa::0876,medqa,none_of_the_provided,adaptation,True,True,True,True,True,3.0,3.0,Sumatriptan,None of the provided options,3.0,3.0,Sumatriptan,None of the provided options,False,True,C->C,successful_adaptation
medqa::0876,medqa,fixed_pos,correctness,True,True,True,True,True,3.0,3.0,Sumatriptan,Sumatriptan,3.0,3.0,Sumatriptan,Sumatriptan,False,False,C->C,
medqa::0876,medqa,incorrect,inversion,True,True,True,True,False,3.0,1.0,Sumatriptan,100% oxygen,3.0,,Sumatriptan,,True,True,C->W,failure_to_adapt_included_gold
medqa::0876,medqa,open,open_generation,True,False,False,True,,3.0,,Sumatriptan,,3.0,3.0,Sumatriptan,Sumatriptan,,,,
medqa::0876,medqa,no_symbols,correctness,True,True,True,True,True,3.0,3.0,Sumatriptan,Sumatriptan,3.0,3.0,Sumatriptan,Sumatriptan,False,False,C->C,
medqa::0877,medqa,roman_numeral,correctness,True,True,True,True,True,1.0,1.0,32 breaths per minute,32 breaths per minute,1.0,1.0,32 breaths per minute,32 breaths per minute,False,False,C->C,
medqa::0877,medqa,none_of_the_provided,adaptation,True,True,True,True,True,1.0,1.0,32 breaths per minute,None of the provided options,1.0,1.0,32 breaths per minute,None of the provided options,False,True,C->C,successful_adaptation
medqa::0877,medqa,fixed_pos,correctness,True,True,True,True,True,1.0,3.0,32 breaths per minute,32 breaths per minute,1.0,3.0,32 breaths per minute,32 breaths per minute,True,False,C->C,
medqa::0877,medqa,incorrect,inversion,True,True,True,True,True,1.0,1.0,32 breaths per minute,32 breaths per minute,1.0,,32 breaths per minute,,False,False,C->C,successful_adaptation
medqa::0877,medqa,open,open_generation,True,False,False,True,,1.0,,32 breaths per minute,,1.0,1.0,32 breaths per minute,32 breaths per minute,,,,
medqa::0877,medqa,no_symbols,correctness,True,True,True,True,True,1.0,1.0,32 breaths per minute,32 breaths per minute,1.0,1.0,32 breaths per minute,32 breaths per minute,False,False,C->C,
medqa::0931,medqa,roman_numeral,correctness,True,True,True,False,False,2.0,2.0,Segmental demyelination of peripheral axons,Segmental demyelination of peripheral axons,0.0,0.0,Accumulation of S-adenosylmethionine,Accumulation of S-adenosylmethionine,False,False,W->W,
medqa::0931,medqa,none_of_the_provided,adaptation,True,True,True,False,False,2.0,2.0,Segmental demyelination of peripheral axons,Segmental demyelination of peripheral axons,0.0,0.0,Accumulation of S-adenosylmethionine,None of the provided options,False,False,W->W,failure_to_adapt_kept_same_distractor
medqa::0931,medqa,fixed_pos,correctness,True,True,True,False,False,2.0,2.0,Segmental demyelination of peripheral axons,Segmental demyelination of peripheral axons,0.0,3.0,Accumulation of S-adenosylmethionine,Accumulation of S-adenosylmethionine,False,False,W->W,
medqa::0931,medqa,incorrect,inversion,True,True,True,False,False,2.0,2.0,Segmental demyelination of peripheral axons,Segmental demyelination of peripheral axons,0.0,,Accumulation of S-adenosylmethionine,,False,False,W->W,failure_to_adapt_included_gold
medqa::0931,medqa,open,open_generation,True,False,False,False,,2.0,,Segmental demyelination of peripheral axons,,0.0,0.0,Accumulation of S-adenosylmethionine,Accumulation of S-adenosylmethionine,,,,
medqa::0931,medqa,no_symbols,correctness,True,True,True,False,False,2.0,2.0,Segmental demyelination of peripheral axons,Segmental demyelination of peripheral axons,0.0,0.0,Accumulation of S-adenosylmethionine,Accumulation of S-adenosylmethionine,False,False,W->W,
medqa::0940,medqa,roman_numeral,correctness,True,True,True,False,False,1.0,1.0,Decrease in plasma proteins,Decrease in plasma proteins,0.0,0.0,Increase in capillary pressure,Increase in capillary pressure,False,False,W->W,
medqa::0940,medqa,none_of_the_provided,adaptation,True,True,True,False,False,1.0,3.0,Decrease in plasma proteins,Increase in interstitial fluid pressure,0.0,0.0,Increase in capillary pressure,None of the provided options,True,True,W->W,failure_to_adapt_chose_distractor
medqa::0940,medqa,fixed_pos,correctness,True,True,True,False,False,1.0,1.0,Decrease in plasma proteins,Decrease in plasma proteins,0.0,3.0,Increase in capillary pressure,Increase in capillary pressure,False,False,W->W,
medqa::0940,medqa,incorrect,inversion,True,True,True,False,False,1.0,3.0,Decrease in plasma proteins,Increase in interstitial fluid pressure,0.0,,Increase in capillary pressure,,True,True,W->W,failure_to_adapt_included_gold
medqa::0940,medqa,open,open_generation,True,False,False,False,,1.0,,Decrease in plasma proteins,,0.0,0.0,Increase in capillary pressure,Increase in capillary pressure,,,,
medqa::0940,medqa,no_symbols,correctness,True,True,True,False,True,1.0,0.0,Decrease in plasma proteins,Increase in capillary pressure,0.0,0.0,Increase in capillary pressure,Increase in capillary pressure,True,True,W->C,
medqa::0952,medqa,roman_numeral,correctness,True,True,True,False,False,2.0,2.0,Prednisone,Prednisone,0.0,0.0,Avoiding all dairy products,Avoiding all dairy products,False,False,W->W,
medqa::0952,medqa,none_of_the_provided,adaptation,True,True,True,False,False,2.0,2.0,Prednisone,Prednisone,0.0,0.0,Avoiding all dairy products,None of the provided options,False,False,W->W,failure_to_adapt_kept_same_distractor
medqa::0952,medqa,fixed_pos,correctness,True,True,True,False,False,2.0,2.0,Prednisone,Prednisone,0.0,3.0,Avoiding all dairy products,Avoiding all dairy products,False,False,W->W,
medqa::0952,medqa,incorrect,inversion,True,True,True,False,False,2.0,,Prednisone,,0.0,,Avoiding all dairy products,,,,W->W,failure_to_adapt_wrong_set_size
medqa::0952,medqa,open,open_generation,True,False,False,False,,2.0,,Prednisone,,0.0,0.0,Avoiding all dairy products,Avoiding all dairy products,,,,
medqa::0952,medqa,no_symbols,correctness,True,True,True,False,False,2.0,2.0,Prednisone,Prednisone,0.0,0.0,Avoiding all dairy products,Avoiding all dairy products,False,False,W->W,
medqa::0958,medqa,roman_numeral,correctness,True,True,True,True,True,1.0,1.0,Secondary active transporters fail to completely reabsorb glucose in the renal tubules,Secondary active transporters fail to completely reabsorb glucose in the renal tubules,1.0,1.0,Secondary active transporters fail to completely reabsorb glucose in the renal tubules,Secondary active transporters fail to completely reabsorb glucose in the renal tubules,False,False,C->C,
medqa::0958,medqa,none_of_the_provided,adaptation,True,True,True,True,False,1.0,0.0,Secondary active transporters fail to completely reabsorb glucose in the renal tubules,There is a disruption of primary active transport of glucose in the proximal renal tubules,1.0,1.0,Secondary active transporters fail to completely reabsorb glucose in the renal tubules,None of the provided options,True,True,C->W,failure_to_adapt_chose_distractor
medqa::0958,medqa,fixed_pos,correctness,True,True,True,True,True,1.0,3.0,Secondary active transporters fail to completely reabsorb glucose in the renal tubules,Secondary active transporters fail to completely reabsorb glucose in the renal tubules,1.0,3.0,Secondary active transporters fail to completely reabsorb glucose in the renal tubules,Secondary active transporters fail to completely reabsorb glucose in the renal tubules,True,False,C->C,
medqa::0958,medqa,incorrect,inversion,True,True,True,True,True,1.0,1.0,Secondary active transporters fail to completely reabsorb glucose in the renal tubules,Secondary active transporters fail to completely reabsorb glucose in the renal tubules,1.0,,Secondary active transporters fail to completely reabsorb glucose in the renal tubules,,False,False,C->C,successful_adaptation
medqa::0958,medqa,open,open_generation,True,False,False,True,,1.0,,Secondary active transporters fail to completely reabsorb glucose in the renal tubules,,1.0,1.0,Secondary active transporters fail to completely reabsorb glucose in the renal tubules,Secondary active transporters fail to completely reabsorb glucose in the renal tubules,,,,
medqa::0958,medqa,no_symbols,correctness,True,True,True,True,True,1.0,1.0,Secondary active transporters fail to completely reabsorb glucose in the renal tubules,Secondary active transporters fail to completely reabsorb glucose in the renal tubules,1.0,1.0,Secondary active transporters fail to completely reabsorb glucose in the renal tubules,Secondary active transporters fail to completely reabsorb glucose in the renal tubules,False,False,C->C,
medqa::1046,medqa,roman_numeral,correctness,True,True,True,False,True,0.0,1.0,30%,15%,1.0,1.0,15%,15%,True,True,W->C,
medqa::1046,medqa,none_of_the_provided,adaptation,True,True,True,False,True,0.0,1.0,30%,None of the provided options,1.0,1.0,15%,None of the provided options,True,True,W->C,successful_adaptation
medqa::1046,medqa,fixed_pos,correctness,True,True,True,False,False,0.0,0.0,30%,30%,1.0,3.0,15%,15%,False,False,W->W,
medqa::1046,medqa,incorrect,inversion,True,True,True,False,True,0.0,1.0,30%,15%,1.0,,15%,,True,True,W->C,successful_adaptation
medqa::1046,medqa,open,open_generation,True,False,False,False,,0.0,,30%,,1.0,1.0,15%,15%,,,,
medqa::1046,medqa,no_symbols,correctness,True,True,True,False,True,0.0,1.0,30%,15%,1.0,1.0,15%,15%,True,True,W->C,
medqa::1106,medqa,roman_numeral,correctness,True,True,True,False,False,0.0,0.0,Bipolar I disorder,Bipolar I disorder,1.0,1.0,Cyclothymic disorder,Cyclothymic disorder,False,False,W->W,
medqa::1106,medqa,none_of_the_provided,adaptation,True,True,True,False,False,0.0,0.0,Bipolar I disorder,Bipolar I disorder,1.0,1.0,Cyclothymic disorder,None of the provided options,False,False,W->W,failure_to_adapt_kept_same_distractor
medqa::1106,medqa,fixed_pos,correctness,True,True,True,False,False,0.0,0.0,Bipolar I disorder,Bipolar I disorder,1.0,3.0,Cyclothymic disorder,Cyclothymic disorder,False,False,W->W,
medqa::1106,medqa,incorrect,inversion,True,True,True,False,False,0.0,0.0,Bipolar I disorder,Bipolar I disorder,1.0,,Cyclothymic disorder,,False,False,W->W,failure_to_adapt_included_gold
medqa::1106,medqa,open,open_generation,True,False,False,False,,0.0,,Bipolar I disorder,,1.0,1.0,Cyclothymic disorder,Cyclothymic disorder,,,,
medqa::1106,medqa,no_symbols,correctness,True,True,True,False,False,0.0,0.0,Bipolar I disorder,Bipolar I disorder,1.0,1.0,Cyclothymic disorder,Cyclothymic disorder,False,False,W->W,
medqa::1112,medqa,roman_numeral,correctness,True,True,True,True,True,2.0,2.0,Avoidant personality disorder,Avoidant personality disorder,2.0,2.0,Avoidant personality disorder,Avoidant personality disorder,False,False,C->C,
medqa::1112,medqa,none_of_the_provided,adaptation,True,True,True,True,False,2.0,3.0,Avoidant personality disorder,Dependent personality disorder,2.0,2.0,Avoidant personality disorder,None of the provided options,True,True,C->W,failure_to_adapt_chose_distractor
medqa::1112,medqa,fixed_pos,correctness,True,True,True,True,True,2.0,3.0,Avoidant personality disorder,Avoidant personality disorder,2.0,3.0,Avoidant personality disorder,Avoidant personality disorder,True,False,C->C,
medqa::1112,medqa,incorrect,inversion,True,True,True,True,False,2.0,0.0,Avoidant personality disorder,Schizotypal personality disorder,2.0,,Avoidant personality disorder,,True,True,C->W,failure_to_adapt_included_gold
medqa::1112,medqa,open,open_generation,True,False,False,True,,2.0,,Avoidant personality disorder,,2.0,2.0,Avoidant personality disorder,Avoidant personality disorder,,,,
medqa::1112,medqa,no_symbols,correctness,True,True,True,True,True,2.0,2.0,Avoidant personality disorder,Avoidant personality disorder,2.0,2.0,Avoidant personality disorder,Avoidant personality disorder,False,False,C->C,
medqa::1130,medqa,roman_numeral,correctness,True,True,True,True,False,0.0,2.0,Propranolol,Amiodarone,0.0,0.0,Propranolol,Propranolol,True,True,C->W,
medqa::1130,medqa,none_of_the_provided,adaptation,True,True,True,True,False,0.0,1.0,Propranolol,Digoxin,0.0,0.0,Propranolol,None of the provided options,True,True,C->W,failure_to_adapt_chose_distractor
medqa::1130,medqa,fixed_pos,correctness,True,True,True,True,True,0.0,3.0,Propranolol,Propranolol,0.0,3.0,Propranolol,Propranolol,True,False,C->C,
medqa::1130,medqa,incorrect,inversion,True,True,True,True,False,0.0,3.0,Propranolol,Warfarin,0.0,,Propranolol,,True,True,C->W,failure_to_adapt_included_gold
medqa::1130,medqa,open,open_generation,True,False,False,True,,0.0,,Propranolol,,0.0,0.0,Propranolol,Propranolol,,,,
medqa::1130,medqa,no_symbols,correctness,True,True,True,True,False,0.0,2.0,Propranolol,Amiodarone,0.0,0.0,Propranolol,Propranolol,True,True,C->W,
medqa::1144,medqa,roman_numeral,correctness,True,True,True,False,True,1.0,2.0,Low T4 and T3,High TSH,2.0,2.0,High TSH,High TSH,True,True,W->C,
medqa::1144,medqa,none_of_the_provided,adaptation,True,True,True,False,False,1.0,1.0,Low T4 and T3,Low T4 and T3,2.0,2.0,High TSH,None of the provided options,False,False,W->W,failure_to_adapt_kept_same_distractor
medqa::1144,medqa,fixed_pos,correctness,True,True,True,False,True,1.0,3.0,Low T4 and T3,High TSH,2.0,3.0,High TSH,High TSH,True,True,W->C,
medqa::1144,medqa,incorrect,inversion,True,True,True,False,True,1.0,2.0,Low T4 and T3,High TSH,2.0,,High TSH,,True,True,W->C,successful_adaptation
medqa::1144,medqa,open,open_generation,True,False,False,False,,1.0,,Low T4 and T3,,2.0,2.0,High TSH,High TSH,,,,
medqa::1144,medqa,no_symbols,correctness,True,True,True,False,False,1.0,1.0,Low T4 and T3,Low T4 and T3,2.0,2.0,High TSH,High TSH,False,False,W->W,
medqa::1154,medqa,roman_numeral,correctness,True,True,True,False,False,1.0,1.0,T-score of -0.8,T-score of -0.8,3.0,3.0,T-score of -1.6,T-score of -1.6,False,False,W->W,
medqa::1154,medqa,none_of_the_provided,adaptation,True,True,True,False,False,1.0,1.0,T-score of -0.8,T-score of -0.8,3.0,3.0,T-score of -1.6,None of the provided options,False,False,W->W,failure_to_adapt_kept_same_distractor
medqa::1154,medqa,fixed_pos,correctness,True,True,True,False,False,1.0,1.0,T-score of -0.8,T-score of -0.8,3.0,3.0,T-score of -1.6,T-score of -1.6,False,False,W->W,
medqa::1154,medqa,incorrect,inversion,True,True,True,False,False,1.0,0.0,T-score of -0.8,T-score of 1.2,3.0,,T-score of -1.6,,True,True,W->W,failure_to_adapt_included_gold
medqa::1154,medqa,open,open_generation,True,False,False,False,,1.0,,T-score of -0.8,,3.0,3.0,T-score of -1.6,T-score of -1.6,,,,
medqa::1154,medqa,no_symbols,correctness,True,True,True,False,False,1.0,,T-score of -0.8,,3.0,3.0,T-score of -1.6,T-score of -1.6,,,W->W,
medqa::1163,medqa,roman_numeral,correctness,True,True,True,False,False,3.0,3.0,Columnar mucinous epithelium,Columnar mucinous epithelium,1.0,1.0,Granulation tissue,Granulation tissue,False,False,W->W,
medqa::1163,medqa,none_of_the_provided,adaptation,True,True,True,False,False,3.0,3.0,Columnar mucinous epithelium,Columnar mucinous epithelium,1.0,1.0,Granulation tissue,None of the provided options,False,False,W->W,failure_to_adapt_kept_same_distractor
medqa::1163,medqa,fixed_pos,correctness,True,True,True,False,False,3.0,1.0,Columnar mucinous epithelium,Columnar mucinous epithelium,1.0,3.0,Granulation tissue,Granulation tissue,True,False,W->W,
medqa::1163,medqa,incorrect,inversion,True,True,True,False,False,3.0,3.0,Columnar mucinous epithelium,Columnar mucinous epithelium,1.0,,Granulation tissue,,False,False,W->W,failure_to_adapt_included_gold
medqa::1163,medqa,open,open_generation,True,False,False,False,,3.0,,Columnar mucinous epithelium,,1.0,1.0,Granulation tissue,Granulation tissue,,,,
medqa::1163,medqa,no_symbols,correctness,True,True,True,False,False,3.0,3.0,Columnar mucinous epithelium,Columnar mucinous epithelium,1.0,1.0,Granulation tissue,Granulation tissue,False,False,W->W,
medqa::1196,medqa,roman_numeral,correctness,True,True,True,False,False,3.0,3.0,Leuprolide therapy,Leuprolide therapy,2.0,2.0,Clomiphene therapy,Clomiphene therapy,False,False,W->W,
medqa::1196,medqa,none_of_the_provided,adaptation,True,True,True,False,False,3.0,3.0,Leuprolide therapy,Leuprolide therapy,2.0,2.0,Clomiphene therapy,None of the provided options,False,False,W->W,failure_to_adapt_kept_same_distractor
medqa::1196,medqa,fixed_pos,correctness,True,True,True,False,False,3.0,2.0,Leuprolide therapy,Leuprolide therapy,2.0,3.0,Clomiphene therapy,Clomiphene therapy,True,False,W->W,
medqa::1196,medqa,incorrect,inversion,True,True,True,False,False,3.0,1.0,Leuprolide therapy,Progesterone therapy,2.0,,Clomiphene therapy,,True,True,W->W,failure_to_adapt_included_gold
medqa::1196,medqa,open,open_generation,True,False,False,False,,3.0,,Leuprolide therapy,,2.0,2.0,Clomiphene therapy,Clomiphene therapy,,,,
medqa::1196,medqa,no_symbols,correctness,True,True,True,False,True,3.0,2.0,Leuprolide therapy,Clomiphene therapy,2.0,2.0,Clomiphene therapy,Clomiphene therapy,True,True,W->C,
medqa::1220,medqa,roman_numeral,correctness,True,True,True,True,False,0.0,2.0,Glycine,Lysine,0.0,0.0,Glycine,Glycine,True,True,C->W,
medqa::1220,medqa,none_of_the_provided,adaptation,True,True,True,True,False,0.0,1.0,Glycine,Proline,0.0,0.0,Glycine,None of the provided options,True,True,C->W,failure_to_adapt_chose_distractor
medqa::1220,medqa,fixed_pos,correctness,True,True,True,True,False,0.0,0.0,Glycine,Arginine,0.0,3.0,Glycine,Glycine,False,True,C->W,
medqa::1220,medqa,incorrect,inversion,True,True,True,True,True,0.0,0.0,Glycine,Glycine,0.0,,Glycine,,False,False,C->C,successful_adaptation
medqa::1220,medqa,open,open_generation,True,False,False,True,,0.0,,Glycine,,0.0,0.0,Glycine,Glycine,,,,
medqa::1220,medqa,no_symbols,correctness,True,True,True,True,False,0.0,,Glycine,,0.0,0.0,Glycine,Glycine,,,C->W,
medqa::1223,medqa,roman_numeral,correctness,True,True,True,True,True,0.0,0.0,"Hepatocytes with shrunken, eosinophilic cytoplasm and pyknotic nuclei","Hepatocytes with shrunken, eosinophilic cytoplasm and pyknotic nuclei",0.0,0.0,"Hepatocytes with shrunken, eosinophilic cytoplasm and pyknotic nuclei","Hepatocytes with shrunken, eosinophilic cytoplasm and pyknotic nuclei",False,False,C->C,
medqa::1223,medqa,none_of_the_provided,adaptation,True,True,True,True,False,0.0,3.0,"Hepatocytes with shrunken, eosinophilic cytoplasm and pyknotic nuclei","Engorged hepatocytes with red blood cell infiltration
""",0.0,0.0,"Hepatocytes with shrunken, eosinophilic cytoplasm and pyknotic nuclei",None of the provided options,True,True,C->W,failure_to_adapt_chose_distractor
medqa::1223,medqa,fixed_pos,correctness,True,True,True,True,True,0.0,3.0,"Hepatocytes with shrunken, eosinophilic cytoplasm and pyknotic nuclei","Hepatocytes with shrunken, eosinophilic cytoplasm and pyknotic nuclei",0.0,3.0,"Hepatocytes with shrunken, eosinophilic cytoplasm and pyknotic nuclei","Hepatocytes with shrunken, eosinophilic cytoplasm and pyknotic nuclei",True,False,C->C,
medqa::1223,medqa,incorrect,inversion,True,True,True,True,True,0.0,0.0,"Hepatocytes with shrunken, eosinophilic cytoplasm and pyknotic nuclei","Hepatocytes with shrunken, eosinophilic cytoplasm and pyknotic nuclei",0.0,,"Hepatocytes with shrunken, eosinophilic cytoplasm and pyknotic nuclei",,False,False,C->C,successful_adaptation
medqa::1223,medqa,open,open_generation,True,False,False,True,,0.0,,"Hepatocytes with shrunken, eosinophilic cytoplasm and pyknotic nuclei",,0.0,0.0,"Hepatocytes with shrunken, eosinophilic cytoplasm and pyknotic nuclei","Hepatocytes with shrunken, eosinophilic cytoplasm and pyknotic nuclei",,,,
medqa::1223,medqa,no_symbols,correctness,True,True,True,True,False,0.0,3.0,"Hepatocytes with shrunken, eosinophilic cytoplasm and pyknotic nuclei","Engorged hepatocytes with red blood cell infiltration
""",0.0,0.0,"Hepatocytes with shrunken, eosinophilic cytoplasm and pyknotic nuclei","Hepatocytes with shrunken, eosinophilic cytoplasm and pyknotic nuclei",True,True,C->W,
medqa::1246,medqa,roman_numeral,correctness,True,True,True,False,True,0.0,2.0,17-hydroxyprogesterone and cortisol level measurements,Blood glucose and cholesterol level measurements,2.0,2.0,Blood glucose and cholesterol level measurements,Blood glucose and cholesterol level measurements,True,True,W->C,
medqa::1246,medqa,none_of_the_provided,adaptation,True,True,True,False,False,0.0,0.0,17-hydroxyprogesterone and cortisol level measurements,17-hydroxyprogesterone and cortisol level measurements,2.0,2.0,Blood glucose and cholesterol level measurements,None of the provided options,False,False,W->W,failure_to_adapt_kept_same_distractor
medqa::1246,medqa,fixed_pos,correctness,True,True,True,False,False,0.0,0.0,17-hydroxyprogesterone and cortisol level measurements,17-hydroxyprogesterone and cortisol level measurements,2.0,3.0,Blood glucose and cholesterol level measurements,Blood glucose and cholesterol level measurements,False,False,W->W,
medqa::1246,medqa,incorrect,inversion,True,True,True,False,False,0.0,,17-hydroxyprogesterone and cortisol level measurements,,2.0,,Blood glucose and cholesterol level measurements,,,,W->W,failure_to_adapt_wrong_set_size
medqa::1246,medqa,open,open_generation,True,False,False,False,,0.0,,17-hydroxyprogesterone and cortisol level measurements,,2.0,2.0,Blood glucose and cholesterol level measurements,Blood glucose and cholesterol level measurements,,,,
medqa::1246,medqa,no_symbols,correctness,True,True,True,False,True,0.0,2.0,17-hydroxyprogesterone and cortisol level measurements,Blood glucose and cholesterol level measurements,2.0,2.0,Blood glucose and cholesterol level measurements,Blood glucose and cholesterol level measurements,True,True,W->C,
medqa::1250,medqa,roman_numeral,correctness,True,True,True,False,False,3.0,2.0,"Lamivudine
""",Raltegravir,0.0,0.0,Efavirenz,Efavirenz,True,True,W->W,
medqa::1250,medqa,none_of_the_provided,adaptation,True,True,True,False,False,3.0,3.0,"Lamivudine
""","Lamivudine
""",0.0,0.0,Efavirenz,None of the provided options,False,False,W->W,failure_to_adapt_kept_same_distractor
medqa::1250,medqa,fixed_pos,correctness,True,True,True,False,False,3.0,2.0,"Lamivudine
""",Raltegravir,0.0,3.0,Efavirenz,Efavirenz,True,True,W->W,
medqa::1250,medqa,incorrect,inversion,True,True,True,False,False,3.0,,"Lamivudine
""",,0.0,,Efavirenz,,,,W->W,failure_to_adapt_wrong_set_size
medqa::1250,medqa,open,open_generation,True,False,False,False,,3.0,,"Lamivudine
""",,0.0,0.0,Efavirenz,Efavirenz,,,,
medqa::1250,medqa,no_symbols,correctness,True,True,True,False,False,3.0,2.0,"Lamivudine
""",Raltegravir,0.0,0.0,Efavirenz,Efavirenz,True,True,W->W,
medqa::1261,medqa,roman_numeral,correctness,True,True,True,True,True,2.0,2.0,Retinoic acid,Retinoic acid,2.0,2.0,Retinoic acid,Retinoic acid,False,False,C->C,
medqa::1261,medqa,none_of_the_provided,adaptation,True,True,True,True,True,2.0,2.0,Retinoic acid,None of the provided options,2.0,2.0,Retinoic acid,None of the provided options,False,True,C->C,successful_adaptation
medqa::1261,medqa,fixed_pos,correctness,True,True,True,True,True,2.0,3.0,Retinoic acid,Retinoic acid,2.0,3.0,Retinoic acid,Retinoic acid,True,False,C->C,
medqa::1261,medqa,incorrect,inversion,True,True,True,True,True,2.0,2.0,Retinoic acid,Retinoic acid,2.0,,Retinoic acid,,False,False,C->C,successful_adaptation
medqa::1261,medqa,open,open_generation,True,False,False,True,,2.0,,Retinoic acid,,2.0,2.0,Retinoic acid,Retinoic acid,,,,
medqa::1261,medqa,no_symbols,correctness,True,True,True,True,False,2.0,,Retinoic acid,,2.0,2.0,Retinoic acid,Retinoic acid,,,C->W,
mmlu::anatomy-000,mmlu,roman_numeral,correctness,True,True,True,False,False,1.0,1.0,paralysis of the facial muscles and loss of taste.,paralysis of the facial muscles and loss of taste.,0.0,0.0,paralysis of the facial muscles.,paralysis of the facial muscles.,False,False,W->W,
mmlu::anatomy-000,mmlu,none_of_the_provided,adaptation,True,True,True,False,False,1.0,1.0,paralysis of the facial muscles and loss of taste.,paralysis of the facial muscles and loss of taste.,0.0,0.0,paralysis of the facial muscles.,None of the provided options,False,False,W->W,failure_to_adapt_kept_same_distractor
mmlu::anatomy-000,mmlu,fixed_pos,correctness,True,True,True,False,False,1.0,1.0,paralysis of the facial muscles and loss of taste.,paralysis of the facial muscles and loss of taste.,0.0,3.0,paralysis of the facial muscles.,paralysis of the facial muscles.,False,False,W->W,
mmlu::anatomy-000,mmlu,incorrect,inversion,True,True,True,False,True,1.0,0.0,paralysis of the facial muscles and loss of taste.,paralysis of the facial muscles.,0.0,,paralysis of the facial muscles.,,True,True,W->C,successful_adaptation
mmlu::anatomy-000,mmlu,open,open_generation,True,False,False,False,,1.0,,paralysis of the facial muscles and loss of taste.,,0.0,0.0,paralysis of the facial muscles.,paralysis of the facial muscles.,,,,
mmlu::anatomy-000,mmlu,no_symbols,correctness,True,True,True,False,False,1.0,1.0,paralysis of the facial muscles and loss of taste.,paralysis of the facial muscles and loss of taste.,0.0,0.0,paralysis of the facial muscles.,paralysis of the facial muscles.,False,False,W->W,
mmlu::anatomy-003,mmlu,roman_numeral,correctness,True,True,True,False,False,3.0,3.0,Sweat glands,Sweat glands,2.0,2.0,Melanocytes,Melanocytes,False,False,W->W,
mmlu::anatomy-003,mmlu,none_of_the_provided,adaptation,True,True,True,False,False,3.0,3.0,Sweat glands,Sweat glands,2.0,2.0,Melanocytes,None of the provided options,False,False,W->W,failure_to_adapt_kept_same_distractor
mmlu::anatomy-003,mmlu,fixed_pos,correctness,True,True,True,False,False,3.0,2.0,Sweat glands,Sweat glands,2.0,3.0,Melanocytes,Melanocytes,True,False,W->W,
mmlu::anatomy-003,mmlu,incorrect,inversion,True,True,True,False,False,3.0,3.0,Sweat glands,Sweat glands,2.0,,Melanocytes,,False,False,W->W,failure_to_adapt_included_gold
mmlu::anatomy-003,mmlu,open,open_generation,True,False,False,False,,3.0,,Sweat glands,,2.0,2.0,Melanocytes,Melanocytes,,,,
mmlu::anatomy-003,mmlu,no_symbols,correctness,True,True,True,False,False,3.0,3.0,Sweat glands,Sweat glands,2.0,2.0,Melanocytes,Melanocytes,False,False,W->W,
mmlu::anatomy-023,mmlu,roman_numeral,correctness,True,True,True,False,False,2.0,2.0,mesoderm formation and occurs before neurulation.,mesoderm formation and occurs before neurulation.,1.0,1.0,ectomesenchyme formation and occurs before neurulation.,ectomesenchyme formation and occurs before neurulation.,False,False,W->W,
mmlu::anatomy-023,mmlu,none_of_the_provided,adaptation,True,True,True,False,False,2.0,2.0,mesoderm formation and occurs before neurulation.,mesoderm formation and occurs before neurulation.,1.0,1.0,ectomesenchyme formation and occurs before neurulation.,None of the provided options,False,False,W->W,failure_to_adapt_kept_same_distractor
mmlu::anatomy-023,mmlu,fixed_pos,correctness,True,True,True,False,False,2.0,2.0,mesoderm formation and occurs before neurulation.,mesoderm formation and occurs before neurulation.,1.0,3.0,ectomesenchyme formation and occurs before neurulation.,ectomesenchyme formation and occurs before neurulation.,False,False,W->W,
mmlu::anatomy-023,mmlu,incorrect,inversion,True,True,True,False,False,2.0,,mesoderm formation and occurs before neurulation.,,1.0,,ectomesenchyme formation and occurs before neurulation.,,,,W->W,failure_to_adapt_wrong_set_size
mmlu::anatomy-023,mmlu,open,open_generation,True,False,False,False,,2.0,,mesoderm formation and occurs before neurulation.,,1.0,1.0,ectomesenchyme formation and occurs before neurulation.,ectomesenchyme formation and occurs before neurulation.,,,,
mmlu::anatomy-023,mmlu,no_symbols,correctness,True,True,True,False,False,2.0,2.0,mesoderm formation and occurs before neurulation.,mesoderm formation and occurs before neurulation.,1.0,1.0,ectomesenchyme formation and occurs before neurulation.,ectomesenchyme formation and occurs before neurulation.,False,False,W->W,
mmlu::anatomy-065,mmlu,roman_numeral,correctness,True,True,True,False,False,0.0,2.0,The muscles of mastication,The muscles of mastication and anterior and posterior bellies of digastric,1.0,1.0,The muscles of mastication and anterior belly of digastric,The muscles of mastication and anterior belly of digastric,True,True,W->W,
mmlu::anatomy-065,mmlu,none_of_the_provided,adaptation,True,True,True,False,False,0.0,2.0,The muscles of mastication,The muscles of mastication and anterior and posterior bellies of digastric,1.0,1.0,The muscles of mastication and anterior belly of digastric,None of the provided options,True,True,W->W,failure_to_adapt_chose_distractor
mmlu::anatomy-065,mmlu,fixed_pos,correctness,True,True,True,False,False,0.0,1.0,The muscles of mastication,"The muscles of mastication, anterior and posterior bellies of digastric and geniohyoid",1.0,3.0,The muscles of mastication and anterior belly of digastric,The muscles of mastication and anterior belly of digastric,True,True,W->W,
mmlu::anatomy-065,mmlu,incorrect,inversion,True,True,True,False,False,0.0,0.0,The muscles of mastication,The muscles of mastication,1.0,,The muscles of mastication and anterior belly of digastric,,False,False,W->W,failure_to_adapt_included_gold
mmlu::anatomy-065,mmlu,open,open_generation,True,False,False,False,,0.0,,The muscles of mastication,,1.0,1.0,The muscles of mastication and anterior belly of digastric,The muscles of mastication and anterior belly of digastric,,,,
mmlu::anatomy-065,mmlu,no_symbols,correctness,True,True,True,False,False,0.0,3.0,The muscles of mastication,"The muscles of mastication, anterior and posterior bellies of digastric and geniohyoid",1.0,1.0,The muscles of mastication and anterior belly of digastric,The muscles of mastication and anterior belly of digastric,True,True,W->W,
mmlu::anatomy-076,mmlu,roman_numeral,correctness,True,True,True,True,True,0.0,0.0,spastic paralysis.,spastic paralysis.,0.0,0.0,spastic paralysis.,spastic paralysis.,False,False,C->C,
mmlu::anatomy-076,mmlu,none_of_the_provided,adaptation,True,True,True,True,False,0.0,1.0,spastic paralysis.,flaccid paralysis.,0.0,0.0,spastic paralysis.,None of the provided options,True,True,C->W,failure_to_adapt_chose_distractor
mmlu::anatomy-076,mmlu,fixed_pos,correctness,True,True,True,True,False,0.0,1.0,spastic paralysis.,flaccid paralysis.,0.0,3.0,spastic paralysis.,spastic paralysis.,True,True,C->W,
mmlu::anatomy-076,mmlu,incorrect,inversion,True,True,True,True,False,0.0,1.0,spastic paralysis.,flaccid paralysis.,0.0,,spastic paralysis.,,True,True,C->W,failure_to_adapt_included_gold
mmlu::anatomy-076,mmlu,open,open_generation,True,False,False,True,,0.0,,spastic paralysis.,,0.0,0.0,spastic paralysis.,spastic paralysis.,,,,
mmlu::anatomy-076,mmlu,no_symbols,correctness,True,True,True,True,True,0.0,0.0,spastic paralysis.,spastic paralysis.,0.0,0.0,spastic paralysis.,spastic paralysis.,False,False,C->C,
mmlu::anatomy-087,mmlu,roman_numeral,correctness,True,True,True,False,True,1.0,2.0,muscles of the soft palate.,muscles of the lower lip.,2.0,2.0,muscles of the lower lip.,muscles of the lower lip.,True,True,W->C,
mmlu::anatomy-087,mmlu,none_of_the_provided,adaptation,True,True,True,False,False,1.0,1.0,muscles of the soft palate.,muscles of the soft palate.,2.0,2.0,muscles of the lower lip.,None of the provided options,False,False,W->W,failure_to_adapt_kept_same_distractor
mmlu::anatomy-087,mmlu,fixed_pos,correctness,True,True,True,False,False,1.0,1.0,muscles of the soft palate.,muscles of the soft palate.,2.0,3.0,muscles of the lower lip.,muscles of the lower lip.,False,False,W->W,
mmlu::anatomy-087,mmlu,incorrect,inversion,True,True,True,False,False,1.0,1.0,muscles of the soft palate.,muscles of the soft palate.,2.0,,muscles of the lower lip.,,False,False,W->W,failure_to_adapt_included_gold
mmlu::anatomy-087,mmlu,open,open_generation,True,False,False,False,,1.0,,muscles of the soft palate.,,2.0,2.0,muscles of the lower lip.,muscles of the lower lip.,,,,
mmlu::anatomy-087,mmlu,no_symbols,correctness,True,True,True,False,False,1.0,1.0,muscles of the soft palate.,muscles of the soft palate.,2.0,2.0,muscles of the lower lip.,muscles of the lower lip.,False,False,W->W,
mmlu::anatomy-094,mmlu,roman_numeral,correctness,True,True,True,False,False,1.0,3.0,Right lateral pterygoid muscle,Right medial pterygoid muscle,0.0,0.0,Left lateral pterygoid muscle,Left lateral pterygoid muscle,True,True,W->W,
mmlu::anatomy-094,mmlu,none_of_the_provided,adaptation,True,True,True,False,False,1.0,3.0,Right lateral pterygoid muscle,Right medial pterygoid muscle,0.0,0.0,Left lateral pterygoid muscle,None of the provided options,True,True,W->W,failure_to_adapt_chose_distractor
mmlu::anatomy-094,mmlu,fixed_pos,correctness,True,True,True,False,False,1.0,1.0,Right lateral pterygoid muscle,Right lateral pterygoid muscle,0.0,3.0,Left lateral pterygoid muscle,Left lateral pterygoid muscle,False,False,W->W,
mmlu::anatomy-094,mmlu,incorrect,inversion,True,True,True,False,False,1.0,1.0,Right lateral pterygoid muscle,Right lateral pterygoid muscle,0.0,,Left lateral pterygoid muscle,,False,False,W->W,failure_to_adapt_included_gold
mmlu::anatomy-094,mmlu,open,open_generation,True,False,False,False,,1.0,,Right lateral pterygoid muscle,,0.0,0.0,Left lateral pterygoid muscle,Left lateral pterygoid muscle,,,,
mmlu::anatomy-094,mmlu,no_symbols,correctness,True,True,True,False,False,1.0,3.0,Right lateral pterygoid muscle,Right medial pterygoid muscle,0.0,0.0,Left lateral pterygoid muscle,Left lateral pterygoid muscle,True,True,W->W,
mmlu::anatomy-116,mmlu,roman_numeral,correctness,True,True,True,True,False,3.0,0.0,all three structures.,the neural tube.,3.0,3.0,all three structures.,all three structures.,True,True,C->W,
mmlu::anatomy-116,mmlu,none_of_the_provided,adaptation,True,True,True,True,False,3.0,0.0,all three structures.,the neural tube.,3.0,3.0,all three structures.,None of the provided options,True,True,C->W,failure_to_adapt_chose_distractor
mmlu::anatomy-116,mmlu,fixed_pos,correctness,True,True,True,True,True,3.0,3.0,all three structures.,all three structures.,3.0,3.0,all three structures.,all three structures.,False,False,C->C,
mmlu::anatomy-116,mmlu,incorrect,inversion,True,True,True,True,False,3.0,0.0,all three structures.,the neural tube.,3.0,,all three structures.,,True,True,C->W,failure_to_adapt_included_gold
mmlu::anatomy-116,mmlu,open,open_generation,True,False,False,True,,3.0,,all three structures.,,3.0,3.0,all three structures.,all three structures.,,,,
mmlu::anatomy-116,mmlu,no_symbols,correctness,True,True,True,True,False,3.0,0.0,all three structures.,the neural tube.,3.0,3.0,all three structures.,all three structures.,True,True,C->W,
mmlu::anatomy-123,mmlu,roman_numeral,correctness,True,True,True,True,True,1.0,1.0,The temporal bone,The temporal bone,1.0,1.0,The temporal bone,The temporal bone,False,False,C->C,
mmlu::anatomy-123,mmlu,none_of_the_provided,adaptation,True,True,True,True,False,1.0,0.0,The temporal bone,The maxillary bone,1.0,1.0,The temporal bone,None of the provided options,True,True,C->W,failure_to_adapt_chose_distractor
mmlu::anatomy-123,mmlu,fixed_pos,correctness,True,True,True,True,True,1.0,3.0,The temporal bone,The temporal bone,1.0,3.0,The temporal bone,The temporal bone,True,False,C->C,
mmlu::anatomy-123,mmlu,incorrect,inversion,True,True,True,True,True,1.0,1.0,The temporal bone,The temporal bone,1.0,,The temporal bone,,False,False,C->C,successful_adaptation
mmlu::anatomy-123,mmlu,open,open_generation,True,True,True,True,False,1.0,,The temporal bone,The sphenoid bone,1.0,1.0,The temporal bone,The temporal bone,,True,C->W,
mmlu::anatomy-123,mmlu,no_symbols,correctness,True,True,True,True,True,1.0,1.0,The temporal bone,The temporal bone,1.0,1.0,The temporal bone,The temporal bone,False,False,C->C,
mmlu::clinical_knowledge-004,mmlu,roman_numeral,correctness,True,True,True,False,False,2.0,2.0,In the immediate post-operative period.,In the immediate post-operative period.,1.0,1.0,The patient has a colostomy.,The patient has a colostomy.,False,False,W->W,
mmlu::clinical_knowledge-004,mmlu,none_of_the_provided,adaptation,True,True,True,False,False,2.0,2.0,In the immediate post-operative period.,In the immediate post-operative period.,1.0,1.0,The patient has a colostomy.,None of the provided options,False,False,W->W,failure_to_adapt_kept_same_distractor
mmlu::clinical_knowledge-004,mmlu,fixed_pos,correctness,True,True,True,False,True,2.0,3.0,In the immediate post-operative period.,The patient has a colostomy.,1.0,3.0,The patient has a colostomy.,The patient has a colostomy.,True,True,W->C,
mmlu::clinical_knowledge-004,mmlu,incorrect,inversion,True,True,True,False,False,2.0,2.0,In the immediate post-operative period.,In the immediate post-operative period.,1.0,,The patient has a colostomy.,,False,False,W->W,failure_to_adapt_included_gold
mmlu::clinical_knowledge-004,mmlu,open,open_generation,True,False,False,False,,2.0,,In the immediate post-operative period.,,1.0,1.0,The patient has a colostomy.,The patient has a colostomy.,,,,
mmlu::clinical_knowledge-004,mmlu,no_symbols,correctness,True,True,True,False,False,2.0,2.0,In the immediate post-operative period.,In the immediate post-operative period.,1.0,1.0,The patient has a colostomy.,The patient has a colostomy.,False,False,W->W,
mmlu::clinical_knowledge-008,mmlu,roman_numeral,correctness,True,True,True,True,True,0.0,0.0,triplet sequences of nucleotide bases in mRNA or DNA .,triplet sequences of nucleotide bases in mRNA or DNA .,0.0,0.0,triplet sequences of nucleotide bases in mRNA or DNA .,triplet sequences of nucleotide bases in mRNA or DNA .,False,False,C->C,
mmlu::clinical_knowledge-008,mmlu,none_of_the_provided,adaptation,True,True,True,True,False,0.0,1.0,triplet sequences of nucleotide bases in mRNA or DNA .,quadruplet sequences of nucleotide bases in mRNA or DNA.,0.0,0.0,triplet sequences of nucleotide bases in mRNA or DNA .,None of the provided options,True,True,C->W,failure_to_adapt_chose_distractor
mmlu::clinical_knowledge-008,mmlu,fixed_pos,correctness,True,True,True,True,True,0.0,3.0,triplet sequences of nucleotide bases in mRNA or DNA .,triplet sequences of nucleotide bases in mRNA or DNA .,0.0,3.0,triplet sequences of nucleotide bases in mRNA or DNA .,triplet sequences of nucleotide bases in mRNA or DNA .,True,False,C->C,
mmlu::clinical_knowledge-008,mmlu,incorrect,inversion,True,True,True,True,True,0.0,0.0,triplet sequences of nucleotide bases in mRNA or DNA .,triplet sequences of nucleotide bases in mRNA or DNA .,0.0,,triplet sequences of nucleotide bases in mRNA or DNA .,,False,False,C->C,successful_adaptation
mmlu::clinical_knowledge-008,mmlu,open,open_generation,True,False,False,True,,0.0,,triplet sequences of nucleotide bases in mRNA or DNA .,,0.0,0.0,triplet sequences of nucleotide bases in mRNA or DNA .,triplet sequences of nucleotide bases in mRNA or DNA .,,,,
mmlu::clinical_knowledge-008,mmlu,no_symbols,correctness,True,True,True,True,True,0.0,0.0,triplet sequences of nucleotide bases in mRNA or DNA .,triplet sequences of nucleotide bases in mRNA or DNA .,0.0,0.0,triplet sequences of nucleotide bases in mRNA or DNA .,triplet sequences of nucleotide bases in mRNA or DNA .,False,False,C->C,
mmlu::clinical_knowledge-050,mmlu,roman_numeral,correctness,True,True,True,False,True,1.0,2.0,Every 8 hours.,Every 12 hours.,2.0,2.0,Every 12 hours.,Every 12 hours.,True,True,W->C,
mmlu::clinical_knowledge-050,mmlu,none_of_the_provided,adaptation,True,True,True,False,True,1.0,2.0,Every 8 hours.,None of the provided options,2.0,2.0,Every 12 hours.,None of the provided options,True,True,W->C,successful_adaptation
mmlu::clinical_knowledge-050,mmlu,fixed_pos,correctness,True,True,True,False,False,1.0,1.0,Every 8 hours.,Every 8 hours.,2.0,3.0,Every 12 hours.,Every 12 hours.,False,False,W->W,
mmlu::clinical_knowledge-050,mmlu,incorrect,inversion,True,True,True,False,False,1.0,1.0,Every 8 hours.,Every 8 hours.,2.0,,Every 12 hours.,,False,False,W->W,failure_to_adapt_included_gold
mmlu::clinical_knowledge-050,mmlu,open,open_generation,True,True,True,False,True,1.0,,Every 8 hours.,Every 12 hours.,2.0,2.0,Every 12 hours.,Every 12 hours.,,True,W->C,
mmlu::clinical_knowledge-050,mmlu,no_symbols,correctness,True,True,True,False,True,1.0,2.0,Every 8 hours.,Every 12 hours.,2.0,2.0,Every 12 hours.,Every 12 hours.,True,True,W->C,
mmlu::clinical_knowledge-056,mmlu,roman_numeral,correctness,True,True,True,True,False,1.0,2.0,gain in body mass.,muscle cramps.,1.0,1.0,gain in body mass.,gain in body mass.,True,True,C->W,
mmlu::clinical_knowledge-056,mmlu,none_of_the_provided,adaptation,True,True,True,True,False,1.0,2.0,gain in body mass.,muscle cramps.,1.0,1.0,gain in body mass.,None of the provided options,True,True,C->W,failure_to_adapt_chose_distractor
mmlu::clinical_knowledge-056,mmlu,fixed_pos,correctness,True,True,True,True,True,1.0,3.0,gain in body mass.,gain in body mass.,1.0,3.0,gain in body mass.,gain in body mass.,True,False,C->C,
mmlu::clinical_knowledge-056,mmlu,incorrect,inversion,True,True,True,True,True,1.0,1.0,gain in body mass.,gain in body mass.,1.0,,gain in body mass.,,False,False,C->C,successful_adaptation
mmlu::clinical_knowledge-056,mmlu,open,open_generation,True,False,False,True,,1.0,,gain in body mass.,,1.0,1.0,gain in body mass.,gain in body mass.,,,,
mmlu::clinical_knowledge-056,mmlu,no_symbols,correctness,True,True,True,True,True,1.0,1.0,gain in body mass.,gain in body mass.,1.0,1.0,gain in body mass.,gain in body mass.,False,False,C->C,
mmlu::clinical_knowledge-062,mmlu,roman_numeral,correctness,True,True,True,True,True,2.0,2.0,Leakage of effluent onto peristomal skin.,Leakage of effluent onto peristomal skin.,2.0,2.0,Leakage of effluent onto peristomal skin.,Leakage of effluent onto peristomal skin.,False,False,C->C,
mmlu::clinical_knowledge-062,mmlu,none_of_the_provided,adaptation,True,True,True,True,True,2.0,2.0,Leakage of effluent onto peristomal skin.,None of the provided options,2.0,2.0,Leakage of effluent onto peristomal skin.,None of the provided options,False,True,C->C,successful_adaptation
mmlu::clinical_knowledge-062,mmlu,fixed_pos,correctness,True,True,True,True,True,2.0,3.0,Leakage of effluent onto peristomal skin.,Leakage of effluent onto peristomal skin.,2.0,3.0,Leakage of effluent onto peristomal skin.,Leakage of effluent onto peristomal skin.,True,False,C->C,
mmlu::clinical_knowledge-062,mmlu,incorrect,inversion,True,True,True,True,False,2.0,3.0,Leakage of effluent onto peristomal skin.,The use of unscented soap to cleanse the skin.,2.0,,Leakage of effluent onto peristomal skin.,,True,True,C->W,failure_to_adapt_included_gold
mmlu::clinical_knowledge-062,mmlu,open,open_generation,True,False,False,True,,2.0,,Leakage of effluent onto peristomal skin.,,2.0,2.0,Leakage of effluent onto peristomal skin.,Leakage of effluent onto peristomal skin.,,,,
mmlu::clinical_knowledge-062,mmlu,no_symbols,correctness,True,True,True,True,True,2.0,2.0,Leakage of effluent onto peristomal skin.,Leakage of effluent onto peristomal skin.,2.0,2.0,Leakage of effluent onto peristomal skin.,Leakage of effluent onto peristomal skin.,False,False,C->C,
mmlu::clinical_knowledge-086,mmlu,roman_numeral,correctness,True,True,True,True,True,0.0,0.0,each time post-operative observations are undertaken.,each time post-operative observations are undertaken.,0.0,0.0,each time post-operative observations are undertaken.,each time post-operative observations are undertaken.,False,False,C->C,
mmlu::clinical_knowledge-086,mmlu,none_of_the_provided,adaptation,True,True,True,True,False,0.0,1.0,each time post-operative observations are undertaken.,daily.,0.0,0.0,each time post-operative observations are undertaken.,None of the provided options,True,True,C->W,failure_to_adapt_chose_distractor
mmlu::clinical_knowledge-086,mmlu,fixed_pos,correctness,True,True,True,True,False,0.0,1.0,each time post-operative observations are undertaken.,daily.,0.0,3.0,each time post-operative observations are undertaken.,each time post-operative observations are undertaken.,True,True,C->W,
mmlu::clinical_knowledge-086,mmlu,incorrect,inversion,True,True,True,True,False,0.0,,each time post-operative observations are undertaken.,,0.0,,each time post-operative observations are undertaken.,,,,C->W,failure_to_adapt_wrong_set_size
mmlu::clinical_knowledge-086,mmlu,open,open_generation,True,False,False,True,,0.0,,each time post-operative observations are undertaken.,,0.0,0.0,each time post-operative observations are undertaken.,each time post-operative observations are undertaken.,,,,
mmlu::clinical_knowledge-086,mmlu,no_symbols,correctness,True,True,True,True,True,0.0,0.0,each time post-operative observations are undertaken.,each time post-operative observations are undertaken.,0.0,0.0,each time post-operative observations are undertaken.,each time post-operative observations are undertaken.,False,False,C->C,
mmlu::clinical_knowledge-112,mmlu,roman_numeral,correctness,True,True,True,True,True,3.0,3.0,It can cause dryness of the skin.,It can cause dryness of the skin.,3.0,3.0,It can cause dryness of the skin.,It can cause dryness of the skin.,False,False,C->C,
mmlu::clinical_knowledge-112,mmlu,none_of_the_provided,adaptation,True,True,True,True,True,3.0,3.0,It can cause dryness of the skin.,None of the provided options,3.0,3.0,It can cause dryness of the skin.,None of the provided options,False,True,C->C,successful_adaptation
mmlu::clinical_knowledge-112,mmlu,fixed_pos,correctness,True,True,True,True,True,3.0,3.0,It can cause dryness of the skin.,It can cause dryness of the skin.,3.0,3.0,It can cause dryness of the skin.,It can cause dryness of the skin.,False,False,C->C,
mmlu::clinical_knowledge-112,mmlu,incorrect,inversion,True,True,True,True,True,3.0,3.0,It can cause dryness of the skin.,It can cause dryness of the skin.,3.0,,It can cause dryness of the skin.,,False,False,C->C,successful_adaptation
mmlu::clinical_knowledge-112,mmlu,open,open_generation,True,False,False,True,,3.0,,It can cause dryness of the skin.,,3.0,3.0,It can cause dryness of the skin.,It can cause dryness of the skin.,,,,
mmlu::clinical_knowledge-112,mmlu,no_symbols,correctness,True,True,True,True,True,3.0,3.0,It can cause dryness of the skin.,It can cause dryness of the skin.,3.0,3.0,It can cause dryness of the skin.,It can cause dryness of the skin.,False,False,C->C,
mmlu::clinical_knowledge-152,mmlu,roman_numeral,correctness,True,True,True,True,True,0.0,0.0,Peptide bonds,Peptide bonds,0.0,0.0,Peptide bonds,Peptide bonds,False,False,C->C,
mmlu::clinical_knowledge-152,mmlu,none_of_the_provided,adaptation,True,True,True,True,False,0.0,1.0,Peptide bonds,Hydrogen bonds,0.0,0.0,Peptide bonds,None of the provided options,True,True,C->W,failure_to_adapt_chose_distractor
mmlu::clinical_knowledge-152,mmlu,fixed_pos,correctness,True,True,True,True,True,0.0,3.0,Peptide bonds,Peptide bonds,0.0,3.0,Peptide bonds,Peptide bonds,True,False,C->C,
mmlu::clinical_knowledge-152,mmlu,incorrect,inversion,True,True,True,True,True,0.0,0.0,Peptide bonds,Peptide bonds,0.0,,Peptide bonds,,False,False,C->C,successful_adaptation
mmlu::clinical_knowledge-152,mmlu,open,open_generation,True,False,False,True,,0.0,,Peptide bonds,,0.0,0.0,Peptide bonds,Peptide bonds,,,,
mmlu::clinical_knowledge-152,mmlu,no_symbols,correctness,True,True,True,True,True,0.0,0.0,Peptide bonds,Peptide bonds,0.0,0.0,Peptide bonds,Peptide bonds,False,False,C->C,
mmlu::clinical_knowledge-174,mmlu,roman_numeral,correctness,True,True,True,True,True,0.0,0.0,"mRNA, tRNA and ribosomes.","mRNA, tRNA and ribosomes.",0.0,0.0,"mRNA, tRNA and ribosomes.","mRNA, tRNA and ribosomes.",False,False,C->C,
mmlu::clinical_knowledge-174,mmlu,none_of_the_provided,adaptation,True,True,True,True,False,0.0,1.0,"mRNA, tRNA and ribosomes.","mRNA, ribosomes and RNA polymerase.",0.0,0.0,"mRNA, tRNA and ribosomes.",None of the provided options,True,True,C->W,failure_to_adapt_chose_distractor
mmlu::clinical_knowledge-174,mmlu,fixed_pos,correctness,True,True,True,True,True,0.0,3.0,"mRNA, tRNA and ribosomes.","mRNA, tRNA and ribosomes.",0.0,3.0,"mRNA, tRNA and ribosomes.","mRNA, tRNA and ribosomes.",True,False,C->C,
mmlu::clinical_knowledge-174,mmlu,incorrect,inversion,True,True,True,True,True,0.0,0.0,"mRNA, tRNA and ribosomes.","mRNA, tRNA and ribosomes.",0.0,,"mRNA, tRNA and ribosomes.",,False,False,C->C,successful_adaptation
mmlu::clinical_knowledge-174,mmlu,open,open_generation,True,False,False,True,,0.0,,"mRNA, tRNA and ribosomes.",,0.0,0.0,"mRNA, tRNA and ribosomes.","mRNA, tRNA and ribosomes.",,,,
mmlu::clinical_knowledge-174,mmlu,no_symbols,correctness,True,True,True,True,True,0.0,0.0,"mRNA, tRNA and ribosomes.","mRNA, tRNA and ribosomes.",0.0,0.0,"mRNA, tRNA and ribosomes.","mRNA, tRNA and ribosomes.",False,False,C->C,
mmlu::clinical_knowledge-175,mmlu,roman_numeral,correctness,True,True,True,True,True,3.0,3.0,"When drugs are withdrawn from a sealed vial, fragments of the rubber bung can be cut out by the needle.","When drugs are withdrawn from a sealed vial, fragments of the rubber bung can be cut out by the needle.",3.0,3.0,"When drugs are withdrawn from a sealed vial, fragments of the rubber bung can be cut out by the needle.","When drugs are withdrawn from a sealed vial, fragments of the rubber bung can be cut out by the needle.",False,False,C->C,
mmlu::clinical_knowledge-175,mmlu,none_of_the_provided,adaptation,True,True,True,True,False,3.0,0.0,"When drugs are withdrawn from a sealed vial, fragments of the rubber bung can be cut out by the needle.",A symptom of phlebitis.,3.0,3.0,"When drugs are withdrawn from a sealed vial, fragments of the rubber bung can be cut out by the needle.",None of the provided options,True,True,C->W,failure_to_adapt_chose_distractor
mmlu::clinical_knowledge-175,mmlu,fixed_pos,correctness,True,True,True,True,True,3.0,3.0,"When drugs are withdrawn from a sealed vial, fragments of the rubber bung can be cut out by the needle.","When drugs are withdrawn from a sealed vial, fragments of the rubber bung can be cut out by the needle.",3.0,3.0,"When drugs are withdrawn from a sealed vial, fragments of the rubber bung can be cut out by the needle.","When drugs are withdrawn from a sealed vial, fragments of the rubber bung can be cut out by the needle.",False,False,C->C,
mmlu::clinical_knowledge-175,mmlu,incorrect,inversion,True,True,True,True,True,3.0,3.0,"When drugs are withdrawn from a sealed vial, fragments of the rubber bung can be cut out by the needle.","When drugs are withdrawn from a sealed vial, fragments of the rubber bung can be cut out by the needle.",3.0,,"When drugs are withdrawn from a sealed vial, fragments of the rubber bung can be cut out by the needle.",,False,False,C->C,successful_adaptation
mmlu::clinical_knowledge-175,mmlu,open,open_generation,True,False,False,True,,3.0,,"When drugs are withdrawn from a sealed vial, fragments of the rubber bung can be cut out by the needle.",,3.0,3.0,"When drugs are withdrawn from a sealed vial, fragments of the rubber bung can be cut out by the needle.","When drugs are withdrawn from a sealed vial, fragments of the rubber bung can be cut out by the needle.",,,,
mmlu::clinical_knowledge-175,mmlu,no_symbols,correctness,True,True,True,True,True,3.0,3.0,"When drugs are withdrawn from a sealed vial, fragments of the rubber bung can be cut out by the needle.","When drugs are withdrawn from a sealed vial, fragments of the rubber bung can be cut out by the needle.",3.0,3.0,"When drugs are withdrawn from a sealed vial, fragments of the rubber bung can be cut out by the needle.","When drugs are withdrawn from a sealed vial, fragments of the rubber bung can be cut out by the needle.",False,False,C->C,
mmlu::clinical_knowledge-203,mmlu,roman_numeral,correctness,True,True,True,True,True,3.0,3.0,tightly bound to enzymes and are required for their activity.,tightly bound to enzymes and are required for their activity.,3.0,3.0,tightly bound to enzymes and are required for their activity.,tightly bound to enzymes and are required for their activity.,False,False,C->C,
mmlu::clinical_knowledge-203,mmlu,none_of_the_provided,adaptation,True,True,True,True,True,3.0,3.0,tightly bound to enzymes and are required for their activity.,None of the provided options,3.0,3.0,tightly bound to enzymes and are required for their activity.,None of the provided options,False,True,C->C,successful_adaptation
mmlu::clinical_knowledge-203,mmlu,fixed_pos,correctness,True,True,True,True,True,3.0,3.0,tightly bound to enzymes and are required for their activity.,tightly bound to enzymes and are required for their activity.,3.0,3.0,tightly bound to enzymes and are required for their activity.,tightly bound to enzymes and are required for their activity.,False,False,C->C,
mmlu::clinical_knowledge-203,mmlu,incorrect,inversion,True,True,True,True,True,3.0,3.0,tightly bound to enzymes and are required for their activity.,tightly bound to enzymes and are required for their activity.,3.0,,tightly bound to enzymes and are required for their activity.,,False,False,C->C,successful_adaptation
mmlu::clinical_knowledge-203,mmlu,open,open_generation,True,False,False,True,,3.0,,tightly bound to enzymes and are required for their activity.,,3.0,3.0,tightly bound to enzymes and are required for their activity.,tightly bound to enzymes and are required for their activity.,,,,
mmlu::clinical_knowledge-203,mmlu,no_symbols,correctness,True,True,True,True,True,3.0,3.0,tightly bound to enzymes and are required for their activity.,tightly bound to enzymes and are required for their activity.,3.0,3.0,tightly bound to enzymes and are required for their activity.,tightly bound to enzymes and are required for their activity.,False,False,C->C,
mmlu::clinical_knowledge-218,mmlu,roman_numeral,correctness,True,True,True,True,False,0.0,2.0,acetylcholine which traverses the neuromuscular junction.,calcium ions which initiate an action potential along the muscle fibre.,0.0,0.0,acetylcholine which traverses the neuromuscular junction.,acetylcholine which traverses the neuromuscular junction.,True,True,C->W,
mmlu::clinical_knowledge-218,mmlu,none_of_the_provided,adaptation,True,True,True,True,False,0.0,2.0,acetylcholine which traverses the neuromuscular junction.,calcium ions which initiate an action potential along the muscle fibre.,0.0,0.0,acetylcholine which traverses the neuromuscular junction.,None of the provided options,True,True,C->W,failure_to_adapt_chose_distractor
mmlu::clinical_knowledge-218,mmlu,fixed_pos,correctness,True,True,True,True,True,0.0,3.0,acetylcholine which traverses the neuromuscular junction.,acetylcholine which traverses the neuromuscular junction.,0.0,3.0,acetylcholine which traverses the neuromuscular junction.,acetylcholine which traverses the neuromuscular junction.,True,False,C->C,
mmlu::clinical_knowledge-218,mmlu,incorrect,inversion,True,True,True,True,False,0.0,2.0,acetylcholine which traverses the neuromuscular junction.,calcium ions which initiate an action potential along the muscle fibre.,0.0,,acetylcholine which traverses the neuromuscular junction.,,True,True,C->W,failure_to_adapt_included_gold
mmlu::clinical_knowledge-218,mmlu,open,open_generation,True,False,False,True,,0.0,,acetylcholine which traverses the neuromuscular junction.,,0.0,0.0,acetylcholine which traverses the neuromuscular junction.,acetylcholine which traverses the neuromuscular junction.,,,,
mmlu::clinical_knowledge-218,mmlu,no_symbols,correctness,True,True,True,True,True,0.0,0.0,acetylcholine which traverses the neuromuscular junction.,acetylcholine which traverses the neuromuscular junction.,0.0,0.0,acetylcholine which traverses the neuromuscular junction.,acetylcholine which traverses the neuromuscular junction.,False,False,C->C,
mmlu::clinical_knowledge-246,mmlu,roman_numeral,correctness,True,True,True,True,True,2.0,2.0,may impair high intensity exercise performance.,may impair high intensity exercise performance.,2.0,2.0,may impair high intensity exercise performance.,may impair high intensity exercise performance.,False,False,C->C,
mmlu::clinical_knowledge-246,mmlu,none_of_the_provided,adaptation,True,True,True,True,False,2.0,1.0,may impair high intensity exercise performance.,affects the resting muscle pH.,2.0,2.0,may impair high intensity exercise performance.,None of the provided options,True,True,C->W,failure_to_adapt_chose_distractor
mmlu::clinical_knowledge-246,mmlu,fixed_pos,correctness,True,True,True,True,True,2.0,3.0,may impair high intensity exercise performance.,may impair high intensity exercise performance.,2.0,3.0,may impair high intensity exercise performance.,may impair high intensity exercise performance.,True,False,C->C,
mmlu::clinical_knowledge-246,mmlu,incorrect,inversion,True,True,True,True,False,2.0,3.0,may impair high intensity exercise performance.,results in greater reliance on muscle glycogen during exercise.,2.0,,may impair high intensity exercise performance.,,True,True,C->W,failure_to_adapt_included_gold
mmlu::clinical_knowledge-246,mmlu,open,open_generation,True,False,False,True,,2.0,,may impair high intensity exercise performance.,,2.0,2.0,may impair high intensity exercise performance.,may impair high intensity exercise performance.,,,,
mmlu::clinical_knowledge-246,mmlu,no_symbols,correctness,True,True,True,True,False,2.0,1.0,may impair high intensity exercise performance.,affects the resting muscle pH.,2.0,2.0,may impair high intensity exercise performance.,may impair high intensity exercise performance.,True,True,C->W,
mmlu::clinical_knowledge-251,mmlu,roman_numeral,correctness,True,True,True,True,True,2.0,2.0,It is indicative of a cerebellar lesion,It is indicative of a cerebellar lesion,2.0,2.0,It is indicative of a cerebellar lesion,It is indicative of a cerebellar lesion,False,False,C->C,
mmlu::clinical_knowledge-251,mmlu,none_of_the_provided,adaptation,True,True,True,True,True,2.0,2.0,It is indicative of a cerebellar lesion,None of the provided options,2.0,2.0,It is indicative of a cerebellar lesion,None of the provided options,False,True,C->C,successful_adaptation
mmlu::clinical_knowledge-251,mmlu,fixed_pos,correctness,True,True,True,True,True,2.0,3.0,It is indicative of a cerebellar lesion,It is indicative of a cerebellar lesion,2.0,3.0,It is indicative of a cerebellar lesion,It is indicative of a cerebellar lesion,True,False,C->C,
mmlu::clinical_knowledge-251,mmlu,incorrect,inversion,True,True,True,True,True,2.0,2.0,It is indicative of a cerebellar lesion,It is indicative of a cerebellar lesion,2.0,,It is indicative of a cerebellar lesion,,False,False,C->C,successful_adaptation
mmlu::clinical_knowledge-251,mmlu,open,open_generation,True,False,False,True,,2.0,,It is indicative of a cerebellar lesion,,2.0,2.0,It is indicative of a cerebellar lesion,It is indicative of a cerebellar lesion,,,,
mmlu::clinical_knowledge-251,mmlu,no_symbols,correctness,True,True,True,True,True,2.0,2.0,It is indicative of a cerebellar lesion,It is indicative of a cerebellar lesion,2.0,2.0,It is indicative of a cerebellar lesion,It is indicative of a cerebellar lesion,False,False,C->C,
mmlu::clinical_knowledge-261,mmlu,roman_numeral,correctness,True,True,True,True,True,1.0,1.0,anaerobic energy production.,anaerobic energy production.,1.0,1.0,anaerobic energy production.,anaerobic energy production.,False,False,C->C,
mmlu::clinical_knowledge-261,mmlu,none_of_the_provided,adaptation,True,True,True,True,False,1.0,2.0,anaerobic energy production.,the TCA cycle (Krebs' cycle) to the production of ATP.,1.0,1.0,anaerobic energy production.,None of the provided options,True,True,C->W,failure_to_adapt_chose_distractor
mmlu::clinical_knowledge-261,mmlu,fixed_pos,correctness,True,True,True,True,True,1.0,3.0,anaerobic energy production.,anaerobic energy production.,1.0,3.0,anaerobic energy production.,anaerobic energy production.,True,False,C->C,
mmlu::clinical_knowledge-261,mmlu,incorrect,inversion,True,True,True,True,True,1.0,1.0,anaerobic energy production.,anaerobic energy production.,1.0,,anaerobic energy production.,,False,False,C->C,successful_adaptation
mmlu::clinical_knowledge-261,mmlu,open,open_generation,True,False,False,True,,1.0,,anaerobic energy production.,,1.0,1.0,anaerobic energy production.,anaerobic energy production.,,,,
mmlu::clinical_knowledge-261,mmlu,no_symbols,correctness,True,True,True,True,True,1.0,1.0,anaerobic energy production.,anaerobic energy production.,1.0,1.0,anaerobic energy production.,anaerobic energy production.,False,False,C->C,
mmlu::clinical_knowledge-263,mmlu,roman_numeral,correctness,True,True,True,True,True,3.0,3.0,the cytoplasm.,the cytoplasm.,3.0,3.0,the cytoplasm.,the cytoplasm.,False,False,C->C,
mmlu::clinical_knowledge-263,mmlu,none_of_the_provided,adaptation,True,True,True,True,False,3.0,0.0,the cytoplasm.,the mitochondria.,3.0,3.0,the cytoplasm.,None of the provided options,True,True,C->W,failure_to_adapt_chose_distractor
mmlu::clinical_knowledge-263,mmlu,fixed_pos,correctness,True,True,True,True,True,3.0,3.0,the cytoplasm.,the cytoplasm.,3.0,3.0,the cytoplasm.,the cytoplasm.,False,False,C->C,
mmlu::clinical_knowledge-263,mmlu,incorrect,inversion,True,True,True,True,True,3.0,3.0,the cytoplasm.,the cytoplasm.,3.0,,the cytoplasm.,,False,False,C->C,successful_adaptation
mmlu::clinical_knowledge-263,mmlu,open,open_generation,True,False,False,True,,3.0,,the cytoplasm.,,3.0,3.0,the cytoplasm.,the cytoplasm.,,,,
mmlu::clinical_knowledge-263,mmlu,no_symbols,correctness,True,True,True,True,True,3.0,3.0,the cytoplasm.,the cytoplasm.,3.0,3.0,the cytoplasm.,the cytoplasm.,False,False,C->C,
mmlu::college_biology-015,mmlu,roman_numeral,correctness,True,True,True,True,True,2.0,2.0,cortical reaction,cortical reaction,2.0,2.0,cortical reaction,cortical reaction,False,False,C->C,
mmlu::college_biology-015,mmlu,none_of_the_provided,adaptation,True,True,True,True,False,2.0,3.0,cortical reaction,fertilization reaction,2.0,2.0,cortical reaction,None of the provided options,True,True,C->W,failure_to_adapt_chose_distractor
mmlu::college_biology-015,mmlu,fixed_pos,correctness,True,True,True,True,False,2.0,2.0,cortical reaction,fertilization reaction,2.0,3.0,cortical reaction,cortical reaction,False,True,C->W,
mmlu::college_biology-015,mmlu,incorrect,inversion,True,True,True,True,True,2.0,2.0,cortical reaction,cortical reaction,2.0,,cortical reaction,,False,False,C->C,successful_adaptation
mmlu::college_biology-015,mmlu,open,open_generation,True,False,False,True,,2.0,,cortical reaction,,2.0,2.0,cortical reaction,cortical reaction,,,,
mmlu::college_biology-015,mmlu,no_symbols,correctness,True,True,True,True,True,2.0,2.0,cortical reaction,cortical reaction,2.0,2.0,cortical reaction,cortical reaction,False,False,C->C,
mmlu::college_biology-036,mmlu,roman_numeral,correctness,True,True,True,True,False,1.0,2.0,In the relaxed position tropomyosin impedes myosin's access to the binding site of actin.,Each myosin helical tail contains an actinbinding site and an ATP-hydrolyzing site.,1.0,1.0,In the relaxed position tropomyosin impedes myosin's access to the binding site of actin.,In the relaxed position tropomyosin impedes myosin's access to the binding site of actin.,True,True,C->W,
mmlu::college_biology-036,mmlu,none_of_the_provided,adaptation,True,True,True,True,True,1.0,1.0,In the relaxed position tropomyosin impedes myosin's access to the binding site of actin.,None of the provided options,1.0,1.0,In the relaxed position tropomyosin impedes myosin's access to the binding site of actin.,None of the provided options,False,True,C->C,successful_adaptation
mmlu::college_biology-036,mmlu,fixed_pos,correctness,True,True,True,True,True,1.0,3.0,In the relaxed position tropomyosin impedes myosin's access to the binding site of actin.,In the relaxed position tropomyosin impedes myosin's access to the binding site of actin.,1.0,3.0,In the relaxed position tropomyosin impedes myosin's access to the binding site of actin.,In the relaxed position tropomyosin impedes myosin's access to the binding site of actin.,True,False,C->C,
mmlu::college_biology-036,mmlu,incorrect,inversion,True,True,True,True,False,1.0,,In the relaxed position tropomyosin impedes myosin's access to the binding site of actin.,,1.0,,In the relaxed position tropomyosin impedes myosin's access to the binding site of actin.,,,,C->W,failure_to_adapt_wrong_set_size
mmlu::college_biology-036,mmlu,open,open_generation,True,False,False,True,,1.0,,In the relaxed position tropomyosin impedes myosin's access to the binding site of actin.,,1.0,1.0,In the relaxed position tropomyosin impedes myosin's access to the binding site of actin.,In the relaxed position tropomyosin impedes myosin's access to the binding site of actin.,,,,
mmlu::college_biology-036,mmlu,no_symbols,correctness,True,True,True,True,True,1.0,1.0,In the relaxed position tropomyosin impedes myosin's access to the binding site of actin.,In the relaxed position tropomyosin impedes myosin's access to the binding site of actin.,1.0,1.0,In the relaxed position tropomyosin impedes myosin's access to the binding site of actin.,In the relaxed position tropomyosin impedes myosin's access to the binding site of actin.,False,False,C->C,
mmlu::college_biology-071,mmlu,roman_numeral,correctness,True,True,True,True,True,2.0,2.0,gap junction,gap junction,2.0,2.0,gap junction,gap junction,False,False,C->C,
mmlu::college_biology-071,mmlu,none_of_the_provided,adaptation,True,True,True,True,False,2.0,3.0,gap junction,tight junction,2.0,2.0,gap junction,None of the provided options,True,True,C->W,failure_to_adapt_chose_distractor
mmlu::college_biology-071,mmlu,fixed_pos,correctness,True,True,True,True,True,2.0,3.0,gap junction,gap junction,2.0,3.0,gap junction,gap junction,True,False,C->C,
mmlu::college_biology-071,mmlu,incorrect,inversion,True,True,True,True,True,2.0,2.0,gap junction,gap junction,2.0,,gap junction,,False,False,C->C,successful_adaptation
mmlu::college_biology-071,mmlu,open,open_generation,True,True,True,True,False,2.0,,gap junction,tight junction,2.0,2.0,gap junction,gap junction,,True,C->W,
mmlu::college_biology-071,mmlu,no_symbols,correctness,True,True,True,True,True,2.0,2.0,gap junction,gap junction,2.0,2.0,gap junction,gap junction,False,False,C->C,
mmlu::college_biology-083,mmlu,roman_numeral,correctness,True,True,True,False,True,1.0,2.0,Fumarate,Oxaloacetate,2.0,2.0,Oxaloacetate,Oxaloacetate,True,True,W->C,
mmlu::college_biology-083,mmlu,none_of_the_provided,adaptation,True,True,True,False,True,1.0,2.0,Fumarate,None of the provided options,2.0,2.0,Oxaloacetate,None of the provided options,True,True,W->C,successful_adaptation
mmlu::college_biology-083,mmlu,fixed_pos,correctness,True,True,True,False,False,1.0,1.0,Fumarate,Fumarate,2.0,3.0,Oxaloacetate,Oxaloacetate,False,False,W->W,
mmlu::college_biology-083,mmlu,incorrect,inversion,True,True,True,False,True,1.0,2.0,Fumarate,Oxaloacetate,2.0,,Oxaloacetate,,True,True,W->C,successful_adaptation
mmlu::college_biology-083,mmlu,open,open_generation,True,False,False,False,,1.0,,Fumarate,,2.0,2.0,Oxaloacetate,Oxaloacetate,,,,
mmlu::college_biology-083,mmlu,no_symbols,correctness,True,True,True,False,False,1.0,1.0,Fumarate,Fumarate,2.0,2.0,Oxaloacetate,Oxaloacetate,False,False,W->W,
mmlu::college_medicine-008,mmlu,roman_numeral,correctness,True,True,True,True,True,0.0,0.0,"mRNA, tRNA and ribosomes.","mRNA, tRNA and ribosomes.",0.0,0.0,"mRNA, tRNA and ribosomes.","mRNA, tRNA and ribosomes.",False,False,C->C,
mmlu::college_medicine-008,mmlu,none_of_the_provided,adaptation,True,True,True,True,False,0.0,1.0,"mRNA, tRNA and ribosomes.","mRNA, ribosomes and RNA polymerase.",0.0,0.0,"mRNA, tRNA and ribosomes.",None of the provided options,True,True,C->W,failure_to_adapt_chose_distractor
mmlu::college_medicine-008,mmlu,fixed_pos,correctness,True,True,True,True,True,0.0,3.0,"mRNA, tRNA and ribosomes.","mRNA, tRNA and ribosomes.",0.0,3.0,"mRNA, tRNA and ribosomes.","mRNA, tRNA and ribosomes.",True,False,C->C,
mmlu::college_medicine-008,mmlu,incorrect,inversion,True,True,True,True,True,0.0,0.0,"mRNA, tRNA and ribosomes.","mRNA, tRNA and ribosomes.",0.0,,"mRNA, tRNA and ribosomes.",,False,False,C->C,successful_adaptation
mmlu::college_medicine-008,mmlu,open,open_generation,True,False,False,True,,0.0,,"mRNA, tRNA and ribosomes.",,0.0,0.0,"mRNA, tRNA and ribosomes.","mRNA, tRNA and ribosomes.",,,,
mmlu::college_medicine-008,mmlu,no_symbols,correctness,True,True,True,True,True,0.0,0.0,"mRNA, tRNA and ribosomes.","mRNA, tRNA and ribosomes.",0.0,0.0,"mRNA, tRNA and ribosomes.","mRNA, tRNA and ribosomes.",False,False,C->C,
mmlu::college_medicine-022,mmlu,roman_numeral,correctness,True,True,True,True,True,3.0,3.0,All of the above.,All of the above.,3.0,3.0,All of the above.,All of the above.,False,False,C->C,
mmlu::college_medicine-022,mmlu,none_of_the_provided,adaptation,True,True,True,True,False,3.0,2.0,All of the above.,The presence of certain metal ions.,3.0,3.0,All of the above.,None of the provided options,True,True,C->W,failure_to_adapt_chose_distractor
mmlu::college_medicine-022,mmlu,fixed_pos,correctness,True,True,True,True,True,3.0,3.0,All of the above.,All of the above.,3.0,3.0,All of the above.,All of the above.,False,False,C->C,
mmlu::college_medicine-022,mmlu,incorrect,inversion,True,True,True,True,True,3.0,3.0,All of the above.,All of the above.,3.0,,All of the above.,,False,False,C->C,successful_adaptation
mmlu::college_medicine-022,mmlu,open,open_generation,True,False,False,True,,3.0,,All of the above.,,3.0,3.0,All of the above.,All of the above.,,,,
mmlu::college_medicine-022,mmlu,no_symbols,correctness,True,True,True,True,True,3.0,3.0,All of the above.,All of the above.,3.0,3.0,All of the above.,All of the above.,False,False,C->C,
mmlu::college_medicine-048,mmlu,roman_numeral,correctness,True,True,True,True,True,1.0,1.0,Maintains alveoli in an open state,Maintains alveoli in an open state,1.0,1.0,Maintains alveoli in an open state,Maintains alveoli in an open state,False,False,C->C,
mmlu::college_medicine-048,mmlu,none_of_the_provided,adaptation,True,True,True,True,False,1.0,0.0,Maintains alveoli in an open state,Increases surface permeability,1.0,1.0,Maintains alveoli in an open state,None of the provided options,True,True,C->W,failure_to_adapt_chose_distractor
mmlu::college_medicine-048,mmlu,fixed_pos,correctness,True,True,True,True,True,1.0,3.0,Maintains alveoli in an open state,Maintains alveoli in an open state,1.0,3.0,Maintains alveoli in an open state,Maintains alveoli in an open state,True,False,C->C,
mmlu::college_medicine-048,mmlu,incorrect,inversion,True,True,True,True,True,1.0,1.0,Maintains alveoli in an open state,Maintains alveoli in an open state,1.0,,Maintains alveoli in an open state,,False,False,C->C,successful_adaptation
mmlu::college_medicine-048,mmlu,open,open_generation,True,False,False,True,,1.0,,Maintains alveoli in an open state,,1.0,1.0,Maintains alveoli in an open state,Maintains alveoli in an open state,,,,
mmlu::college_medicine-048,mmlu,no_symbols,correctness,True,True,True,True,True,1.0,1.0,Maintains alveoli in an open state,Maintains alveoli in an open state,1.0,1.0,Maintains alveoli in an open state,Maintains alveoli in an open state,False,False,C->C,
mmlu::college_medicine-053,mmlu,roman_numeral,correctness,True,True,True,True,True,2.0,2.0,may impair high intensity exercise performance.,may impair high intensity exercise performance.,2.0,2.0,may impair high intensity exercise performance.,may impair high intensity exercise performance.,False,False,C->C,
mmlu::college_medicine-053,mmlu,none_of_the_provided,adaptation,True,True,True,True,False,2.0,1.0,may impair high intensity exercise performance.,affects the resting muscle pH.,2.0,2.0,may impair high intensity exercise performance.,None of the provided options,True,True,C->W,failure_to_adapt_chose_distractor
mmlu::college_medicine-053,mmlu,fixed_pos,correctness,True,True,True,True,True,2.0,3.0,may impair high intensity exercise performance.,may impair high intensity exercise performance.,2.0,3.0,may impair high intensity exercise performance.,may impair high intensity exercise performance.,True,False,C->C,
mmlu::college_medicine-053,mmlu,incorrect,inversion,True,True,True,True,False,2.0,3.0,may impair high intensity exercise performance.,results in greater reliance on muscle glycogen during exercise.,2.0,,may impair high intensity exercise performance.,,True,True,C->W,failure_to_adapt_included_gold
mmlu::college_medicine-053,mmlu,open,open_generation,True,False,False,True,,2.0,,may impair high intensity exercise performance.,,2.0,2.0,may impair high intensity exercise performance.,may impair high intensity exercise performance.,,,,
mmlu::college_medicine-053,mmlu,no_symbols,correctness,True,True,True,True,False,2.0,1.0,may impair high intensity exercise performance.,affects the resting muscle pH.,2.0,2.0,may impair high intensity exercise performance.,may impair high intensity exercise performance.,True,True,C->W,
mmlu::college_medicine-076,mmlu,roman_numeral,correctness,True,True,True,True,False,0.0,2.0,acetylcholine which traverses the neuromuscular junction.,calcium ions which initiate an action potential along the muscle fibre.,0.0,0.0,acetylcholine which traverses the neuromuscular junction.,acetylcholine which traverses the neuromuscular junction.,True,True,C->W,
mmlu::college_medicine-076,mmlu,none_of_the_provided,adaptation,True,True,True,True,False,0.0,2.0,acetylcholine which traverses the neuromuscular junction.,calcium ions which initiate an action potential along the muscle fibre.,0.0,0.0,acetylcholine which traverses the neuromuscular junction.,None of the provided options,True,True,C->W,failure_to_adapt_chose_distractor
mmlu::college_medicine-076,mmlu,fixed_pos,correctness,True,True,True,True,True,0.0,3.0,acetylcholine which traverses the neuromuscular junction.,acetylcholine which traverses the neuromuscular junction.,0.0,3.0,acetylcholine which traverses the neuromuscular junction.,acetylcholine which traverses the neuromuscular junction.,True,False,C->C,
mmlu::college_medicine-076,mmlu,incorrect,inversion,True,True,True,True,False,0.0,2.0,acetylcholine which traverses the neuromuscular junction.,calcium ions which initiate an action potential along the muscle fibre.,0.0,,acetylcholine which traverses the neuromuscular junction.,,True,True,C->W,failure_to_adapt_included_gold
mmlu::college_medicine-076,mmlu,open,open_generation,True,False,False,True,,0.0,,acetylcholine which traverses the neuromuscular junction.,,0.0,0.0,acetylcholine which traverses the neuromuscular junction.,acetylcholine which traverses the neuromuscular junction.,,,,
mmlu::college_medicine-076,mmlu,no_symbols,correctness,True,True,True,True,True,0.0,0.0,acetylcholine which traverses the neuromuscular junction.,acetylcholine which traverses the neuromuscular junction.,0.0,0.0,acetylcholine which traverses the neuromuscular junction.,acetylcholine which traverses the neuromuscular junction.,False,False,C->C,
mmlu::college_medicine-091,mmlu,roman_numeral,correctness,True,True,True,True,True,0.0,0.0,Peptide bonds,Peptide bonds,0.0,0.0,Peptide bonds,Peptide bonds,False,False,C->C,
mmlu::college_medicine-091,mmlu,none_of_the_provided,adaptation,True,True,True,True,False,0.0,1.0,Peptide bonds,Hydrogen bonds,0.0,0.0,Peptide bonds,None of the provided options,True,True,C->W,failure_to_adapt_chose_distractor
mmlu::college_medicine-091,mmlu,fixed_pos,correctness,True,True,True,True,True,0.0,3.0,Peptide bonds,Peptide bonds,0.0,3.0,Peptide bonds,Peptide bonds,True,False,C->C,
mmlu::college_medicine-091,mmlu,incorrect,inversion,True,True,True,True,True,0.0,0.0,Peptide bonds,Peptide bonds,0.0,,Peptide bonds,,False,False,C->C,successful_adaptation
mmlu::college_medicine-091,mmlu,open,open_generation,True,False,False,True,,0.0,,Peptide bonds,,0.0,0.0,Peptide bonds,Peptide bonds,,,,
mmlu::college_medicine-091,mmlu,no_symbols,correctness,True,True,True,True,True,0.0,0.0,Peptide bonds,Peptide bonds,0.0,0.0,Peptide bonds,Peptide bonds,False,False,C->C,
mmlu::college_medicine-098,mmlu,roman_numeral,correctness,True,True,True,False,False,0.0,0.0,Cardiac muscle contraction,Cardiac muscle contraction,3.0,3.0,Meiosis,Meiosis,False,False,W->W,
mmlu::college_medicine-098,mmlu,none_of_the_provided,adaptation,True,True,True,False,True,0.0,3.0,Cardiac muscle contraction,None of the provided options,3.0,3.0,Meiosis,None of the provided options,True,True,W->C,successful_adaptation
mmlu::college_medicine-098,mmlu,fixed_pos,correctness,True,True,True,False,False,0.0,0.0,Cardiac muscle contraction,Cardiac muscle contraction,3.0,3.0,Meiosis,Meiosis,False,False,W->W,
mmlu::college_medicine-098,mmlu,incorrect,inversion,True,True,True,False,True,0.0,3.0,Cardiac muscle contraction,Meiosis,3.0,,Meiosis,,True,True,W->C,successful_adaptation
mmlu::college_medicine-098,mmlu,open,open_generation,True,False,False,False,,0.0,,Cardiac muscle contraction,,3.0,3.0,Meiosis,Meiosis,,,,
mmlu::college_medicine-098,mmlu,no_symbols,correctness,True,True,True,False,False,0.0,,Cardiac muscle contraction,,3.0,3.0,Meiosis,Meiosis,,,W->W,
mmlu::college_medicine-110,mmlu,roman_numeral,correctness,True,True,True,True,True,3.0,3.0,"red, oxidative, slow contracting.","red, oxidative, slow contracting.",3.0,3.0,"red, oxidative, slow contracting.","red, oxidative, slow contracting.",False,False,C->C,
mmlu::college_medicine-110,mmlu,none_of_the_provided,adaptation,True,True,True,True,False,3.0,0.0,"red, oxidative, slow contracting.","white, glycolytic, slow contracting.",3.0,3.0,"red, oxidative, slow contracting.",None of the provided options,True,True,C->W,failure_to_adapt_chose_distractor
mmlu::college_medicine-110,mmlu,fixed_pos,correctness,True,True,True,True,True,3.0,3.0,"red, oxidative, slow contracting.","red, oxidative, slow contracting.",3.0,3.0,"red, oxidative, slow contracting.","red, oxidative, slow contracting.",False,False,C->C,
mmlu::college_medicine-110,mmlu,incorrect,inversion,True,True,True,True,True,3.0,3.0,"red, oxidative, slow contracting.","red, oxidative, slow contracting.",3.0,,"red, oxidative, slow contracting.",,False,False,C->C,successful_adaptation
mmlu::college_medicine-110,mmlu,open,open_generation,True,False,False,True,,3.0,,"red, oxidative, slow contracting.",,3.0,3.0,"red, oxidative, slow contracting.","red, oxidative, slow contracting.",,,,
mmlu::college_medicine-110,mmlu,no_symbols,correctness,True,True,True,True,True,3.0,3.0,"red, oxidative, slow contracting.","red, oxidative, slow contracting.",3.0,3.0,"red, oxidative, slow contracting.","red, oxidative, slow contracting.",False,False,C->C,
mmlu::college_medicine-117,mmlu,roman_numeral,correctness,True,True,True,True,False,0.0,2.0,Subculture,Microculture,0.0,0.0,Subculture,Subculture,True,True,C->W,
mmlu::college_medicine-117,mmlu,none_of_the_provided,adaptation,True,True,True,True,False,0.0,2.0,Subculture,Microculture,0.0,0.0,Subculture,None of the provided options,True,True,C->W,failure_to_adapt_chose_distractor
mmlu::college_medicine-117,mmlu,fixed_pos,correctness,True,True,True,True,True,0.0,3.0,Subculture,Subculture,0.0,3.0,Subculture,Subculture,True,False,C->C,
mmlu::college_medicine-117,mmlu,incorrect,inversion,True,True,True,True,False,0.0,,Subculture,,0.0,,Subculture,,,,C->W,failure_to_adapt_wrong_set_size
mmlu::college_medicine-117,mmlu,open,open_generation,True,False,False,True,,0.0,,Subculture,,0.0,0.0,Subculture,Subculture,,,,
mmlu::college_medicine-117,mmlu,no_symbols,correctness,True,True,True,True,True,0.0,0.0,Subculture,Subculture,0.0,0.0,Subculture,Subculture,False,False,C->C,
mmlu::college_medicine-118,mmlu,roman_numeral,correctness,True,True,True,True,True,3.0,3.0,tightly bound to enzymes and are required for their activity.,tightly bound to enzymes and are required for their activity.,3.0,3.0,tightly bound to enzymes and are required for their activity.,tightly bound to enzymes and are required for their activity.,False,False,C->C,
mmlu::college_medicine-118,mmlu,none_of_the_provided,adaptation,True,True,True,True,True,3.0,3.0,tightly bound to enzymes and are required for their activity.,None of the provided options,3.0,3.0,tightly bound to enzymes and are required for their activity.,None of the provided options,False,True,C->C,successful_adaptation
mmlu::college_medicine-118,mmlu,fixed_pos,correctness,True,True,True,True,True,3.0,3.0,tightly bound to enzymes and are required for their activity.,tightly bound to enzymes and are required for their activity.,3.0,3.0,tightly bound to enzymes and are required for their activity.,tightly bound to enzymes and are required for their activity.,False,False,C->C,
mmlu::college_medicine-118,mmlu,incorrect,inversion,True,True,True,True,True,3.0,3.0,tightly bound to enzymes and are required for their activity.,tightly bound to enzymes and are required for their activity.,3.0,,tightly bound to enzymes and are required for their activity.,,False,False,C->C,successful_adaptation
mmlu::college_medicine-118,mmlu,open,open_generation,True,False,False,True,,3.0,,tightly bound to enzymes and are required for their activity.,,3.0,3.0,tightly bound to enzymes and are required for their activity.,tightly bound to enzymes and are required for their activity.,,,,
mmlu::college_medicine-118,mmlu,no_symbols,correctness,True,True,True,True,True,3.0,3.0,tightly bound to enzymes and are required for their activity.,tightly bound to enzymes and are required for their activity.,3.0,3.0,tightly bound to enzymes and are required for their activity.,tightly bound to enzymes and are required for their activity.,False,False,C->C,
mmlu::college_medicine-119,mmlu,roman_numeral,correctness,True,True,True,True,True,0.0,0.0,triplet sequences of nucleotide bases in mRNA or DNA .,triplet sequences of nucleotide bases in mRNA or DNA .,0.0,0.0,triplet sequences of nucleotide bases in mRNA or DNA .,triplet sequences of nucleotide bases in mRNA or DNA .,False,False,C->C,
mmlu::college_medicine-119,mmlu,none_of_the_provided,adaptation,True,True,True,True,False,0.0,1.0,triplet sequences of nucleotide bases in mRNA or DNA .,quadruplet sequences of nucleotide bases in mRNA or DNA.,0.0,0.0,triplet sequences of nucleotide bases in mRNA or DNA .,None of the provided options,True,True,C->W,failure_to_adapt_chose_distractor
mmlu::college_medicine-119,mmlu,fixed_pos,correctness,True,True,True,True,True,0.0,3.0,triplet sequences of nucleotide bases in mRNA or DNA .,triplet sequences of nucleotide bases in mRNA or DNA .,0.0,3.0,triplet sequences of nucleotide bases in mRNA or DNA .,triplet sequences of nucleotide bases in mRNA or DNA .,True,False,C->C,
mmlu::college_medicine-119,mmlu,incorrect,inversion,True,True,True,True,True,0.0,0.0,triplet sequences of nucleotide bases in mRNA or DNA .,triplet sequences of nucleotide bases in mRNA or DNA .,0.0,,triplet sequences of nucleotide bases in mRNA or DNA .,,False,False,C->C,successful_adaptation
mmlu::college_medicine-119,mmlu,open,open_generation,True,False,False,True,,0.0,,triplet sequences of nucleotide bases in mRNA or DNA .,,0.0,0.0,triplet sequences of nucleotide bases in mRNA or DNA .,triplet sequences of nucleotide bases in mRNA or DNA .,,,,
mmlu::college_medicine-119,mmlu,no_symbols,correctness,True,True,True,True,True,0.0,0.0,triplet sequences of nucleotide bases in mRNA or DNA .,triplet sequences of nucleotide bases in mRNA or DNA .,0.0,0.0,triplet sequences of nucleotide bases in mRNA or DNA .,triplet sequences of nucleotide bases in mRNA or DNA .,False,False,C->C,
mmlu::college_medicine-152,mmlu,roman_numeral,correctness,True,False,False,True,,0.0,,ATP.,,0.0,0.0,ATP.,ATP.,,,,
mmlu::college_medicine-152,mmlu,none_of_the_provided,adaptation,True,True,True,True,False,0.0,3.0,ATP.,oxidative phosphorylation.,0.0,0.0,ATP.,None of the provided options,True,True,C->W,failure_to_adapt_chose_distractor
mmlu::college_medicine-152,mmlu,fixed_pos,correctness,True,True,True,True,True,0.0,3.0,ATP.,ATP.,0.0,3.0,ATP.,ATP.,True,False,C->C,
mmlu::college_medicine-152,mmlu,incorrect,inversion,True,True,True,True,True,0.0,0.0,ATP.,ATP.,0.0,,ATP.,,False,False,C->C,successful_adaptation
mmlu::college_medicine-152,mmlu,open,open_generation,True,True,True,True,True,0.0,,ATP.,ATP.,0.0,0.0,ATP.,ATP.,,False,C->C,
mmlu::college_medicine-152,mmlu,no_symbols,correctness,True,True,True,True,True,0.0,0.0,ATP.,ATP.,0.0,0.0,ATP.,ATP.,False,False,C->C,
mmlu::college_medicine-154,mmlu,roman_numeral,correctness,True,True,True,True,True,3.0,3.0,the cytoplasm.,the cytoplasm.,3.0,3.0,the cytoplasm.,the cytoplasm.,False,False,C->C,
mmlu::college_medicine-154,mmlu,none_of_the_provided,adaptation,True,True,True,True,False,3.0,0.0,the cytoplasm.,the mitochondria.,3.0,3.0,the cytoplasm.,None of the provided options,True,True,C->W,failure_to_adapt_chose_distractor
mmlu::college_medicine-154,mmlu,fixed_pos,correctness,True,True,True,True,True,3.0,3.0,the cytoplasm.,the cytoplasm.,3.0,3.0,the cytoplasm.,the cytoplasm.,False,False,C->C,
mmlu::college_medicine-154,mmlu,incorrect,inversion,True,True,True,True,True,3.0,3.0,the cytoplasm.,the cytoplasm.,3.0,,the cytoplasm.,,False,False,C->C,successful_adaptation
mmlu::college_medicine-154,mmlu,open,open_generation,True,False,False,True,,3.0,,the cytoplasm.,,3.0,3.0,the cytoplasm.,the cytoplasm.,,,,
mmlu::college_medicine-154,mmlu,no_symbols,correctness,True,True,True,True,True,3.0,3.0,the cytoplasm.,the cytoplasm.,3.0,3.0,the cytoplasm.,the cytoplasm.,False,False,C->C,
mmlu::college_medicine-164,mmlu,roman_numeral,correctness,True,True,True,False,True,1.0,3.0,8 m/s,6 m/s,3.0,3.0,6 m/s,6 m/s,True,True,W->C,
mmlu::college_medicine-164,mmlu,none_of_the_provided,adaptation,True,True,True,False,False,1.0,1.0,8 m/s,8 m/s,3.0,3.0,6 m/s,None of the provided options,False,False,W->W,failure_to_adapt_kept_same_distractor
mmlu::college_medicine-164,mmlu,fixed_pos,correctness,True,True,True,False,False,1.0,1.0,8 m/s,8 m/s,3.0,3.0,6 m/s,6 m/s,False,False,W->W,
mmlu::college_medicine-164,mmlu,incorrect,inversion,True,True,True,False,False,1.0,0.0,8 m/s,2 m/s,3.0,,6 m/s,,True,True,W->W,failure_to_adapt_included_gold
mmlu::college_medicine-164,mmlu,open,open_generation,True,True,True,False,True,1.0,,8 m/s,6 m/s,3.0,3.0,6 m/s,6 m/s,,True,W->C,
mmlu::college_medicine-164,mmlu,no_symbols,correctness,True,True,True,False,True,1.0,3.0,8 m/s,6 m/s,3.0,3.0,6 m/s,6 m/s,True,True,W->C,
mmlu::medical_genetics-003,mmlu,roman_numeral,correctness,True,True,True,True,True,2.0,2.0,thymine.,thymine.,2.0,2.0,thymine.,thymine.,False,False,C->C,
mmlu::medical_genetics-003,mmlu,none_of_the_provided,adaptation,True,True,True,True,False,2.0,1.0,thymine.,guanine.,2.0,2.0,thymine.,None of the provided options,True,True,C->W,failure_to_adapt_chose_distractor
mmlu::medical_genetics-003,mmlu,fixed_pos,correctness,True,True,True,True,True,2.0,3.0,thymine.,thymine.,2.0,3.0,thymine.,thymine.,True,False,C->C,
mmlu::medical_genetics-003,mmlu,incorrect,inversion,True,True,True,True,True,2.0,2.0,thymine.,thymine.,2.0,,thymine.,,False,False,C->C,successful_adaptation
mmlu::medical_genetics-003,mmlu,open,open_generation,True,True,True,True,True,2.0,,thymine.,thymine.,2.0,2.0,thymine.,thymine.,,False,C->C,
mmlu::medical_genetics-003,mmlu,no_symbols,correctness,True,True,True,True,True,2.0,2.0,thymine.,thymine.,2.0,2.0,thymine.,thymine.,False,False,C->C,
mmlu::medical_genetics-023,mmlu,roman_numeral,correctness,True,False,False,True,,0.0,,are present in the genome of many animal species,,0.0,0.0,are present in the genome of many animal species,are present in the genome of many animal species,,,,
mmlu::medical_genetics-023,mmlu,none_of_the_provided,adaptation,True,True,True,True,False,0.0,3.0,are present in the genome of many animal species,represent integration sites for transposable elements,0.0,0.0,are present in the genome of many animal species,None of the provided options,True,True,C->W,failure_to_adapt_chose_distractor
mmlu::medical_genetics-023,mmlu,fixed_pos,correctness,True,True,True,True,True,0.0,3.0,are present in the genome of many animal species,are present in the genome of many animal species,0.0,3.0,are present in the genome of many animal species,are present in the genome of many animal species,True,False,C->C,
mmlu::medical_genetics-023,mmlu,incorrect,inversion,True,True,True,True,True,0.0,0.0,are present in the genome of many animal species,are present in the genome of many animal species,0.0,,are present in the genome of many animal species,,False,False,C->C,successful_adaptation
mmlu::medical_genetics-023,mmlu,open,open_generation,True,False,False,True,,0.0,,are present in the genome of many animal species,,0.0,0.0,are present in the genome of many animal species,are present in the genome of many animal species,,,,
mmlu::medical_genetics-023,mmlu,no_symbols,correctness,True,True,True,True,True,0.0,0.0,are present in the genome of many animal species,are present in the genome of many animal species,0.0,0.0,are present in the genome of many animal species,are present in the genome of many animal species,False,False,C->C,
mmlu::medical_genetics-063,mmlu,roman_numeral,correctness,True,True,True,True,True,2.0,2.0,a bacterial chromosome with the F factor inserted,a bacterial chromosome with the F factor inserted,2.0,2.0,a bacterial chromosome with the F factor inserted,a bacterial chromosome with the F factor inserted,False,False,C->C,
mmlu::medical_genetics-063,mmlu,none_of_the_provided,adaptation,True,True,True,True,True,2.0,2.0,a bacterial chromosome with the F factor inserted,None of the provided options,2.0,2.0,a bacterial chromosome with the F factor inserted,None of the provided options,False,True,C->C,successful_adaptation
mmlu::medical_genetics-063,mmlu,fixed_pos,correctness,True,True,True,True,True,2.0,3.0,a bacterial chromosome with the F factor inserted,a bacterial chromosome with the F factor inserted,2.0,3.0,a bacterial chromosome with the F factor inserted,a bacterial chromosome with the F factor inserted,True,False,C->C,
mmlu::medical_genetics-063,mmlu,incorrect,inversion,True,True,True,True,True,2.0,2.0,a bacterial chromosome with the F factor inserted,a bacterial chromosome with the F factor inserted,2.0,,a bacterial chromosome with the F factor inserted,,False,False,C->C,successful_adaptation
mmlu::medical_genetics-063,mmlu,open,open_generation,True,False,False,True,,2.0,,a bacterial chromosome with the F factor inserted,,2.0,2.0,a bacterial chromosome with the F factor inserted,a bacterial chromosome with the F factor inserted,,,,
mmlu::medical_genetics-063,mmlu,no_symbols,correctness,True,True,True,True,True,2.0,2.0,a bacterial chromosome with the F factor inserted,a bacterial chromosome with the F factor inserted,2.0,2.0,a bacterial chromosome with the F factor inserted,a bacterial chromosome with the F factor inserted,False,False,C->C,
mmlu::medical_genetics-078,mmlu,roman_numeral,correctness,True,True,True,True,True,0.0,0.0,Intron,Intron,0.0,0.0,Intron,Intron,False,False,C->C,
mmlu::medical_genetics-078,mmlu,none_of_the_provided,adaptation,True,True,True,True,True,0.0,0.0,Intron,None of the provided options,0.0,0.0,Intron,None of the provided options,False,True,C->C,successful_adaptation
mmlu::medical_genetics-078,mmlu,fixed_pos,correctness,True,True,True,True,True,0.0,3.0,Intron,Intron,0.0,3.0,Intron,Intron,True,False,C->C,
mmlu::medical_genetics-078,mmlu,incorrect,inversion,True,True,True,True,True,0.0,0.0,Intron,Intron,0.0,,Intron,,False,False,C->C,successful_adaptation
mmlu::medical_genetics-078,mmlu,open,open_generation,True,False,False,True,,0.0,,Intron,,0.0,0.0,Intron,Intron,,,,
mmlu::medical_genetics-078,mmlu,no_symbols,correctness,True,True,True,True,True,0.0,0.0,Intron,Intron,0.0,0.0,Intron,Intron,False,False,C->C,
mmlu::medical_genetics-098,mmlu,roman_numeral,correctness,True,True,True,True,True,0.0,0.0,differences in gene expression which may establish a pattern in the embryo as the cells divide,differences in gene expression which may establish a pattern in the embryo as the cells divide,0.0,0.0,differences in gene expression which may establish a pattern in the embryo as the cells divide,differences in gene expression which may establish a pattern in the embryo as the cells divide,False,False,C->C,
mmlu::medical_genetics-098,mmlu,none_of_the_provided,adaptation,True,True,True,True,False,0.0,1.0,differences in gene expression which may establish a pattern in the embryo as the cells divide,amplification of specific genes during development,0.0,0.0,differences in gene expression which may establish a pattern in the embryo as the cells divide,None of the provided options,True,True,C->W,failure_to_adapt_chose_distractor
mmlu::medical_genetics-098,mmlu,fixed_pos,correctness,True,True,True,True,True,0.0,3.0,differences in gene expression which may establish a pattern in the embryo as the cells divide,differences in gene expression which may establish a pattern in the embryo as the cells divide,0.0,3.0,differences in gene expression which may establish a pattern in the embryo as the cells divide,differences in gene expression which may establish a pattern in the embryo as the cells divide,True,False,C->C,
mmlu::medical_genetics-098,mmlu,incorrect,inversion,True,True,True,True,True,0.0,0.0,differences in gene expression which may establish a pattern in the embryo as the cells divide,differences in gene expression which may establish a pattern in the embryo as the cells divide,0.0,,differences in gene expression which may establish a pattern in the embryo as the cells divide,,False,False,C->C,successful_adaptation
mmlu::medical_genetics-098,mmlu,open,open_generation,True,False,False,True,,0.0,,differences in gene expression which may establish a pattern in the embryo as the cells divide,,0.0,0.0,differences in gene expression which may establish a pattern in the embryo as the cells divide,differences in gene expression which may establish a pattern in the embryo as the cells divide,,,,
mmlu::medical_genetics-098,mmlu,no_symbols,correctness,True,True,True,True,True,0.0,0.0,differences in gene expression which may establish a pattern in the embryo as the cells divide,differences in gene expression which may establish a pattern in the embryo as the cells divide,0.0,0.0,differences in gene expression which may establish a pattern in the embryo as the cells divide,differences in gene expression which may establish a pattern in the embryo as the cells divide,False,False,C->C,
mmlu::professional_medicine-015,mmlu,roman_numeral,correctness,True,True,True,True,True,1.0,1.0,Ask the patient to provide a narrative with detailed description of the incident and of his symptoms,Ask the patient to provide a narrative with detailed description of the incident and of his symptoms,1.0,1.0,Ask the patient to provide a narrative with detailed description of the incident and of his symptoms,Ask the patient to provide a narrative with detailed description of the incident and of his symptoms,False,False,C->C,
mmlu::professional_medicine-015,mmlu,none_of_the_provided,adaptation,True,True,True,True,False,1.0,3.0,Ask the patient to provide a narrative with detailed description of the incident and of his symptoms,Interview the patient while paying close attention to his willingness to make eye contact,1.0,1.0,Ask the patient to provide a narrative with detailed description of the incident and of his symptoms,None of the provided options,True,True,C->W,failure_to_adapt_chose_distractor
mmlu::professional_medicine-015,mmlu,fixed_pos,correctness,True,True,True,True,True,1.0,3.0,Ask the patient to provide a narrative with detailed description of the incident and of his symptoms,Ask the patient to provide a narrative with detailed description of the incident and of his symptoms,1.0,3.0,Ask the patient to provide a narrative with detailed description of the incident and of his symptoms,Ask the patient to provide a narrative with detailed description of the incident and of his symptoms,True,False,C->C,
mmlu::professional_medicine-015,mmlu,incorrect,inversion,True,True,True,True,False,1.0,0.0,Ask the patient to provide a narrative with detailed description of the incident and of his symptoms,Administer amobarbital and then interview the patient,1.0,,Ask the patient to provide a narrative with detailed description of the incident and of his symptoms,,True,True,C->W,failure_to_adapt_included_gold
mmlu::professional_medicine-015,mmlu,open,open_generation,True,False,False,True,,1.0,,Ask the patient to provide a narrative with detailed description of the incident and of his symptoms,,1.0,1.0,Ask the patient to provide a narrative with detailed description of the incident and of his symptoms,Ask the patient to provide a narrative with detailed description of the incident and of his symptoms,,,,
mmlu::professional_medicine-015,mmlu,no_symbols,correctness,True,True,True,True,True,1.0,1.0,Ask the patient to provide a narrative with detailed description of the incident and of his symptoms,Ask the patient to provide a narrative with detailed description of the incident and of his symptoms,1.0,1.0,Ask the patient to provide a narrative with detailed description of the incident and of his symptoms,Ask the patient to provide a narrative with detailed description of the incident and of his symptoms,False,False,C->C,
mmlu::professional_medicine-017,mmlu,roman_numeral,correctness,True,True,True,True,True,1.0,1.0,Polymerase chain reaction,Polymerase chain reaction,1.0,1.0,Polymerase chain reaction,Polymerase chain reaction,False,False,C->C,
mmlu::professional_medicine-017,mmlu,none_of_the_provided,adaptation,True,True,True,True,False,1.0,3.0,Polymerase chain reaction,Southern blotting,1.0,1.0,Polymerase chain reaction,None of the provided options,True,True,C->W,failure_to_adapt_chose_distractor
mmlu::professional_medicine-017,mmlu,fixed_pos,correctness,True,True,True,True,True,1.0,3.0,Polymerase chain reaction,Polymerase chain reaction,1.0,3.0,Polymerase chain reaction,Polymerase chain reaction,True,False,C->C,
mmlu::professional_medicine-017,mmlu,incorrect,inversion,True,True,True,True,False,1.0,0.0,Polymerase chain reaction,Northern blotting,1.0,,Polymerase chain reaction,,True,True,C->W,failure_to_adapt_included_gold
mmlu::professional_medicine-017,mmlu,open,open_generation,True,True,True,True,True,1.0,,Polymerase chain reaction,Polymerase chain reaction,1.0,1.0,Polymerase chain reaction,Polymerase chain reaction,,False,C->C,
mmlu::professional_medicine-017,mmlu,no_symbols,correctness,True,True,True,True,True,1.0,1.0,Polymerase chain reaction,Polymerase chain reaction,1.0,1.0,Polymerase chain reaction,Polymerase chain reaction,False,False,C->C,
mmlu::professional_medicine-037,mmlu,roman_numeral,correctness,True,True,True,False,False,2.0,2.0,Mycobacterium avium-intracellulare complex,Mycobacterium avium-intracellulare complex,0.0,0.0,Cryptosporidium parvum,Cryptosporidium parvum,False,False,W->W,
mmlu::professional_medicine-037,mmlu,none_of_the_provided,adaptation,True,True,True,False,False,2.0,2.0,Mycobacterium avium-intracellulare complex,Mycobacterium avium-intracellulare complex,0.0,0.0,Cryptosporidium parvum,None of the provided options,False,False,W->W,failure_to_adapt_kept_same_distractor
mmlu::professional_medicine-037,mmlu,fixed_pos,correctness,True,True,True,False,False,2.0,2.0,Mycobacterium avium-intracellulare complex,Mycobacterium avium-intracellulare complex,0.0,3.0,Cryptosporidium parvum,Cryptosporidium parvum,False,False,W->W,
mmlu::professional_medicine-037,mmlu,incorrect,inversion,True,True,True,False,False,2.0,2.0,Mycobacterium avium-intracellulare complex,Mycobacterium avium-intracellulare complex,0.0,,Cryptosporidium parvum,,False,False,W->W,failure_to_adapt_included_gold
mmlu::professional_medicine-037,mmlu,open,open_generation,True,True,True,False,True,2.0,,Mycobacterium avium-intracellulare complex,Cryptosporidium parvum,0.0,0.0,Cryptosporidium parvum,Cryptosporidium parvum,,True,W->C,
mmlu::professional_medicine-037,mmlu,no_symbols,correctness,True,True,True,False,False,2.0,2.0,Mycobacterium avium-intracellulare complex,Mycobacterium avium-intracellulare complex,0.0,0.0,Cryptosporidium parvum,Cryptosporidium parvum,False,False,W->W,
mmlu::professional_medicine-102,mmlu,roman_numeral,correctness,True,True,True,True,True,2.0,2.0,Optic nerve,Optic nerve,2.0,2.0,Optic nerve,Optic nerve,False,False,C->C,
mmlu::professional_medicine-102,mmlu,none_of_the_provided,adaptation,True,True,True,True,False,2.0,0.0,Optic nerve,Medial longitudinal fasciculus,2.0,2.0,Optic nerve,None of the provided options,True,True,C->W,failure_to_adapt_chose_distractor
mmlu::professional_medicine-102,mmlu,fixed_pos,correctness,True,True,True,True,True,2.0,3.0,Optic nerve,Optic nerve,2.0,3.0,Optic nerve,Optic nerve,True,False,C->C,
mmlu::professional_medicine-102,mmlu,incorrect,inversion,True,True,True,True,True,2.0,2.0,Optic nerve,Optic nerve,2.0,,Optic nerve,,False,False,C->C,successful_adaptation
mmlu::professional_medicine-102,mmlu,open,open_generation,True,True,True,True,True,2.0,,Optic nerve,Optic nerve,2.0,2.0,Optic nerve,Optic nerve,,False,C->C,
mmlu::professional_medicine-102,mmlu,no_symbols,correctness,True,True,True,True,True,2.0,2.0,Optic nerve,Optic nerve,2.0,2.0,Optic nerve,Optic nerve,False,False,C->C,
mmlu::professional_medicine-105,mmlu,roman_numeral,correctness,True,True,True,True,True,2.0,2.0,Smoking cessation program,Smoking cessation program,2.0,2.0,Smoking cessation program,Smoking cessation program,False,False,C->C,
mmlu::professional_medicine-105,mmlu,none_of_the_provided,adaptation,True,True,True,True,False,2.0,0.0,Smoking cessation program,Biofeedback-based stress reduction program,2.0,2.0,Smoking cessation program,None of the provided options,True,True,C->W,failure_to_adapt_chose_distractor
mmlu::professional_medicine-105,mmlu,fixed_pos,correctness,True,True,True,True,True,2.0,3.0,Smoking cessation program,Smoking cessation program,2.0,3.0,Smoking cessation program,Smoking cessation program,True,False,C->C,
mmlu::professional_medicine-105,mmlu,incorrect,inversion,True,True,True,True,True,2.0,2.0,Smoking cessation program,Smoking cessation program,2.0,,Smoking cessation program,,False,False,C->C,successful_adaptation
mmlu::professional_medicine-105,mmlu,open,open_generation,True,False,False,True,,2.0,,Smoking cessation program,,2.0,2.0,Smoking cessation program,Smoking cessation program,,,,
mmlu::professional_medicine-105,mmlu,no_symbols,correctness,True,True,True,True,True,2.0,2.0,Smoking cessation program,Smoking cessation program,2.0,2.0,Smoking cessation program,Smoking cessation program,False,False,C->C,
mmlu::professional_medicine-116,mmlu,roman_numeral,correctness,True,True,True,True,True,1.0,1.0,Chvostek sign,Chvostek sign,1.0,1.0,Chvostek sign,Chvostek sign,False,False,C->C,
mmlu::professional_medicine-116,mmlu,none_of_the_provided,adaptation,True,True,True,True,False,1.0,2.0,Chvostek sign,Deviation of the tongue to the left side,1.0,1.0,Chvostek sign,None of the provided options,True,True,C->W,failure_to_adapt_chose_distractor
mmlu::professional_medicine-116,mmlu,fixed_pos,correctness,True,True,True,True,True,1.0,3.0,Chvostek sign,Chvostek sign,1.0,3.0,Chvostek sign,Chvostek sign,True,False,C->C,
mmlu::professional_medicine-116,mmlu,incorrect,inversion,True,True,True,True,False,1.0,0.0,Chvostek sign,Babinski sign present bilaterally,1.0,,Chvostek sign,,True,True,C->W,failure_to_adapt_included_gold
mmlu::professional_medicine-116,mmlu,open,open_generation,True,False,False,True,,1.0,,Chvostek sign,,1.0,1.0,Chvostek sign,Chvostek sign,,,,
mmlu::professional_medicine-116,mmlu,no_symbols,correctness,True,True,True,True,True,1.0,1.0,Chvostek sign,Chvostek sign,1.0,1.0,Chvostek sign,Chvostek sign,False,False,C->C,
mmlu::professional_medicine-146,mmlu,roman_numeral,correctness,True,True,True,True,True,1.0,1.0,indirect myofascial release,indirect myofascial release,1.0,1.0,indirect myofascial release,indirect myofascial release,False,False,C->C,
mmlu::professional_medicine-146,mmlu,none_of_the_provided,adaptation,True,True,True,True,False,1.0,3.0,indirect myofascial release,"mid velocity, mid amplitude",1.0,1.0,indirect myofascial release,None of the provided options,True,True,C->W,failure_to_adapt_chose_distractor
mmlu::professional_medicine-146,mmlu,fixed_pos,correctness,True,True,True,True,False,1.0,1.0,indirect myofascial release,"mid velocity, mid amplitude",1.0,3.0,indirect myofascial release,indirect myofascial release,False,True,C->W,
mmlu::professional_medicine-146,mmlu,incorrect,inversion,True,True,True,True,False,1.0,0.0,indirect myofascial release,"high velocity, low amplitude",1.0,,indirect myofascial release,,True,True,C->W,failure_to_adapt_included_gold
mmlu::professional_medicine-146,mmlu,open,open_generation,True,False,False,True,,1.0,,indirect myofascial release,,1.0,1.0,indirect myofascial release,indirect myofascial release,,,,
mmlu::professional_medicine-146,mmlu,no_symbols,correctness,True,True,True,True,True,1.0,1.0,indirect myofascial release,indirect myofascial release,1.0,1.0,indirect myofascial release,indirect myofascial release,False,False,C->C,
mmlu::professional_medicine-148,mmlu,roman_numeral,correctness,True,True,True,False,False,2.0,2.0,KOH preparation,KOH preparation,3.0,3.0,Microscopic examination of the stool,Microscopic examination of the stool,False,False,W->W,
mmlu::professional_medicine-148,mmlu,none_of_the_provided,adaptation,True,True,True,False,False,2.0,2.0,KOH preparation,KOH preparation,3.0,3.0,Microscopic examination of the stool,None of the provided options,False,False,W->W,failure_to_adapt_kept_same_distractor
mmlu::professional_medicine-148,mmlu,fixed_pos,correctness,True,True,True,False,False,2.0,2.0,KOH preparation,KOH preparation,3.0,3.0,Microscopic examination of the stool,Microscopic examination of the stool,False,False,W->W,
mmlu::professional_medicine-148,mmlu,incorrect,inversion,True,True,True,False,False,2.0,,KOH preparation,,3.0,,Microscopic examination of the stool,,,,W->W,failure_to_adapt_wrong_set_size
mmlu::professional_medicine-148,mmlu,open,open_generation,True,False,False,False,,2.0,,KOH preparation,,3.0,3.0,Microscopic examination of the stool,Microscopic examination of the stool,,,,
mmlu::professional_medicine-148,mmlu,no_symbols,correctness,True,True,True,False,True,2.0,3.0,KOH preparation,Microscopic examination of the stool,3.0,3.0,Microscopic examination of the stool,Microscopic examination of the stool,True,True,W->C,
mmlu::professional_medicine-153,mmlu,roman_numeral,correctness,True,True,True,True,True,3.0,3.0,Systemic sclerosis (scleroderma),Systemic sclerosis (scleroderma),3.0,3.0,Systemic sclerosis (scleroderma),Systemic sclerosis (scleroderma),False,False,C->C,
mmlu::professional_medicine-153,mmlu,none_of_the_provided,adaptation,True,True,True,True,False,3.0,1.0,Systemic sclerosis (scleroderma),Progressive supranuclear palsy,3.0,3.0,Systemic sclerosis (scleroderma),None of the provided options,True,True,C->W,failure_to_adapt_chose_distractor
mmlu::professional_medicine-153,mmlu,fixed_pos,correctness,True,True,True,True,True,3.0,3.0,Systemic sclerosis (scleroderma),Systemic sclerosis (scleroderma),3.0,3.0,Systemic sclerosis (scleroderma),Systemic sclerosis (scleroderma),False,False,C->C,
mmlu::professional_medicine-153,mmlu,incorrect,inversion,True,True,True,True,False,3.0,1.0,Systemic sclerosis (scleroderma),Progressive supranuclear palsy,3.0,,Systemic sclerosis (scleroderma),,True,True,C->W,failure_to_adapt_included_gold
mmlu::professional_medicine-153,mmlu,open,open_generation,True,False,False,True,,3.0,,Systemic sclerosis (scleroderma),,3.0,3.0,Systemic sclerosis (scleroderma),Systemic sclerosis (scleroderma),,,,
mmlu::professional_medicine-153,mmlu,no_symbols,correctness,True,True,True,True,True,3.0,3.0,Systemic sclerosis (scleroderma),Systemic sclerosis (scleroderma),3.0,3.0,Systemic sclerosis (scleroderma),Systemic sclerosis (scleroderma),False,False,C->C,
mmlu::professional_medicine-156,mmlu,roman_numeral,correctness,True,True,True,False,False,1.0,1.0,Meconium aspiration syndrome,Meconium aspiration syndrome,3.0,3.0,Transient tachypnea of newborn,Transient tachypnea of newborn,False,False,W->W,
mmlu::professional_medicine-156,mmlu,none_of_the_provided,adaptation,True,True,True,False,False,1.0,1.0,Meconium aspiration syndrome,Meconium aspiration syndrome,3.0,3.0,Transient tachypnea of newborn,None of the provided options,False,False,W->W,failure_to_adapt_kept_same_distractor
mmlu::professional_medicine-156,mmlu,fixed_pos,correctness,True,True,True,False,False,1.0,1.0,Meconium aspiration syndrome,Meconium aspiration syndrome,3.0,3.0,Transient tachypnea of newborn,Transient tachypnea of newborn,False,False,W->W,
mmlu::professional_medicine-156,mmlu,incorrect,inversion,True,True,True,False,False,1.0,1.0,Meconium aspiration syndrome,Meconium aspiration syndrome,3.0,,Transient tachypnea of newborn,,False,False,W->W,failure_to_adapt_included_gold
mmlu::professional_medicine-156,mmlu,open,open_generation,True,True,True,False,False,1.0,,Meconium aspiration syndrome,Respiratory distress syndrome,3.0,3.0,Transient tachypnea of newborn,Transient tachypnea of newborn,,True,W->W,
mmlu::professional_medicine-156,mmlu,no_symbols,correctness,True,True,True,False,False,1.0,1.0,Meconium aspiration syndrome,Meconium aspiration syndrome,3.0,3.0,Transient tachypnea of newborn,Transient tachypnea of newborn,False,False,W->W,
mmlu::professional_medicine-167,mmlu,roman_numeral,correctness,True,True,True,True,True,3.0,3.0,Mediation of cell entry via a fusion protein,Mediation of cell entry via a fusion protein,3.0,3.0,Mediation of cell entry via a fusion protein,Mediation of cell entry via a fusion protein,False,False,C->C,
mmlu::professional_medicine-167,mmlu,none_of_the_provided,adaptation,True,True,True,True,False,3.0,0.0,Mediation of cell entry via a fusion protein,DNA genome,3.0,3.0,Mediation of cell entry via a fusion protein,None of the provided options,True,True,C->W,failure_to_adapt_chose_distractor
mmlu::professional_medicine-167,mmlu,fixed_pos,correctness,True,True,True,True,True,3.0,3.0,Mediation of cell entry via a fusion protein,Mediation of cell entry via a fusion protein,3.0,3.0,Mediation of cell entry via a fusion protein,Mediation of cell entry via a fusion protein,False,False,C->C,
mmlu::professional_medicine-167,mmlu,incorrect,inversion,True,True,True,True,False,3.0,,Mediation of cell entry via a fusion protein,,3.0,,Mediation of cell entry via a fusion protein,,,,C->W,failure_to_adapt_wrong_set_size
mmlu::professional_medicine-167,mmlu,open,open_generation,True,False,False,True,,3.0,,Mediation of cell entry via a fusion protein,,3.0,3.0,Mediation of cell entry via a fusion protein,Mediation of cell entry via a fusion protein,,,,
mmlu::professional_medicine-167,mmlu,no_symbols,correctness,True,True,True,True,True,3.0,3.0,Mediation of cell entry via a fusion protein,Mediation of cell entry via a fusion protein,3.0,3.0,Mediation of cell entry via a fusion protein,Mediation of cell entry via a fusion protein,False,False,C->C,
mmlu::professional_medicine-197,mmlu,roman_numeral,correctness,True,True,True,True,True,0.0,0.0,Decreasing myocardial contractility,Decreasing myocardial contractility,0.0,0.0,Decreasing myocardial contractility,Decreasing myocardial contractility,False,False,C->C,
mmlu::professional_medicine-197,mmlu,none_of_the_provided,adaptation,True,True,True,True,False,0.0,2.0,Decreasing myocardial contractility,Peripheral vasodilation,0.0,0.0,Decreasing myocardial contractility,None of the provided options,True,True,C->W,failure_to_adapt_chose_distractor
mmlu::professional_medicine-197,mmlu,fixed_pos,correctness,True,True,True,True,True,0.0,3.0,Decreasing myocardial contractility,Decreasing myocardial contractility,0.0,3.0,Decreasing myocardial contractility,Decreasing myocardial contractility,True,False,C->C,
mmlu::professional_medicine-197,mmlu,incorrect,inversion,True,True,True,True,False,0.0,3.0,Decreasing myocardial contractility,Preventing fibrin and platelet plugs,0.0,,Decreasing myocardial contractility,,True,True,C->W,failure_to_adapt_included_gold
mmlu::professional_medicine-197,mmlu,open,open_generation,True,False,False,True,,0.0,,Decreasing myocardial contractility,,0.0,0.0,Decreasing myocardial contractility,Decreasing myocardial contractility,,,,
mmlu::professional_medicine-197,mmlu,no_symbols,correctness,True,True,True,True,True,0.0,0.0,Decreasing myocardial contractility,Decreasing myocardial contractility,0.0,0.0,Decreasing myocardial contractility,Decreasing myocardial contractility,False,False,C->C,
mmlu::professional_medicine-206,mmlu,roman_numeral,correctness,True,True,True,True,True,3.0,3.0,Begin ganciclovir therapy,Begin ganciclovir therapy,3.0,3.0,Begin ganciclovir therapy,Begin ganciclovir therapy,False,False,C->C,
mmlu::professional_medicine-206,mmlu,none_of_the_provided,adaptation,True,True,True,True,False,3.0,2.0,Begin ganciclovir therapy,Begin amphotericin therapy,3.0,3.0,Begin ganciclovir therapy,None of the provided options,True,True,C->W,failure_to_adapt_chose_distractor
mmlu::professional_medicine-206,mmlu,fixed_pos,correctness,True,True,True,True,True,3.0,3.0,Begin ganciclovir therapy,Begin ganciclovir therapy,3.0,3.0,Begin ganciclovir therapy,Begin ganciclovir therapy,False,False,C->C,
mmlu::professional_medicine-206,mmlu,incorrect,inversion,True,True,True,True,True,3.0,3.0,Begin ganciclovir therapy,Begin ganciclovir therapy,3.0,,Begin ganciclovir therapy,,False,False,C->C,successful_adaptation
mmlu::professional_medicine-206,mmlu,open,open_generation,True,False,False,True,,3.0,,Begin ganciclovir therapy,,3.0,3.0,Begin ganciclovir therapy,Begin ganciclovir therapy,,,,
mmlu::professional_medicine-206,mmlu,no_symbols,correctness,True,True,True,True,True,3.0,3.0,Begin ganciclovir therapy,Begin ganciclovir therapy,3.0,3.0,Begin ganciclovir therapy,Begin ganciclovir therapy,False,False,C->C,
mmlu::professional_medicine-225,mmlu,roman_numeral,correctness,True,True,True,True,True,3.0,3.0,vanillylmandelic acid,vanillylmandelic acid,3.0,3.0,vanillylmandelic acid,vanillylmandelic acid,False,False,C->C,
mmlu::professional_medicine-225,mmlu,none_of_the_provided,adaptation,True,True,True,True,False,3.0,0.0,vanillylmandelic acid,cortisol,3.0,3.0,vanillylmandelic acid,None of the provided options,True,True,C->W,failure_to_adapt_chose_distractor
mmlu::professional_medicine-225,mmlu,fixed_pos,correctness,True,True,True,True,True,3.0,3.0,vanillylmandelic acid,vanillylmandelic acid,3.0,3.0,vanillylmandelic acid,vanillylmandelic acid,False,False,C->C,
mmlu::professional_medicine-225,mmlu,incorrect,inversion,True,True,True,True,True,3.0,3.0,vanillylmandelic acid,vanillylmandelic acid,3.0,,vanillylmandelic acid,,False,False,C->C,successful_adaptation
mmlu::professional_medicine-225,mmlu,open,open_generation,True,True,True,True,True,3.0,,vanillylmandelic acid,vanillylmandelic acid,3.0,3.0,vanillylmandelic acid,vanillylmandelic acid,,False,C->C,
mmlu::professional_medicine-225,mmlu,no_symbols,correctness,True,True,True,True,True,3.0,3.0,vanillylmandelic acid,vanillylmandelic acid,3.0,3.0,vanillylmandelic acid,vanillylmandelic acid,False,False,C->C,
mmlu::professional_medicine-235,mmlu,roman_numeral,correctness,True,True,True,False,False,3.0,1.0,Transfer to a burn center,Psychiatric consultation,0.0,0.0,Incision and drainage,Incision and drainage,True,True,W->W,
mmlu::professional_medicine-235,mmlu,none_of_the_provided,adaptation,True,True,True,False,False,3.0,3.0,Transfer to a burn center,Transfer to a burn center,0.0,0.0,Incision and drainage,None of the provided options,False,False,W->W,failure_to_adapt_kept_same_distractor
mmlu::professional_medicine-235,mmlu,fixed_pos,correctness,True,True,True,False,True,3.0,3.0,Transfer to a burn center,Incision and drainage,0.0,3.0,Incision and drainage,Incision and drainage,False,True,W->C,
mmlu::professional_medicine-235,mmlu,incorrect,inversion,True,True,True,False,False,3.0,1.0,Transfer to a burn center,Psychiatric consultation,0.0,,Incision and drainage,,True,True,W->W,failure_to_adapt_included_gold
mmlu::professional_medicine-235,mmlu,open,open_generation,True,False,False,False,,3.0,,Transfer to a burn center,,0.0,0.0,Incision and drainage,Incision and drainage,,,,
mmlu::professional_medicine-235,mmlu,no_symbols,correctness,True,True,True,False,False,3.0,3.0,Transfer to a burn center,Transfer to a burn center,0.0,0.0,Incision and drainage,Incision and drainage,False,False,W->W,
mmlu::professional_medicine-267,mmlu,roman_numeral,correctness,True,True,True,True,True,0.0,0.0,amyotrophic lateral sclerosis,amyotrophic lateral sclerosis,0.0,0.0,amyotrophic lateral sclerosis,amyotrophic lateral sclerosis,False,False,C->C,
mmlu::professional_medicine-267,mmlu,none_of_the_provided,adaptation,True,True,True,True,False,0.0,1.0,amyotrophic lateral sclerosis,Friedreich ataxia,0.0,0.0,amyotrophic lateral sclerosis,None of the provided options,True,True,C->W,failure_to_adapt_chose_distractor
mmlu::professional_medicine-267,mmlu,fixed_pos,correctness,True,True,True,True,True,0.0,3.0,amyotrophic lateral sclerosis,amyotrophic lateral sclerosis,0.0,3.0,amyotrophic lateral sclerosis,amyotrophic lateral sclerosis,True,False,C->C,
mmlu::professional_medicine-267,mmlu,incorrect,inversion,True,True,True,True,True,0.0,0.0,amyotrophic lateral sclerosis,amyotrophic lateral sclerosis,0.0,,amyotrophic lateral sclerosis,,False,False,C->C,successful_adaptation
mmlu::professional_medicine-267,mmlu,open,open_generation,True,True,True,True,True,0.0,,amyotrophic lateral sclerosis,amyotrophic lateral sclerosis,0.0,0.0,amyotrophic lateral sclerosis,amyotrophic lateral sclerosis,,False,C->C,
mmlu::professional_medicine-267,mmlu,no_symbols,correctness,True,True,True,True,True,0.0,0.0,amyotrophic lateral sclerosis,amyotrophic lateral sclerosis,0.0,0.0,amyotrophic lateral sclerosis,amyotrophic lateral sclerosis,False,False,C->C,
